Countries Code,Countries,Age (17 categories) Code,Age (17 categories),Ethnic group (6 categories) Code,Ethnic group (6 categories),Highest level of qualification (7 categories) Code,Highest level of qualification (7 categories),Sex (2 categories) Code,Sex (2 categories),Observation
E92000001,England,1,Aged 15 years and under,-8,Does not apply,-8,Does not apply,1,Female,0
E92000001,England,1,Aged 15 years and under,-8,Does not apply,-8,Does not apply,2,Male,0
E92000001,England,1,Aged 15 years and under,-8,Does not apply,0,No qualifications,1,Female,0
E92000001,England,1,Aged 15 years and under,-8,Does not apply,0,No qualifications,2,Male,0
E92000001,England,1,Aged 15 years and under,-8,Does not apply,1,"Level 1 and entry level qualifications: 1 to 4 GCSEs grade A* to C, Any GCSEs at other grades, O levels or CSEs (any grades), 1 AS level, NVQ level 1, Foundation GNVQ, Basic or Essential Skills",1,Female,0
E92000001,England,1,Aged 15 years and under,-8,Does not apply,1,"Level 1 and entry level qualifications: 1 to 4 GCSEs grade A* to C, Any GCSEs at other grades, O levels or CSEs (any grades), 1 AS level, NVQ level 1, Foundation GNVQ, Basic or Essential Skills",2,Male,0
E92000001,England,1,Aged 15 years and under,-8,Does not apply,2,"Level 2 qualifications: 5 or more GCSEs (A* to C or 9 to 4), O levels (passes), CSEs (grade 1), School Certification, 1 A level, 2 to 3 AS levels, VCEs, Intermediate or Higher Diploma, Welsh Baccalaureate Intermediate Diploma, NVQ level 2, Intermediate GNVQ, City and Guilds Craft, BTEC First or General Diploma, RSA Diploma",1,Female,0
E92000001,England,1,Aged 15 years and under,-8,Does not apply,2,"Level 2 qualifications: 5 or more GCSEs (A* to C or 9 to 4), O levels (passes), CSEs (grade 1), School Certification, 1 A level, 2 to 3 AS levels, VCEs, Intermediate or Higher Diploma, Welsh Baccalaureate Intermediate Diploma, NVQ level 2, Intermediate GNVQ, City and Guilds Craft, BTEC First or General Diploma, RSA Diploma",2,Male,0
E92000001,England,1,Aged 15 years and under,-8,Does not apply,3,"Level 3 qualifications: 2 or more A levels or VCEs, 4 or more AS levels, Higher School Certificate, Progression or Advanced Diploma, Welsh Baccalaureate Advance Diploma, NVQ level 3; Advanced GNVQ, City and Guilds Advanced Craft, ONC, OND, BTEC National, RSA Advanced Diploma",1,Female,0
E92000001,England,1,Aged 15 years and under,-8,Does not apply,3,"Level 3 qualifications: 2 or more A levels or VCEs, 4 or more AS levels, Higher School Certificate, Progression or Advanced Diploma, Welsh Baccalaureate Advance Diploma, NVQ level 3; Advanced GNVQ, City and Guilds Advanced Craft, ONC, OND, BTEC National, RSA Advanced Diploma",2,Male,0
E92000001,England,1,Aged 15 years and under,-8,Does not apply,4,"Level 4 qualifications or above: degree (BA, BSc), higher degree (MA, PhD, PGCE), NVQ level 4 to 5, HNC, HND, RSA Higher Diploma, BTEC Higher level, professional qualifications (for example, teaching, nursing, accountancy)",1,Female,0
E92000001,England,1,Aged 15 years and under,-8,Does not apply,4,"Level 4 qualifications or above: degree (BA, BSc), higher degree (MA, PhD, PGCE), NVQ level 4 to 5, HNC, HND, RSA Higher Diploma, BTEC Higher level, professional qualifications (for example, teaching, nursing, accountancy)",2,Male,0
E92000001,England,1,Aged 15 years and under,-8,Does not apply,5,"Other: apprenticeships, vocational or work-related qualifications, other qualifications achieved in England or Wales, qualifications achieved outside England or Wales (equivalent not stated or unknown)",1,Female,0
E92000001,England,1,Aged 15 years and under,-8,Does not apply,5,"Other: apprenticeships, vocational or work-related qualifications, other qualifications achieved in England or Wales, qualifications achieved outside England or Wales (equivalent not stated or unknown)",2,Male,0
E92000001,England,1,Aged 15 years and under,1,"Asian, Asian British or Asian Welsh",-8,Does not apply,1,Female,629775
E92000001,England,1,Aged 15 years and under,1,"Asian, Asian British or Asian Welsh",-8,Does not apply,2,Male,656246
E92000001,England,1,Aged 15 years and under,1,"Asian, Asian British or Asian Welsh",0,No qualifications,1,Female,0
E92000001,England,1,Aged 15 years and under,1,"Asian, Asian British or Asian Welsh",0,No qualifications,2,Male,0
E92000001,England,1,Aged 15 years and under,1,"Asian, Asian British or Asian Welsh",1,"Level 1 and entry level qualifications: 1 to 4 GCSEs grade A* to C, Any GCSEs at other grades, O levels or CSEs (any grades), 1 AS level, NVQ level 1, Foundation GNVQ, Basic or Essential Skills",1,Female,0
E92000001,England,1,Aged 15 years and under,1,"Asian, Asian British or Asian Welsh",1,"Level 1 and entry level qualifications: 1 to 4 GCSEs grade A* to C, Any GCSEs at other grades, O levels or CSEs (any grades), 1 AS level, NVQ level 1, Foundation GNVQ, Basic or Essential Skills",2,Male,0
E92000001,England,1,Aged 15 years and under,1,"Asian, Asian British or Asian Welsh",2,"Level 2 qualifications: 5 or more GCSEs (A* to C or 9 to 4), O levels (passes), CSEs (grade 1), School Certification, 1 A level, 2 to 3 AS levels, VCEs, Intermediate or Higher Diploma, Welsh Baccalaureate Intermediate Diploma, NVQ level 2, Intermediate GNVQ, City and Guilds Craft, BTEC First or General Diploma, RSA Diploma",1,Female,0
E92000001,England,1,Aged 15 years and under,1,"Asian, Asian British or Asian Welsh",2,"Level 2 qualifications: 5 or more GCSEs (A* to C or 9 to 4), O levels (passes), CSEs (grade 1), School Certification, 1 A level, 2 to 3 AS levels, VCEs, Intermediate or Higher Diploma, Welsh Baccalaureate Intermediate Diploma, NVQ level 2, Intermediate GNVQ, City and Guilds Craft, BTEC First or General Diploma, RSA Diploma",2,Male,0
E92000001,England,1,Aged 15 years and under,1,"Asian, Asian British or Asian Welsh",3,"Level 3 qualifications: 2 or more A levels or VCEs, 4 or more AS levels, Higher School Certificate, Progression or Advanced Diploma, Welsh Baccalaureate Advance Diploma, NVQ level 3; Advanced GNVQ, City and Guilds Advanced Craft, ONC, OND, BTEC National, RSA Advanced Diploma",1,Female,0
E92000001,England,1,Aged 15 years and under,1,"Asian, Asian British or Asian Welsh",3,"Level 3 qualifications: 2 or more A levels or VCEs, 4 or more AS levels, Higher School Certificate, Progression or Advanced Diploma, Welsh Baccalaureate Advance Diploma, NVQ level 3; Advanced GNVQ, City and Guilds Advanced Craft, ONC, OND, BTEC National, RSA Advanced Diploma",2,Male,0
E92000001,England,1,Aged 15 years and under,1,"Asian, Asian British or Asian Welsh",4,"Level 4 qualifications or above: degree (BA, BSc), higher degree (MA, PhD, PGCE), NVQ level 4 to 5, HNC, HND, RSA Higher Diploma, BTEC Higher level, professional qualifications (for example, teaching, nursing, accountancy)",1,Female,0
E92000001,England,1,Aged 15 years and under,1,"Asian, Asian British or Asian Welsh",4,"Level 4 qualifications or above: degree (BA, BSc), higher degree (MA, PhD, PGCE), NVQ level 4 to 5, HNC, HND, RSA Higher Diploma, BTEC Higher level, professional qualifications (for example, teaching, nursing, accountancy)",2,Male,0
E92000001,England,1,Aged 15 years and under,1,"Asian, Asian British or Asian Welsh",5,"Other: apprenticeships, vocational or work-related qualifications, other qualifications achieved in England or Wales, qualifications achieved outside England or Wales (equivalent not stated or unknown)",1,Female,0
E92000001,England,1,Aged 15 years and under,1,"Asian, Asian British or Asian Welsh",5,"Other: apprenticeships, vocational or work-related qualifications, other qualifications achieved in England or Wales, qualifications achieved outside England or Wales (equivalent not stated or unknown)",2,Male,0
E92000001,England,1,Aged 15 years and under,2,"Black, Black British, Black Welsh, Caribbean or African",-8,Does not apply,1,Female,290209
E92000001,England,1,Aged 15 years and under,2,"Black, Black British, Black Welsh, Caribbean or African",-8,Does not apply,2,Male,296132
E92000001,England,1,Aged 15 years and under,2,"Black, Black British, Black Welsh, Caribbean or African",0,No qualifications,1,Female,0
E92000001,England,1,Aged 15 years and under,2,"Black, Black British, Black Welsh, Caribbean or African",0,No qualifications,2,Male,0
E92000001,England,1,Aged 15 years and under,2,"Black, Black British, Black Welsh, Caribbean or African",1,"Level 1 and entry level qualifications: 1 to 4 GCSEs grade A* to C, Any GCSEs at other grades, O levels or CSEs (any grades), 1 AS level, NVQ level 1, Foundation GNVQ, Basic or Essential Skills",1,Female,0
E92000001,England,1,Aged 15 years and under,2,"Black, Black British, Black Welsh, Caribbean or African",1,"Level 1 and entry level qualifications: 1 to 4 GCSEs grade A* to C, Any GCSEs at other grades, O levels or CSEs (any grades), 1 AS level, NVQ level 1, Foundation GNVQ, Basic or Essential Skills",2,Male,0
E92000001,England,1,Aged 15 years and under,2,"Black, Black British, Black Welsh, Caribbean or African",2,"Level 2 qualifications: 5 or more GCSEs (A* to C or 9 to 4), O levels (passes), CSEs (grade 1), School Certification, 1 A level, 2 to 3 AS levels, VCEs, Intermediate or Higher Diploma, Welsh Baccalaureate Intermediate Diploma, NVQ level 2, Intermediate GNVQ, City and Guilds Craft, BTEC First or General Diploma, RSA Diploma",1,Female,0
E92000001,England,1,Aged 15 years and under,2,"Black, Black British, Black Welsh, Caribbean or African",2,"Level 2 qualifications: 5 or more GCSEs (A* to C or 9 to 4), O levels (passes), CSEs (grade 1), School Certification, 1 A level, 2 to 3 AS levels, VCEs, Intermediate or Higher Diploma, Welsh Baccalaureate Intermediate Diploma, NVQ level 2, Intermediate GNVQ, City and Guilds Craft, BTEC First or General Diploma, RSA Diploma",2,Male,0
E92000001,England,1,Aged 15 years and under,2,"Black, Black British, Black Welsh, Caribbean or African",3,"Level 3 qualifications: 2 or more A levels or VCEs, 4 or more AS levels, Higher School Certificate, Progression or Advanced Diploma, Welsh Baccalaureate Advance Diploma, NVQ level 3; Advanced GNVQ, City and Guilds Advanced Craft, ONC, OND, BTEC National, RSA Advanced Diploma",1,Female,0
E92000001,England,1,Aged 15 years and under,2,"Black, Black British, Black Welsh, Caribbean or African",3,"Level 3 qualifications: 2 or more A levels or VCEs, 4 or more AS levels, Higher School Certificate, Progression or Advanced Diploma, Welsh Baccalaureate Advance Diploma, NVQ level 3; Advanced GNVQ, City and Guilds Advanced Craft, ONC, OND, BTEC National, RSA Advanced Diploma",2,Male,0
E92000001,England,1,Aged 15 years and under,2,"Black, Black British, Black Welsh, Caribbean or African",4,"Level 4 qualifications or above: degree (BA, BSc), higher degree (MA, PhD, PGCE), NVQ level 4 to 5, HNC, HND, RSA Higher Diploma, BTEC Higher level, professional qualifications (for example, teaching, nursing, accountancy)",1,Female,0
E92000001,England,1,Aged 15 years and under,2,"Black, Black British, Black Welsh, Caribbean or African",4,"Level 4 qualifications or above: degree (BA, BSc), higher degree (MA, PhD, PGCE), NVQ level 4 to 5, HNC, HND, RSA Higher Diploma, BTEC Higher level, professional qualifications (for example, teaching, nursing, accountancy)",2,Male,0
E92000001,England,1,Aged 15 years and under,2,"Black, Black British, Black Welsh, Caribbean or African",5,"Other: apprenticeships, vocational or work-related qualifications, other qualifications achieved in England or Wales, qualifications achieved outside England or Wales (equivalent not stated or unknown)",1,Female,0
E92000001,England,1,Aged 15 years and under,2,"Black, Black British, Black Welsh, Caribbean or African",5,"Other: apprenticeships, vocational or work-related qualifications, other qualifications achieved in England or Wales, qualifications achieved outside England or Wales (equivalent not stated or unknown)",2,Male,0
E92000001,England,1,Aged 15 years and under,3,Mixed or Multiple ethnic groups,-8,Does not apply,1,Female,357418
E92000001,England,1,Aged 15 years and under,3,Mixed or Multiple ethnic groups,-8,Does not apply,2,Male,371763
E92000001,England,1,Aged 15 years and under,3,Mixed or Multiple ethnic groups,0,No qualifications,1,Female,0
E92000001,England,1,Aged 15 years and under,3,Mixed or Multiple ethnic groups,0,No qualifications,2,Male,0
E92000001,England,1,Aged 15 years and under,3,Mixed or Multiple ethnic groups,1,"Level 1 and entry level qualifications: 1 to 4 GCSEs grade A* to C, Any GCSEs at other grades, O levels or CSEs (any grades), 1 AS level, NVQ level 1, Foundation GNVQ, Basic or Essential Skills",1,Female,0
E92000001,England,1,Aged 15 years and under,3,Mixed or Multiple ethnic groups,1,"Level 1 and entry level qualifications: 1 to 4 GCSEs grade A* to C, Any GCSEs at other grades, O levels or CSEs (any grades), 1 AS level, NVQ level 1, Foundation GNVQ, Basic or Essential Skills",2,Male,0
E92000001,England,1,Aged 15 years and under,3,Mixed or Multiple ethnic groups,2,"Level 2 qualifications: 5 or more GCSEs (A* to C or 9 to 4), O levels (passes), CSEs (grade 1), School Certification, 1 A level, 2 to 3 AS levels, VCEs, Intermediate or Higher Diploma, Welsh Baccalaureate Intermediate Diploma, NVQ level 2, Intermediate GNVQ, City and Guilds Craft, BTEC First or General Diploma, RSA Diploma",1,Female,0
E92000001,England,1,Aged 15 years and under,3,Mixed or Multiple ethnic groups,2,"Level 2 qualifications: 5 or more GCSEs (A* to C or 9 to 4), O levels (passes), CSEs (grade 1), School Certification, 1 A level, 2 to 3 AS levels, VCEs, Intermediate or Higher Diploma, Welsh Baccalaureate Intermediate Diploma, NVQ level 2, Intermediate GNVQ, City and Guilds Craft, BTEC First or General Diploma, RSA Diploma",2,Male,0
E92000001,England,1,Aged 15 years and under,3,Mixed or Multiple ethnic groups,3,"Level 3 qualifications: 2 or more A levels or VCEs, 4 or more AS levels, Higher School Certificate, Progression or Advanced Diploma, Welsh Baccalaureate Advance Diploma, NVQ level 3; Advanced GNVQ, City and Guilds Advanced Craft, ONC, OND, BTEC National, RSA Advanced Diploma",1,Female,0
E92000001,England,1,Aged 15 years and under,3,Mixed or Multiple ethnic groups,3,"Level 3 qualifications: 2 or more A levels or VCEs, 4 or more AS levels, Higher School Certificate, Progression or Advanced Diploma, Welsh Baccalaureate Advance Diploma, NVQ level 3; Advanced GNVQ, City and Guilds Advanced Craft, ONC, OND, BTEC National, RSA Advanced Diploma",2,Male,0
E92000001,England,1,Aged 15 years and under,3,Mixed or Multiple ethnic groups,4,"Level 4 qualifications or above: degree (BA, BSc), higher degree (MA, PhD, PGCE), NVQ level 4 to 5, HNC, HND, RSA Higher Diploma, BTEC Higher level, professional qualifications (for example, teaching, nursing, accountancy)",1,Female,0
E92000001,England,1,Aged 15 years and under,3,Mixed or Multiple ethnic groups,4,"Level 4 qualifications or above: degree (BA, BSc), higher degree (MA, PhD, PGCE), NVQ level 4 to 5, HNC, HND, RSA Higher Diploma, BTEC Higher level, professional qualifications (for example, teaching, nursing, accountancy)",2,Male,0
E92000001,England,1,Aged 15 years and under,3,Mixed or Multiple ethnic groups,5,"Other: apprenticeships, vocational or work-related qualifications, other qualifications achieved in England or Wales, qualifications achieved outside England or Wales (equivalent not stated or unknown)",1,Female,0
E92000001,England,1,Aged 15 years and under,3,Mixed or Multiple ethnic groups,5,"Other: apprenticeships, vocational or work-related qualifications, other qualifications achieved in England or Wales, qualifications achieved outside England or Wales (equivalent not stated or unknown)",2,Male,0
E92000001,England,1,Aged 15 years and under,4,White,-8,Does not apply,1,Female,3686449
E92000001,England,1,Aged 15 years and under,4,White,-8,Does not apply,2,Male,3883040
E92000001,England,1,Aged 15 years and under,4,White,0,No qualifications,1,Female,0
E92000001,England,1,Aged 15 years and under,4,White,0,No qualifications,2,Male,0
E92000001,England,1,Aged 15 years and under,4,White,1,"Level 1 and entry level qualifications: 1 to 4 GCSEs grade A* to C, Any GCSEs at other grades, O levels or CSEs (any grades), 1 AS level, NVQ level 1, Foundation GNVQ, Basic or Essential Skills",1,Female,0
E92000001,England,1,Aged 15 years and under,4,White,1,"Level 1 and entry level qualifications: 1 to 4 GCSEs grade A* to C, Any GCSEs at other grades, O levels or CSEs (any grades), 1 AS level, NVQ level 1, Foundation GNVQ, Basic or Essential Skills",2,Male,0
E92000001,England,1,Aged 15 years and under,4,White,2,"Level 2 qualifications: 5 or more GCSEs (A* to C or 9 to 4), O levels (passes), CSEs (grade 1), School Certification, 1 A level, 2 to 3 AS levels, VCEs, Intermediate or Higher Diploma, Welsh Baccalaureate Intermediate Diploma, NVQ level 2, Intermediate GNVQ, City and Guilds Craft, BTEC First or General Diploma, RSA Diploma",1,Female,0
E92000001,England,1,Aged 15 years and under,4,White,2,"Level 2 qualifications: 5 or more GCSEs (A* to C or 9 to 4), O levels (passes), CSEs (grade 1), School Certification, 1 A level, 2 to 3 AS levels, VCEs, Intermediate or Higher Diploma, Welsh Baccalaureate Intermediate Diploma, NVQ level 2, Intermediate GNVQ, City and Guilds Craft, BTEC First or General Diploma, RSA Diploma",2,Male,0
E92000001,England,1,Aged 15 years and under,4,White,3,"Level 3 qualifications: 2 or more A levels or VCEs, 4 or more AS levels, Higher School Certificate, Progression or Advanced Diploma, Welsh Baccalaureate Advance Diploma, NVQ level 3; Advanced GNVQ, City and Guilds Advanced Craft, ONC, OND, BTEC National, RSA Advanced Diploma",1,Female,0
E92000001,England,1,Aged 15 years and under,4,White,3,"Level 3 qualifications: 2 or more A levels or VCEs, 4 or more AS levels, Higher School Certificate, Progression or Advanced Diploma, Welsh Baccalaureate Advance Diploma, NVQ level 3; Advanced GNVQ, City and Guilds Advanced Craft, ONC, OND, BTEC National, RSA Advanced Diploma",2,Male,0
E92000001,England,1,Aged 15 years and under,4,White,4,"Level 4 qualifications or above: degree (BA, BSc), higher degree (MA, PhD, PGCE), NVQ level 4 to 5, HNC, HND, RSA Higher Diploma, BTEC Higher level, professional qualifications (for example, teaching, nursing, accountancy)",1,Female,0
E92000001,England,1,Aged 15 years and under,4,White,4,"Level 4 qualifications or above: degree (BA, BSc), higher degree (MA, PhD, PGCE), NVQ level 4 to 5, HNC, HND, RSA Higher Diploma, BTEC Higher level, professional qualifications (for example, teaching, nursing, accountancy)",2,Male,0
E92000001,England,1,Aged 15 years and under,4,White,5,"Other: apprenticeships, vocational or work-related qualifications, other qualifications achieved in England or Wales, qualifications achieved outside England or Wales (equivalent not stated or unknown)",1,Female,0
E92000001,England,1,Aged 15 years and under,4,White,5,"Other: apprenticeships, vocational or work-related qualifications, other qualifications achieved in England or Wales, qualifications achieved outside England or Wales (equivalent not stated or unknown)",2,Male,0
E92000001,England,1,Aged 15 years and under,5,Other ethnic group,-8,Does not apply,1,Female,134887
E92000001,England,1,Aged 15 years and under,5,Other ethnic group,-8,Does not apply,2,Male,142927
E92000001,England,1,Aged 15 years and under,5,Other ethnic group,0,No qualifications,1,Female,0
E92000001,England,1,Aged 15 years and under,5,Other ethnic group,0,No qualifications,2,Male,0
E92000001,England,1,Aged 15 years and under,5,Other ethnic group,1,"Level 1 and entry level qualifications: 1 to 4 GCSEs grade A* to C, Any GCSEs at other grades, O levels or CSEs (any grades), 1 AS level, NVQ level 1, Foundation GNVQ, Basic or Essential Skills",1,Female,0
E92000001,England,1,Aged 15 years and under,5,Other ethnic group,1,"Level 1 and entry level qualifications: 1 to 4 GCSEs grade A* to C, Any GCSEs at other grades, O levels or CSEs (any grades), 1 AS level, NVQ level 1, Foundation GNVQ, Basic or Essential Skills",2,Male,0
E92000001,England,1,Aged 15 years and under,5,Other ethnic group,2,"Level 2 qualifications: 5 or more GCSEs (A* to C or 9 to 4), O levels (passes), CSEs (grade 1), School Certification, 1 A level, 2 to 3 AS levels, VCEs, Intermediate or Higher Diploma, Welsh Baccalaureate Intermediate Diploma, NVQ level 2, Intermediate GNVQ, City and Guilds Craft, BTEC First or General Diploma, RSA Diploma",1,Female,0
E92000001,England,1,Aged 15 years and under,5,Other ethnic group,2,"Level 2 qualifications: 5 or more GCSEs (A* to C or 9 to 4), O levels (passes), CSEs (grade 1), School Certification, 1 A level, 2 to 3 AS levels, VCEs, Intermediate or Higher Diploma, Welsh Baccalaureate Intermediate Diploma, NVQ level 2, Intermediate GNVQ, City and Guilds Craft, BTEC First or General Diploma, RSA Diploma",2,Male,0
E92000001,England,1,Aged 15 years and under,5,Other ethnic group,3,"Level 3 qualifications: 2 or more A levels or VCEs, 4 or more AS levels, Higher School Certificate, Progression or Advanced Diploma, Welsh Baccalaureate Advance Diploma, NVQ level 3; Advanced GNVQ, City and Guilds Advanced Craft, ONC, OND, BTEC National, RSA Advanced Diploma",1,Female,0
E92000001,England,1,Aged 15 years and under,5,Other ethnic group,3,"Level 3 qualifications: 2 or more A levels or VCEs, 4 or more AS levels, Higher School Certificate, Progression or Advanced Diploma, Welsh Baccalaureate Advance Diploma, NVQ level 3; Advanced GNVQ, City and Guilds Advanced Craft, ONC, OND, BTEC National, RSA Advanced Diploma",2,Male,0
E92000001,England,1,Aged 15 years and under,5,Other ethnic group,4,"Level 4 qualifications or above: degree (BA, BSc), higher degree (MA, PhD, PGCE), NVQ level 4 to 5, HNC, HND, RSA Higher Diploma, BTEC Higher level, professional qualifications (for example, teaching, nursing, accountancy)",1,Female,0
E92000001,England,1,Aged 15 years and under,5,Other ethnic group,4,"Level 4 qualifications or above: degree (BA, BSc), higher degree (MA, PhD, PGCE), NVQ level 4 to 5, HNC, HND, RSA Higher Diploma, BTEC Higher level, professional qualifications (for example, teaching, nursing, accountancy)",2,Male,0
E92000001,England,1,Aged 15 years and under,5,Other ethnic group,5,"Other: apprenticeships, vocational or work-related qualifications, other qualifications achieved in England or Wales, qualifications achieved outside England or Wales (equivalent not stated or unknown)",1,Female,0
E92000001,England,1,Aged 15 years and under,5,Other ethnic group,5,"Other: apprenticeships, vocational or work-related qualifications, other qualifications achieved in England or Wales, qualifications achieved outside England or Wales (equivalent not stated or unknown)",2,Male,0
E92000001,England,2,Aged 16 to 17 years,-8,Does not apply,-8,Does not apply,1,Female,0
E92000001,England,2,Aged 16 to 17 years,-8,Does not apply,-8,Does not apply,2,Male,0
E92000001,England,2,Aged 16 to 17 years,-8,Does not apply,0,No qualifications,1,Female,0
E92000001,England,2,Aged 16 to 17 years,-8,Does not apply,0,No qualifications,2,Male,0
E92000001,England,2,Aged 16 to 17 years,-8,Does not apply,1,"Level 1 and entry level qualifications: 1 to 4 GCSEs grade A* to C, Any GCSEs at other grades, O levels or CSEs (any grades), 1 AS level, NVQ level 1, Foundation GNVQ, Basic or Essential Skills",1,Female,0
E92000001,England,2,Aged 16 to 17 years,-8,Does not apply,1,"Level 1 and entry level qualifications: 1 to 4 GCSEs grade A* to C, Any GCSEs at other grades, O levels or CSEs (any grades), 1 AS level, NVQ level 1, Foundation GNVQ, Basic or Essential Skills",2,Male,0
E92000001,England,2,Aged 16 to 17 years,-8,Does not apply,2,"Level 2 qualifications: 5 or more GCSEs (A* to C or 9 to 4), O levels (passes), CSEs (grade 1), School Certification, 1 A level, 2 to 3 AS levels, VCEs, Intermediate or Higher Diploma, Welsh Baccalaureate Intermediate Diploma, NVQ level 2, Intermediate GNVQ, City and Guilds Craft, BTEC First or General Diploma, RSA Diploma",1,Female,0
E92000001,England,2,Aged 16 to 17 years,-8,Does not apply,2,"Level 2 qualifications: 5 or more GCSEs (A* to C or 9 to 4), O levels (passes), CSEs (grade 1), School Certification, 1 A level, 2 to 3 AS levels, VCEs, Intermediate or Higher Diploma, Welsh Baccalaureate Intermediate Diploma, NVQ level 2, Intermediate GNVQ, City and Guilds Craft, BTEC First or General Diploma, RSA Diploma",2,Male,0
E92000001,England,2,Aged 16 to 17 years,-8,Does not apply,3,"Level 3 qualifications: 2 or more A levels or VCEs, 4 or more AS levels, Higher School Certificate, Progression or Advanced Diploma, Welsh Baccalaureate Advance Diploma, NVQ level 3; Advanced GNVQ, City and Guilds Advanced Craft, ONC, OND, BTEC National, RSA Advanced Diploma",1,Female,0
E92000001,England,2,Aged 16 to 17 years,-8,Does not apply,3,"Level 3 qualifications: 2 or more A levels or VCEs, 4 or more AS levels, Higher School Certificate, Progression or Advanced Diploma, Welsh Baccalaureate Advance Diploma, NVQ level 3; Advanced GNVQ, City and Guilds Advanced Craft, ONC, OND, BTEC National, RSA Advanced Diploma",2,Male,0
E92000001,England,2,Aged 16 to 17 years,-8,Does not apply,4,"Level 4 qualifications or above: degree (BA, BSc), higher degree (MA, PhD, PGCE), NVQ level 4 to 5, HNC, HND, RSA Higher Diploma, BTEC Higher level, professional qualifications (for example, teaching, nursing, accountancy)",1,Female,0
E92000001,England,2,Aged 16 to 17 years,-8,Does not apply,4,"Level 4 qualifications or above: degree (BA, BSc), higher degree (MA, PhD, PGCE), NVQ level 4 to 5, HNC, HND, RSA Higher Diploma, BTEC Higher level, professional qualifications (for example, teaching, nursing, accountancy)",2,Male,0
E92000001,England,2,Aged 16 to 17 years,-8,Does not apply,5,"Other: apprenticeships, vocational or work-related qualifications, other qualifications achieved in England or Wales, qualifications achieved outside England or Wales (equivalent not stated or unknown)",1,Female,0
E92000001,England,2,Aged 16 to 17 years,-8,Does not apply,5,"Other: apprenticeships, vocational or work-related qualifications, other qualifications achieved in England or Wales, qualifications achieved outside England or Wales (equivalent not stated or unknown)",2,Male,0
E92000001,England,2,Aged 16 to 17 years,1,"Asian, Asian British or Asian Welsh",-8,Does not apply,1,Female,0
E92000001,England,2,Aged 16 to 17 years,1,"Asian, Asian British or Asian Welsh",-8,Does not apply,2,Male,0
E92000001,England,2,Aged 16 to 17 years,1,"Asian, Asian British or Asian Welsh",0,No qualifications,1,Female,17363
E92000001,England,2,Aged 16 to 17 years,1,"Asian, Asian British or Asian Welsh",0,No qualifications,2,Male,19533
E92000001,England,2,Aged 16 to 17 years,1,"Asian, Asian British or Asian Welsh",1,"Level 1 and entry level qualifications: 1 to 4 GCSEs grade A* to C, Any GCSEs at other grades, O levels or CSEs (any grades), 1 AS level, NVQ level 1, Foundation GNVQ, Basic or Essential Skills",1,Female,5642
E92000001,England,2,Aged 16 to 17 years,1,"Asian, Asian British or Asian Welsh",1,"Level 1 and entry level qualifications: 1 to 4 GCSEs grade A* to C, Any GCSEs at other grades, O levels or CSEs (any grades), 1 AS level, NVQ level 1, Foundation GNVQ, Basic or Essential Skills",2,Male,8135
E92000001,England,2,Aged 16 to 17 years,1,"Asian, Asian British or Asian Welsh",2,"Level 2 qualifications: 5 or more GCSEs (A* to C or 9 to 4), O levels (passes), CSEs (grade 1), School Certification, 1 A level, 2 to 3 AS levels, VCEs, Intermediate or Higher Diploma, Welsh Baccalaureate Intermediate Diploma, NVQ level 2, Intermediate GNVQ, City and Guilds Craft, BTEC First or General Diploma, RSA Diploma",1,Female,41222
E92000001,England,2,Aged 16 to 17 years,1,"Asian, Asian British or Asian Welsh",2,"Level 2 qualifications: 5 or more GCSEs (A* to C or 9 to 4), O levels (passes), CSEs (grade 1), School Certification, 1 A level, 2 to 3 AS levels, VCEs, Intermediate or Higher Diploma, Welsh Baccalaureate Intermediate Diploma, NVQ level 2, Intermediate GNVQ, City and Guilds Craft, BTEC First or General Diploma, RSA Diploma",2,Male,40569
E92000001,England,2,Aged 16 to 17 years,1,"Asian, Asian British or Asian Welsh",3,"Level 3 qualifications: 2 or more A levels or VCEs, 4 or more AS levels, Higher School Certificate, Progression or Advanced Diploma, Welsh Baccalaureate Advance Diploma, NVQ level 3; Advanced GNVQ, City and Guilds Advanced Craft, ONC, OND, BTEC National, RSA Advanced Diploma",1,Female,6154
E92000001,England,2,Aged 16 to 17 years,1,"Asian, Asian British or Asian Welsh",3,"Level 3 qualifications: 2 or more A levels or VCEs, 4 or more AS levels, Higher School Certificate, Progression or Advanced Diploma, Welsh Baccalaureate Advance Diploma, NVQ level 3; Advanced GNVQ, City and Guilds Advanced Craft, ONC, OND, BTEC National, RSA Advanced Diploma",2,Male,5549
E92000001,England,2,Aged 16 to 17 years,1,"Asian, Asian British or Asian Welsh",4,"Level 4 qualifications or above: degree (BA, BSc), higher degree (MA, PhD, PGCE), NVQ level 4 to 5, HNC, HND, RSA Higher Diploma, BTEC Higher level, professional qualifications (for example, teaching, nursing, accountancy)",1,Female,1463
E92000001,England,2,Aged 16 to 17 years,1,"Asian, Asian British or Asian Welsh",4,"Level 4 qualifications or above: degree (BA, BSc), higher degree (MA, PhD, PGCE), NVQ level 4 to 5, HNC, HND, RSA Higher Diploma, BTEC Higher level, professional qualifications (for example, teaching, nursing, accountancy)",2,Male,1669
E92000001,England,2,Aged 16 to 17 years,1,"Asian, Asian British or Asian Welsh",5,"Other: apprenticeships, vocational or work-related qualifications, other qualifications achieved in England or Wales, qualifications achieved outside England or Wales (equivalent not stated or unknown)",1,Female,2586
E92000001,England,2,Aged 16 to 17 years,1,"Asian, Asian British or Asian Welsh",5,"Other: apprenticeships, vocational or work-related qualifications, other qualifications achieved in England or Wales, qualifications achieved outside England or Wales (equivalent not stated or unknown)",2,Male,3002
E92000001,England,2,Aged 16 to 17 years,2,"Black, Black British, Black Welsh, Caribbean or African",-8,Does not apply,1,Female,0
E92000001,England,2,Aged 16 to 17 years,2,"Black, Black British, Black Welsh, Caribbean or African",-8,Does not apply,2,Male,0
E92000001,England,2,Aged 16 to 17 years,2,"Black, Black British, Black Welsh, Caribbean or African",0,No qualifications,1,Female,9629
E92000001,England,2,Aged 16 to 17 years,2,"Black, Black British, Black Welsh, Caribbean or African",0,No qualifications,2,Male,11515
E92000001,England,2,Aged 16 to 17 years,2,"Black, Black British, Black Welsh, Caribbean or African",1,"Level 1 and entry level qualifications: 1 to 4 GCSEs grade A* to C, Any GCSEs at other grades, O levels or CSEs (any grades), 1 AS level, NVQ level 1, Foundation GNVQ, Basic or Essential Skills",1,Female,3260
E92000001,England,2,Aged 16 to 17 years,2,"Black, Black British, Black Welsh, Caribbean or African",1,"Level 1 and entry level qualifications: 1 to 4 GCSEs grade A* to C, Any GCSEs at other grades, O levels or CSEs (any grades), 1 AS level, NVQ level 1, Foundation GNVQ, Basic or Essential Skills",2,Male,5217
E92000001,England,2,Aged 16 to 17 years,2,"Black, Black British, Black Welsh, Caribbean or African",2,"Level 2 qualifications: 5 or more GCSEs (A* to C or 9 to 4), O levels (passes), CSEs (grade 1), School Certification, 1 A level, 2 to 3 AS levels, VCEs, Intermediate or Higher Diploma, Welsh Baccalaureate Intermediate Diploma, NVQ level 2, Intermediate GNVQ, City and Guilds Craft, BTEC First or General Diploma, RSA Diploma",1,Female,20502
E92000001,England,2,Aged 16 to 17 years,2,"Black, Black British, Black Welsh, Caribbean or African",2,"Level 2 qualifications: 5 or more GCSEs (A* to C or 9 to 4), O levels (passes), CSEs (grade 1), School Certification, 1 A level, 2 to 3 AS levels, VCEs, Intermediate or Higher Diploma, Welsh Baccalaureate Intermediate Diploma, NVQ level 2, Intermediate GNVQ, City and Guilds Craft, BTEC First or General Diploma, RSA Diploma",2,Male,18568
E92000001,England,2,Aged 16 to 17 years,2,"Black, Black British, Black Welsh, Caribbean or African",3,"Level 3 qualifications: 2 or more A levels or VCEs, 4 or more AS levels, Higher School Certificate, Progression or Advanced Diploma, Welsh Baccalaureate Advance Diploma, NVQ level 3; Advanced GNVQ, City and Guilds Advanced Craft, ONC, OND, BTEC National, RSA Advanced Diploma",1,Female,3096
E92000001,England,2,Aged 16 to 17 years,2,"Black, Black British, Black Welsh, Caribbean or African",3,"Level 3 qualifications: 2 or more A levels or VCEs, 4 or more AS levels, Higher School Certificate, Progression or Advanced Diploma, Welsh Baccalaureate Advance Diploma, NVQ level 3; Advanced GNVQ, City and Guilds Advanced Craft, ONC, OND, BTEC National, RSA Advanced Diploma",2,Male,2661
E92000001,England,2,Aged 16 to 17 years,2,"Black, Black British, Black Welsh, Caribbean or African",4,"Level 4 qualifications or above: degree (BA, BSc), higher degree (MA, PhD, PGCE), NVQ level 4 to 5, HNC, HND, RSA Higher Diploma, BTEC Higher level, professional qualifications (for example, teaching, nursing, accountancy)",1,Female,1226
E92000001,England,2,Aged 16 to 17 years,2,"Black, Black British, Black Welsh, Caribbean or African",4,"Level 4 qualifications or above: degree (BA, BSc), higher degree (MA, PhD, PGCE), NVQ level 4 to 5, HNC, HND, RSA Higher Diploma, BTEC Higher level, professional qualifications (for example, teaching, nursing, accountancy)",2,Male,1210
E92000001,England,2,Aged 16 to 17 years,2,"Black, Black British, Black Welsh, Caribbean or African",5,"Other: apprenticeships, vocational or work-related qualifications, other qualifications achieved in England or Wales, qualifications achieved outside England or Wales (equivalent not stated or unknown)",1,Female,1461
E92000001,England,2,Aged 16 to 17 years,2,"Black, Black British, Black Welsh, Caribbean or African",5,"Other: apprenticeships, vocational or work-related qualifications, other qualifications achieved in England or Wales, qualifications achieved outside England or Wales (equivalent not stated or unknown)",2,Male,1562
E92000001,England,2,Aged 16 to 17 years,3,Mixed or Multiple ethnic groups,-8,Does not apply,1,Female,0
E92000001,England,2,Aged 16 to 17 years,3,Mixed or Multiple ethnic groups,-8,Does not apply,2,Male,0
E92000001,England,2,Aged 16 to 17 years,3,Mixed or Multiple ethnic groups,0,No qualifications,1,Female,9454
E92000001,England,2,Aged 16 to 17 years,3,Mixed or Multiple ethnic groups,0,No qualifications,2,Male,10711
E92000001,England,2,Aged 16 to 17 years,3,Mixed or Multiple ethnic groups,1,"Level 1 and entry level qualifications: 1 to 4 GCSEs grade A* to C, Any GCSEs at other grades, O levels or CSEs (any grades), 1 AS level, NVQ level 1, Foundation GNVQ, Basic or Essential Skills",1,Female,3527
E92000001,England,2,Aged 16 to 17 years,3,Mixed or Multiple ethnic groups,1,"Level 1 and entry level qualifications: 1 to 4 GCSEs grade A* to C, Any GCSEs at other grades, O levels or CSEs (any grades), 1 AS level, NVQ level 1, Foundation GNVQ, Basic or Essential Skills",2,Male,4972
E92000001,England,2,Aged 16 to 17 years,3,Mixed or Multiple ethnic groups,2,"Level 2 qualifications: 5 or more GCSEs (A* to C or 9 to 4), O levels (passes), CSEs (grade 1), School Certification, 1 A level, 2 to 3 AS levels, VCEs, Intermediate or Higher Diploma, Welsh Baccalaureate Intermediate Diploma, NVQ level 2, Intermediate GNVQ, City and Guilds Craft, BTEC First or General Diploma, RSA Diploma",1,Female,17952
E92000001,England,2,Aged 16 to 17 years,3,Mixed or Multiple ethnic groups,2,"Level 2 qualifications: 5 or more GCSEs (A* to C or 9 to 4), O levels (passes), CSEs (grade 1), School Certification, 1 A level, 2 to 3 AS levels, VCEs, Intermediate or Higher Diploma, Welsh Baccalaureate Intermediate Diploma, NVQ level 2, Intermediate GNVQ, City and Guilds Craft, BTEC First or General Diploma, RSA Diploma",2,Male,16218
E92000001,England,2,Aged 16 to 17 years,3,Mixed or Multiple ethnic groups,3,"Level 3 qualifications: 2 or more A levels or VCEs, 4 or more AS levels, Higher School Certificate, Progression or Advanced Diploma, Welsh Baccalaureate Advance Diploma, NVQ level 3; Advanced GNVQ, City and Guilds Advanced Craft, ONC, OND, BTEC National, RSA Advanced Diploma",1,Female,1532
E92000001,England,2,Aged 16 to 17 years,3,Mixed or Multiple ethnic groups,3,"Level 3 qualifications: 2 or more A levels or VCEs, 4 or more AS levels, Higher School Certificate, Progression or Advanced Diploma, Welsh Baccalaureate Advance Diploma, NVQ level 3; Advanced GNVQ, City and Guilds Advanced Craft, ONC, OND, BTEC National, RSA Advanced Diploma",2,Male,1352
E92000001,England,2,Aged 16 to 17 years,3,Mixed or Multiple ethnic groups,4,"Level 4 qualifications or above: degree (BA, BSc), higher degree (MA, PhD, PGCE), NVQ level 4 to 5, HNC, HND, RSA Higher Diploma, BTEC Higher level, professional qualifications (for example, teaching, nursing, accountancy)",1,Female,563
E92000001,England,2,Aged 16 to 17 years,3,Mixed or Multiple ethnic groups,4,"Level 4 qualifications or above: degree (BA, BSc), higher degree (MA, PhD, PGCE), NVQ level 4 to 5, HNC, HND, RSA Higher Diploma, BTEC Higher level, professional qualifications (for example, teaching, nursing, accountancy)",2,Male,559
E92000001,England,2,Aged 16 to 17 years,3,Mixed or Multiple ethnic groups,5,"Other: apprenticeships, vocational or work-related qualifications, other qualifications achieved in England or Wales, qualifications achieved outside England or Wales (equivalent not stated or unknown)",1,Female,889
E92000001,England,2,Aged 16 to 17 years,3,Mixed or Multiple ethnic groups,5,"Other: apprenticeships, vocational or work-related qualifications, other qualifications achieved in England or Wales, qualifications achieved outside England or Wales (equivalent not stated or unknown)",2,Male,1041
E92000001,England,2,Aged 16 to 17 years,4,White,-8,Does not apply,1,Female,0
E92000001,England,2,Aged 16 to 17 years,4,White,-8,Does not apply,2,Male,0
E92000001,England,2,Aged 16 to 17 years,4,White,0,No qualifications,1,Female,128559
E92000001,England,2,Aged 16 to 17 years,4,White,0,No qualifications,2,Male,147400
E92000001,England,2,Aged 16 to 17 years,4,White,1,"Level 1 and entry level qualifications: 1 to 4 GCSEs grade A* to C, Any GCSEs at other grades, O levels or CSEs (any grades), 1 AS level, NVQ level 1, Foundation GNVQ, Basic or Essential Skills",1,Female,49845
E92000001,England,2,Aged 16 to 17 years,4,White,1,"Level 1 and entry level qualifications: 1 to 4 GCSEs grade A* to C, Any GCSEs at other grades, O levels or CSEs (any grades), 1 AS level, NVQ level 1, Foundation GNVQ, Basic or Essential Skills",2,Male,70711
E92000001,England,2,Aged 16 to 17 years,4,White,2,"Level 2 qualifications: 5 or more GCSEs (A* to C or 9 to 4), O levels (passes), CSEs (grade 1), School Certification, 1 A level, 2 to 3 AS levels, VCEs, Intermediate or Higher Diploma, Welsh Baccalaureate Intermediate Diploma, NVQ level 2, Intermediate GNVQ, City and Guilds Craft, BTEC First or General Diploma, RSA Diploma",1,Female,239199
E92000001,England,2,Aged 16 to 17 years,4,White,2,"Level 2 qualifications: 5 or more GCSEs (A* to C or 9 to 4), O levels (passes), CSEs (grade 1), School Certification, 1 A level, 2 to 3 AS levels, VCEs, Intermediate or Higher Diploma, Welsh Baccalaureate Intermediate Diploma, NVQ level 2, Intermediate GNVQ, City and Guilds Craft, BTEC First or General Diploma, RSA Diploma",2,Male,226038
E92000001,England,2,Aged 16 to 17 years,4,White,3,"Level 3 qualifications: 2 or more A levels or VCEs, 4 or more AS levels, Higher School Certificate, Progression or Advanced Diploma, Welsh Baccalaureate Advance Diploma, NVQ level 3; Advanced GNVQ, City and Guilds Advanced Craft, ONC, OND, BTEC National, RSA Advanced Diploma",1,Female,15660
E92000001,England,2,Aged 16 to 17 years,4,White,3,"Level 3 qualifications: 2 or more A levels or VCEs, 4 or more AS levels, Higher School Certificate, Progression or Advanced Diploma, Welsh Baccalaureate Advance Diploma, NVQ level 3; Advanced GNVQ, City and Guilds Advanced Craft, ONC, OND, BTEC National, RSA Advanced Diploma",2,Male,13465
E92000001,England,2,Aged 16 to 17 years,4,White,4,"Level 4 qualifications or above: degree (BA, BSc), higher degree (MA, PhD, PGCE), NVQ level 4 to 5, HNC, HND, RSA Higher Diploma, BTEC Higher level, professional qualifications (for example, teaching, nursing, accountancy)",1,Female,6257
E92000001,England,2,Aged 16 to 17 years,4,White,4,"Level 4 qualifications or above: degree (BA, BSc), higher degree (MA, PhD, PGCE), NVQ level 4 to 5, HNC, HND, RSA Higher Diploma, BTEC Higher level, professional qualifications (for example, teaching, nursing, accountancy)",2,Male,6053
E92000001,England,2,Aged 16 to 17 years,4,White,5,"Other: apprenticeships, vocational or work-related qualifications, other qualifications achieved in England or Wales, qualifications achieved outside England or Wales (equivalent not stated or unknown)",1,Female,11787
E92000001,England,2,Aged 16 to 17 years,4,White,5,"Other: apprenticeships, vocational or work-related qualifications, other qualifications achieved in England or Wales, qualifications achieved outside England or Wales (equivalent not stated or unknown)",2,Male,14315
E92000001,England,2,Aged 16 to 17 years,5,Other ethnic group,-8,Does not apply,1,Female,0
E92000001,England,2,Aged 16 to 17 years,5,Other ethnic group,-8,Does not apply,2,Male,0
E92000001,England,2,Aged 16 to 17 years,5,Other ethnic group,0,No qualifications,1,Female,3877
E92000001,England,2,Aged 16 to 17 years,5,Other ethnic group,0,No qualifications,2,Male,5116
E92000001,England,2,Aged 16 to 17 years,5,Other ethnic group,1,"Level 1 and entry level qualifications: 1 to 4 GCSEs grade A* to C, Any GCSEs at other grades, O levels or CSEs (any grades), 1 AS level, NVQ level 1, Foundation GNVQ, Basic or Essential Skills",1,Female,1665
E92000001,England,2,Aged 16 to 17 years,5,Other ethnic group,1,"Level 1 and entry level qualifications: 1 to 4 GCSEs grade A* to C, Any GCSEs at other grades, O levels or CSEs (any grades), 1 AS level, NVQ level 1, Foundation GNVQ, Basic or Essential Skills",2,Male,2420
E92000001,England,2,Aged 16 to 17 years,5,Other ethnic group,2,"Level 2 qualifications: 5 or more GCSEs (A* to C or 9 to 4), O levels (passes), CSEs (grade 1), School Certification, 1 A level, 2 to 3 AS levels, VCEs, Intermediate or Higher Diploma, Welsh Baccalaureate Intermediate Diploma, NVQ level 2, Intermediate GNVQ, City and Guilds Craft, BTEC First or General Diploma, RSA Diploma",1,Female,7724
E92000001,England,2,Aged 16 to 17 years,5,Other ethnic group,2,"Level 2 qualifications: 5 or more GCSEs (A* to C or 9 to 4), O levels (passes), CSEs (grade 1), School Certification, 1 A level, 2 to 3 AS levels, VCEs, Intermediate or Higher Diploma, Welsh Baccalaureate Intermediate Diploma, NVQ level 2, Intermediate GNVQ, City and Guilds Craft, BTEC First or General Diploma, RSA Diploma",2,Male,7414
E92000001,England,2,Aged 16 to 17 years,5,Other ethnic group,3,"Level 3 qualifications: 2 or more A levels or VCEs, 4 or more AS levels, Higher School Certificate, Progression or Advanced Diploma, Welsh Baccalaureate Advance Diploma, NVQ level 3; Advanced GNVQ, City and Guilds Advanced Craft, ONC, OND, BTEC National, RSA Advanced Diploma",1,Female,1292
E92000001,England,2,Aged 16 to 17 years,5,Other ethnic group,3,"Level 3 qualifications: 2 or more A levels or VCEs, 4 or more AS levels, Higher School Certificate, Progression or Advanced Diploma, Welsh Baccalaureate Advance Diploma, NVQ level 3; Advanced GNVQ, City and Guilds Advanced Craft, ONC, OND, BTEC National, RSA Advanced Diploma",2,Male,1246
E92000001,England,2,Aged 16 to 17 years,5,Other ethnic group,4,"Level 4 qualifications or above: degree (BA, BSc), higher degree (MA, PhD, PGCE), NVQ level 4 to 5, HNC, HND, RSA Higher Diploma, BTEC Higher level, professional qualifications (for example, teaching, nursing, accountancy)",1,Female,644
E92000001,England,2,Aged 16 to 17 years,5,Other ethnic group,4,"Level 4 qualifications or above: degree (BA, BSc), higher degree (MA, PhD, PGCE), NVQ level 4 to 5, HNC, HND, RSA Higher Diploma, BTEC Higher level, professional qualifications (for example, teaching, nursing, accountancy)",2,Male,761
E92000001,England,2,Aged 16 to 17 years,5,Other ethnic group,5,"Other: apprenticeships, vocational or work-related qualifications, other qualifications achieved in England or Wales, qualifications achieved outside England or Wales (equivalent not stated or unknown)",1,Female,731
E92000001,England,2,Aged 16 to 17 years,5,Other ethnic group,5,"Other: apprenticeships, vocational or work-related qualifications, other qualifications achieved in England or Wales, qualifications achieved outside England or Wales (equivalent not stated or unknown)",2,Male,814
E92000001,England,3,Aged 18 to 19 years,-8,Does not apply,-8,Does not apply,1,Female,0
E92000001,England,3,Aged 18 to 19 years,-8,Does not apply,-8,Does not apply,2,Male,0
E92000001,England,3,Aged 18 to 19 years,-8,Does not apply,0,No qualifications,1,Female,0
E92000001,England,3,Aged 18 to 19 years,-8,Does not apply,0,No qualifications,2,Male,0
E92000001,England,3,Aged 18 to 19 years,-8,Does not apply,1,"Level 1 and entry level qualifications: 1 to 4 GCSEs grade A* to C, Any GCSEs at other grades, O levels or CSEs (any grades), 1 AS level, NVQ level 1, Foundation GNVQ, Basic or Essential Skills",1,Female,0
E92000001,England,3,Aged 18 to 19 years,-8,Does not apply,1,"Level 1 and entry level qualifications: 1 to 4 GCSEs grade A* to C, Any GCSEs at other grades, O levels or CSEs (any grades), 1 AS level, NVQ level 1, Foundation GNVQ, Basic or Essential Skills",2,Male,0
E92000001,England,3,Aged 18 to 19 years,-8,Does not apply,2,"Level 2 qualifications: 5 or more GCSEs (A* to C or 9 to 4), O levels (passes), CSEs (grade 1), School Certification, 1 A level, 2 to 3 AS levels, VCEs, Intermediate or Higher Diploma, Welsh Baccalaureate Intermediate Diploma, NVQ level 2, Intermediate GNVQ, City and Guilds Craft, BTEC First or General Diploma, RSA Diploma",1,Female,0
E92000001,England,3,Aged 18 to 19 years,-8,Does not apply,2,"Level 2 qualifications: 5 or more GCSEs (A* to C or 9 to 4), O levels (passes), CSEs (grade 1), School Certification, 1 A level, 2 to 3 AS levels, VCEs, Intermediate or Higher Diploma, Welsh Baccalaureate Intermediate Diploma, NVQ level 2, Intermediate GNVQ, City and Guilds Craft, BTEC First or General Diploma, RSA Diploma",2,Male,0
E92000001,England,3,Aged 18 to 19 years,-8,Does not apply,3,"Level 3 qualifications: 2 or more A levels or VCEs, 4 or more AS levels, Higher School Certificate, Progression or Advanced Diploma, Welsh Baccalaureate Advance Diploma, NVQ level 3; Advanced GNVQ, City and Guilds Advanced Craft, ONC, OND, BTEC National, RSA Advanced Diploma",1,Female,0
E92000001,England,3,Aged 18 to 19 years,-8,Does not apply,3,"Level 3 qualifications: 2 or more A levels or VCEs, 4 or more AS levels, Higher School Certificate, Progression or Advanced Diploma, Welsh Baccalaureate Advance Diploma, NVQ level 3; Advanced GNVQ, City and Guilds Advanced Craft, ONC, OND, BTEC National, RSA Advanced Diploma",2,Male,0
E92000001,England,3,Aged 18 to 19 years,-8,Does not apply,4,"Level 4 qualifications or above: degree (BA, BSc), higher degree (MA, PhD, PGCE), NVQ level 4 to 5, HNC, HND, RSA Higher Diploma, BTEC Higher level, professional qualifications (for example, teaching, nursing, accountancy)",1,Female,0
E92000001,England,3,Aged 18 to 19 years,-8,Does not apply,4,"Level 4 qualifications or above: degree (BA, BSc), higher degree (MA, PhD, PGCE), NVQ level 4 to 5, HNC, HND, RSA Higher Diploma, BTEC Higher level, professional qualifications (for example, teaching, nursing, accountancy)",2,Male,0
E92000001,England,3,Aged 18 to 19 years,-8,Does not apply,5,"Other: apprenticeships, vocational or work-related qualifications, other qualifications achieved in England or Wales, qualifications achieved outside England or Wales (equivalent not stated or unknown)",1,Female,0
E92000001,England,3,Aged 18 to 19 years,-8,Does not apply,5,"Other: apprenticeships, vocational or work-related qualifications, other qualifications achieved in England or Wales, qualifications achieved outside England or Wales (equivalent not stated or unknown)",2,Male,0
E92000001,England,3,Aged 18 to 19 years,1,"Asian, Asian British or Asian Welsh",-8,Does not apply,1,Female,0
E92000001,England,3,Aged 18 to 19 years,1,"Asian, Asian British or Asian Welsh",-8,Does not apply,2,Male,0
E92000001,England,3,Aged 18 to 19 years,1,"Asian, Asian British or Asian Welsh",0,No qualifications,1,Female,2088
E92000001,England,3,Aged 18 to 19 years,1,"Asian, Asian British or Asian Welsh",0,No qualifications,2,Male,3677
E92000001,England,3,Aged 18 to 19 years,1,"Asian, Asian British or Asian Welsh",1,"Level 1 and entry level qualifications: 1 to 4 GCSEs grade A* to C, Any GCSEs at other grades, O levels or CSEs (any grades), 1 AS level, NVQ level 1, Foundation GNVQ, Basic or Essential Skills",1,Female,3760
E92000001,England,3,Aged 18 to 19 years,1,"Asian, Asian British or Asian Welsh",1,"Level 1 and entry level qualifications: 1 to 4 GCSEs grade A* to C, Any GCSEs at other grades, O levels or CSEs (any grades), 1 AS level, NVQ level 1, Foundation GNVQ, Basic or Essential Skills",2,Male,6860
E92000001,England,3,Aged 18 to 19 years,1,"Asian, Asian British or Asian Welsh",2,"Level 2 qualifications: 5 or more GCSEs (A* to C or 9 to 4), O levels (passes), CSEs (grade 1), School Certification, 1 A level, 2 to 3 AS levels, VCEs, Intermediate or Higher Diploma, Welsh Baccalaureate Intermediate Diploma, NVQ level 2, Intermediate GNVQ, City and Guilds Craft, BTEC First or General Diploma, RSA Diploma",1,Female,20092
E92000001,England,3,Aged 18 to 19 years,1,"Asian, Asian British or Asian Welsh",2,"Level 2 qualifications: 5 or more GCSEs (A* to C or 9 to 4), O levels (passes), CSEs (grade 1), School Certification, 1 A level, 2 to 3 AS levels, VCEs, Intermediate or Higher Diploma, Welsh Baccalaureate Intermediate Diploma, NVQ level 2, Intermediate GNVQ, City and Guilds Craft, BTEC First or General Diploma, RSA Diploma",2,Male,22484
E92000001,England,3,Aged 18 to 19 years,1,"Asian, Asian British or Asian Welsh",3,"Level 3 qualifications: 2 or more A levels or VCEs, 4 or more AS levels, Higher School Certificate, Progression or Advanced Diploma, Welsh Baccalaureate Advance Diploma, NVQ level 3; Advanced GNVQ, City and Guilds Advanced Craft, ONC, OND, BTEC National, RSA Advanced Diploma",1,Female,31258
E92000001,England,3,Aged 18 to 19 years,1,"Asian, Asian British or Asian Welsh",3,"Level 3 qualifications: 2 or more A levels or VCEs, 4 or more AS levels, Higher School Certificate, Progression or Advanced Diploma, Welsh Baccalaureate Advance Diploma, NVQ level 3; Advanced GNVQ, City and Guilds Advanced Craft, ONC, OND, BTEC National, RSA Advanced Diploma",2,Male,28837
E92000001,England,3,Aged 18 to 19 years,1,"Asian, Asian British or Asian Welsh",4,"Level 4 qualifications or above: degree (BA, BSc), higher degree (MA, PhD, PGCE), NVQ level 4 to 5, HNC, HND, RSA Higher Diploma, BTEC Higher level, professional qualifications (for example, teaching, nursing, accountancy)",1,Female,4785
E92000001,England,3,Aged 18 to 19 years,1,"Asian, Asian British or Asian Welsh",4,"Level 4 qualifications or above: degree (BA, BSc), higher degree (MA, PhD, PGCE), NVQ level 4 to 5, HNC, HND, RSA Higher Diploma, BTEC Higher level, professional qualifications (for example, teaching, nursing, accountancy)",2,Male,4733
E92000001,England,3,Aged 18 to 19 years,1,"Asian, Asian British or Asian Welsh",5,"Other: apprenticeships, vocational or work-related qualifications, other qualifications achieved in England or Wales, qualifications achieved outside England or Wales (equivalent not stated or unknown)",1,Female,1758
E92000001,England,3,Aged 18 to 19 years,1,"Asian, Asian British or Asian Welsh",5,"Other: apprenticeships, vocational or work-related qualifications, other qualifications achieved in England or Wales, qualifications achieved outside England or Wales (equivalent not stated or unknown)",2,Male,2256
E92000001,England,3,Aged 18 to 19 years,2,"Black, Black British, Black Welsh, Caribbean or African",-8,Does not apply,1,Female,0
E92000001,England,3,Aged 18 to 19 years,2,"Black, Black British, Black Welsh, Caribbean or African",-8,Does not apply,2,Male,0
E92000001,England,3,Aged 18 to 19 years,2,"Black, Black British, Black Welsh, Caribbean or African",0,No qualifications,1,Female,1387
E92000001,England,3,Aged 18 to 19 years,2,"Black, Black British, Black Welsh, Caribbean or African",0,No qualifications,2,Male,2808
E92000001,England,3,Aged 18 to 19 years,2,"Black, Black British, Black Welsh, Caribbean or African",1,"Level 1 and entry level qualifications: 1 to 4 GCSEs grade A* to C, Any GCSEs at other grades, O levels or CSEs (any grades), 1 AS level, NVQ level 1, Foundation GNVQ, Basic or Essential Skills",1,Female,2451
E92000001,England,3,Aged 18 to 19 years,2,"Black, Black British, Black Welsh, Caribbean or African",1,"Level 1 and entry level qualifications: 1 to 4 GCSEs grade A* to C, Any GCSEs at other grades, O levels or CSEs (any grades), 1 AS level, NVQ level 1, Foundation GNVQ, Basic or Essential Skills",2,Male,4879
E92000001,England,3,Aged 18 to 19 years,2,"Black, Black British, Black Welsh, Caribbean or African",2,"Level 2 qualifications: 5 or more GCSEs (A* to C or 9 to 4), O levels (passes), CSEs (grade 1), School Certification, 1 A level, 2 to 3 AS levels, VCEs, Intermediate or Higher Diploma, Welsh Baccalaureate Intermediate Diploma, NVQ level 2, Intermediate GNVQ, City and Guilds Craft, BTEC First or General Diploma, RSA Diploma",1,Female,10514
E92000001,England,3,Aged 18 to 19 years,2,"Black, Black British, Black Welsh, Caribbean or African",2,"Level 2 qualifications: 5 or more GCSEs (A* to C or 9 to 4), O levels (passes), CSEs (grade 1), School Certification, 1 A level, 2 to 3 AS levels, VCEs, Intermediate or Higher Diploma, Welsh Baccalaureate Intermediate Diploma, NVQ level 2, Intermediate GNVQ, City and Guilds Craft, BTEC First or General Diploma, RSA Diploma",2,Male,11184
E92000001,England,3,Aged 18 to 19 years,2,"Black, Black British, Black Welsh, Caribbean or African",3,"Level 3 qualifications: 2 or more A levels or VCEs, 4 or more AS levels, Higher School Certificate, Progression or Advanced Diploma, Welsh Baccalaureate Advance Diploma, NVQ level 3; Advanced GNVQ, City and Guilds Advanced Craft, ONC, OND, BTEC National, RSA Advanced Diploma",1,Female,12409
E92000001,England,3,Aged 18 to 19 years,2,"Black, Black British, Black Welsh, Caribbean or African",3,"Level 3 qualifications: 2 or more A levels or VCEs, 4 or more AS levels, Higher School Certificate, Progression or Advanced Diploma, Welsh Baccalaureate Advance Diploma, NVQ level 3; Advanced GNVQ, City and Guilds Advanced Craft, ONC, OND, BTEC National, RSA Advanced Diploma",2,Male,10637
E92000001,England,3,Aged 18 to 19 years,2,"Black, Black British, Black Welsh, Caribbean or African",4,"Level 4 qualifications or above: degree (BA, BSc), higher degree (MA, PhD, PGCE), NVQ level 4 to 5, HNC, HND, RSA Higher Diploma, BTEC Higher level, professional qualifications (for example, teaching, nursing, accountancy)",1,Female,2816
E92000001,England,3,Aged 18 to 19 years,2,"Black, Black British, Black Welsh, Caribbean or African",4,"Level 4 qualifications or above: degree (BA, BSc), higher degree (MA, PhD, PGCE), NVQ level 4 to 5, HNC, HND, RSA Higher Diploma, BTEC Higher level, professional qualifications (for example, teaching, nursing, accountancy)",2,Male,2925
E92000001,England,3,Aged 18 to 19 years,2,"Black, Black British, Black Welsh, Caribbean or African",5,"Other: apprenticeships, vocational or work-related qualifications, other qualifications achieved in England or Wales, qualifications achieved outside England or Wales (equivalent not stated or unknown)",1,Female,921
E92000001,England,3,Aged 18 to 19 years,2,"Black, Black British, Black Welsh, Caribbean or African",5,"Other: apprenticeships, vocational or work-related qualifications, other qualifications achieved in England or Wales, qualifications achieved outside England or Wales (equivalent not stated or unknown)",2,Male,1474
E92000001,England,3,Aged 18 to 19 years,3,Mixed or Multiple ethnic groups,-8,Does not apply,1,Female,0
E92000001,England,3,Aged 18 to 19 years,3,Mixed or Multiple ethnic groups,-8,Does not apply,2,Male,0
E92000001,England,3,Aged 18 to 19 years,3,Mixed or Multiple ethnic groups,0,No qualifications,1,Female,1239
E92000001,England,3,Aged 18 to 19 years,3,Mixed or Multiple ethnic groups,0,No qualifications,2,Male,2196
E92000001,England,3,Aged 18 to 19 years,3,Mixed or Multiple ethnic groups,1,"Level 1 and entry level qualifications: 1 to 4 GCSEs grade A* to C, Any GCSEs at other grades, O levels or CSEs (any grades), 1 AS level, NVQ level 1, Foundation GNVQ, Basic or Essential Skills",1,Female,2457
E92000001,England,3,Aged 18 to 19 years,3,Mixed or Multiple ethnic groups,1,"Level 1 and entry level qualifications: 1 to 4 GCSEs grade A* to C, Any GCSEs at other grades, O levels or CSEs (any grades), 1 AS level, NVQ level 1, Foundation GNVQ, Basic or Essential Skills",2,Male,3853
E92000001,England,3,Aged 18 to 19 years,3,Mixed or Multiple ethnic groups,2,"Level 2 qualifications: 5 or more GCSEs (A* to C or 9 to 4), O levels (passes), CSEs (grade 1), School Certification, 1 A level, 2 to 3 AS levels, VCEs, Intermediate or Higher Diploma, Welsh Baccalaureate Intermediate Diploma, NVQ level 2, Intermediate GNVQ, City and Guilds Craft, BTEC First or General Diploma, RSA Diploma",1,Female,9042
E92000001,England,3,Aged 18 to 19 years,3,Mixed or Multiple ethnic groups,2,"Level 2 qualifications: 5 or more GCSEs (A* to C or 9 to 4), O levels (passes), CSEs (grade 1), School Certification, 1 A level, 2 to 3 AS levels, VCEs, Intermediate or Higher Diploma, Welsh Baccalaureate Intermediate Diploma, NVQ level 2, Intermediate GNVQ, City and Guilds Craft, BTEC First or General Diploma, RSA Diploma",2,Male,9212
E92000001,England,3,Aged 18 to 19 years,3,Mixed or Multiple ethnic groups,3,"Level 3 qualifications: 2 or more A levels or VCEs, 4 or more AS levels, Higher School Certificate, Progression or Advanced Diploma, Welsh Baccalaureate Advance Diploma, NVQ level 3; Advanced GNVQ, City and Guilds Advanced Craft, ONC, OND, BTEC National, RSA Advanced Diploma",1,Female,9658
E92000001,England,3,Aged 18 to 19 years,3,Mixed or Multiple ethnic groups,3,"Level 3 qualifications: 2 or more A levels or VCEs, 4 or more AS levels, Higher School Certificate, Progression or Advanced Diploma, Welsh Baccalaureate Advance Diploma, NVQ level 3; Advanced GNVQ, City and Guilds Advanced Craft, ONC, OND, BTEC National, RSA Advanced Diploma",2,Male,8278
E92000001,England,3,Aged 18 to 19 years,3,Mixed or Multiple ethnic groups,4,"Level 4 qualifications or above: degree (BA, BSc), higher degree (MA, PhD, PGCE), NVQ level 4 to 5, HNC, HND, RSA Higher Diploma, BTEC Higher level, professional qualifications (for example, teaching, nursing, accountancy)",1,Female,1540
E92000001,England,3,Aged 18 to 19 years,3,Mixed or Multiple ethnic groups,4,"Level 4 qualifications or above: degree (BA, BSc), higher degree (MA, PhD, PGCE), NVQ level 4 to 5, HNC, HND, RSA Higher Diploma, BTEC Higher level, professional qualifications (for example, teaching, nursing, accountancy)",2,Male,1392
E92000001,England,3,Aged 18 to 19 years,3,Mixed or Multiple ethnic groups,5,"Other: apprenticeships, vocational or work-related qualifications, other qualifications achieved in England or Wales, qualifications achieved outside England or Wales (equivalent not stated or unknown)",1,Female,966
E92000001,England,3,Aged 18 to 19 years,3,Mixed or Multiple ethnic groups,5,"Other: apprenticeships, vocational or work-related qualifications, other qualifications achieved in England or Wales, qualifications achieved outside England or Wales (equivalent not stated or unknown)",2,Male,1170
E92000001,England,3,Aged 18 to 19 years,4,White,-8,Does not apply,1,Female,0
E92000001,England,3,Aged 18 to 19 years,4,White,-8,Does not apply,2,Male,0
E92000001,England,3,Aged 18 to 19 years,4,White,0,No qualifications,1,Female,23379
E92000001,England,3,Aged 18 to 19 years,4,White,0,No qualifications,2,Male,35100
E92000001,England,3,Aged 18 to 19 years,4,White,1,"Level 1 and entry level qualifications: 1 to 4 GCSEs grade A* to C, Any GCSEs at other grades, O levels or CSEs (any grades), 1 AS level, NVQ level 1, Foundation GNVQ, Basic or Essential Skills",1,Female,40736
E92000001,England,3,Aged 18 to 19 years,4,White,1,"Level 1 and entry level qualifications: 1 to 4 GCSEs grade A* to C, Any GCSEs at other grades, O levels or CSEs (any grades), 1 AS level, NVQ level 1, Foundation GNVQ, Basic or Essential Skills",2,Male,62811
E92000001,England,3,Aged 18 to 19 years,4,White,2,"Level 2 qualifications: 5 or more GCSEs (A* to C or 9 to 4), O levels (passes), CSEs (grade 1), School Certification, 1 A level, 2 to 3 AS levels, VCEs, Intermediate or Higher Diploma, Welsh Baccalaureate Intermediate Diploma, NVQ level 2, Intermediate GNVQ, City and Guilds Craft, BTEC First or General Diploma, RSA Diploma",1,Female,131938
E92000001,England,3,Aged 18 to 19 years,4,White,2,"Level 2 qualifications: 5 or more GCSEs (A* to C or 9 to 4), O levels (passes), CSEs (grade 1), School Certification, 1 A level, 2 to 3 AS levels, VCEs, Intermediate or Higher Diploma, Welsh Baccalaureate Intermediate Diploma, NVQ level 2, Intermediate GNVQ, City and Guilds Craft, BTEC First or General Diploma, RSA Diploma",2,Male,139382
E92000001,England,3,Aged 18 to 19 years,4,White,3,"Level 3 qualifications: 2 or more A levels or VCEs, 4 or more AS levels, Higher School Certificate, Progression or Advanced Diploma, Welsh Baccalaureate Advance Diploma, NVQ level 3; Advanced GNVQ, City and Guilds Advanced Craft, ONC, OND, BTEC National, RSA Advanced Diploma",1,Female,141372
E92000001,England,3,Aged 18 to 19 years,4,White,3,"Level 3 qualifications: 2 or more A levels or VCEs, 4 or more AS levels, Higher School Certificate, Progression or Advanced Diploma, Welsh Baccalaureate Advance Diploma, NVQ level 3; Advanced GNVQ, City and Guilds Advanced Craft, ONC, OND, BTEC National, RSA Advanced Diploma",2,Male,125053
E92000001,England,3,Aged 18 to 19 years,4,White,4,"Level 4 qualifications or above: degree (BA, BSc), higher degree (MA, PhD, PGCE), NVQ level 4 to 5, HNC, HND, RSA Higher Diploma, BTEC Higher level, professional qualifications (for example, teaching, nursing, accountancy)",1,Female,19679
E92000001,England,3,Aged 18 to 19 years,4,White,4,"Level 4 qualifications or above: degree (BA, BSc), higher degree (MA, PhD, PGCE), NVQ level 4 to 5, HNC, HND, RSA Higher Diploma, BTEC Higher level, professional qualifications (for example, teaching, nursing, accountancy)",2,Male,18111
E92000001,England,3,Aged 18 to 19 years,4,White,5,"Other: apprenticeships, vocational or work-related qualifications, other qualifications achieved in England or Wales, qualifications achieved outside England or Wales (equivalent not stated or unknown)",1,Female,18833
E92000001,England,3,Aged 18 to 19 years,4,White,5,"Other: apprenticeships, vocational or work-related qualifications, other qualifications achieved in England or Wales, qualifications achieved outside England or Wales (equivalent not stated or unknown)",2,Male,25706
E92000001,England,3,Aged 18 to 19 years,5,Other ethnic group,-8,Does not apply,1,Female,0
E92000001,England,3,Aged 18 to 19 years,5,Other ethnic group,-8,Does not apply,2,Male,0
E92000001,England,3,Aged 18 to 19 years,5,Other ethnic group,0,No qualifications,1,Female,1019
E92000001,England,3,Aged 18 to 19 years,5,Other ethnic group,0,No qualifications,2,Male,2106
E92000001,England,3,Aged 18 to 19 years,5,Other ethnic group,1,"Level 1 and entry level qualifications: 1 to 4 GCSEs grade A* to C, Any GCSEs at other grades, O levels or CSEs (any grades), 1 AS level, NVQ level 1, Foundation GNVQ, Basic or Essential Skills",1,Female,1124
E92000001,England,3,Aged 18 to 19 years,5,Other ethnic group,1,"Level 1 and entry level qualifications: 1 to 4 GCSEs grade A* to C, Any GCSEs at other grades, O levels or CSEs (any grades), 1 AS level, NVQ level 1, Foundation GNVQ, Basic or Essential Skills",2,Male,2244
E92000001,England,3,Aged 18 to 19 years,5,Other ethnic group,2,"Level 2 qualifications: 5 or more GCSEs (A* to C or 9 to 4), O levels (passes), CSEs (grade 1), School Certification, 1 A level, 2 to 3 AS levels, VCEs, Intermediate or Higher Diploma, Welsh Baccalaureate Intermediate Diploma, NVQ level 2, Intermediate GNVQ, City and Guilds Craft, BTEC First or General Diploma, RSA Diploma",1,Female,3688
E92000001,England,3,Aged 18 to 19 years,5,Other ethnic group,2,"Level 2 qualifications: 5 or more GCSEs (A* to C or 9 to 4), O levels (passes), CSEs (grade 1), School Certification, 1 A level, 2 to 3 AS levels, VCEs, Intermediate or Higher Diploma, Welsh Baccalaureate Intermediate Diploma, NVQ level 2, Intermediate GNVQ, City and Guilds Craft, BTEC First or General Diploma, RSA Diploma",2,Male,4171
E92000001,England,3,Aged 18 to 19 years,5,Other ethnic group,3,"Level 3 qualifications: 2 or more A levels or VCEs, 4 or more AS levels, Higher School Certificate, Progression or Advanced Diploma, Welsh Baccalaureate Advance Diploma, NVQ level 3; Advanced GNVQ, City and Guilds Advanced Craft, ONC, OND, BTEC National, RSA Advanced Diploma",1,Female,5799
E92000001,England,3,Aged 18 to 19 years,5,Other ethnic group,3,"Level 3 qualifications: 2 or more A levels or VCEs, 4 or more AS levels, Higher School Certificate, Progression or Advanced Diploma, Welsh Baccalaureate Advance Diploma, NVQ level 3; Advanced GNVQ, City and Guilds Advanced Craft, ONC, OND, BTEC National, RSA Advanced Diploma",2,Male,5238
E92000001,England,3,Aged 18 to 19 years,5,Other ethnic group,4,"Level 4 qualifications or above: degree (BA, BSc), higher degree (MA, PhD, PGCE), NVQ level 4 to 5, HNC, HND, RSA Higher Diploma, BTEC Higher level, professional qualifications (for example, teaching, nursing, accountancy)",1,Female,1661
E92000001,England,3,Aged 18 to 19 years,5,Other ethnic group,4,"Level 4 qualifications or above: degree (BA, BSc), higher degree (MA, PhD, PGCE), NVQ level 4 to 5, HNC, HND, RSA Higher Diploma, BTEC Higher level, professional qualifications (for example, teaching, nursing, accountancy)",2,Male,1697
E92000001,England,3,Aged 18 to 19 years,5,Other ethnic group,5,"Other: apprenticeships, vocational or work-related qualifications, other qualifications achieved in England or Wales, qualifications achieved outside England or Wales (equivalent not stated or unknown)",1,Female,635
E92000001,England,3,Aged 18 to 19 years,5,Other ethnic group,5,"Other: apprenticeships, vocational or work-related qualifications, other qualifications achieved in England or Wales, qualifications achieved outside England or Wales (equivalent not stated or unknown)",2,Male,808
E92000001,England,4,Aged 20 to 24 years,-8,Does not apply,-8,Does not apply,1,Female,0
E92000001,England,4,Aged 20 to 24 years,-8,Does not apply,-8,Does not apply,2,Male,0
E92000001,England,4,Aged 20 to 24 years,-8,Does not apply,0,No qualifications,1,Female,0
E92000001,England,4,Aged 20 to 24 years,-8,Does not apply,0,No qualifications,2,Male,0
E92000001,England,4,Aged 20 to 24 years,-8,Does not apply,1,"Level 1 and entry level qualifications: 1 to 4 GCSEs grade A* to C, Any GCSEs at other grades, O levels or CSEs (any grades), 1 AS level, NVQ level 1, Foundation GNVQ, Basic or Essential Skills",1,Female,0
E92000001,England,4,Aged 20 to 24 years,-8,Does not apply,1,"Level 1 and entry level qualifications: 1 to 4 GCSEs grade A* to C, Any GCSEs at other grades, O levels or CSEs (any grades), 1 AS level, NVQ level 1, Foundation GNVQ, Basic or Essential Skills",2,Male,0
E92000001,England,4,Aged 20 to 24 years,-8,Does not apply,2,"Level 2 qualifications: 5 or more GCSEs (A* to C or 9 to 4), O levels (passes), CSEs (grade 1), School Certification, 1 A level, 2 to 3 AS levels, VCEs, Intermediate or Higher Diploma, Welsh Baccalaureate Intermediate Diploma, NVQ level 2, Intermediate GNVQ, City and Guilds Craft, BTEC First or General Diploma, RSA Diploma",1,Female,0
E92000001,England,4,Aged 20 to 24 years,-8,Does not apply,2,"Level 2 qualifications: 5 or more GCSEs (A* to C or 9 to 4), O levels (passes), CSEs (grade 1), School Certification, 1 A level, 2 to 3 AS levels, VCEs, Intermediate or Higher Diploma, Welsh Baccalaureate Intermediate Diploma, NVQ level 2, Intermediate GNVQ, City and Guilds Craft, BTEC First or General Diploma, RSA Diploma",2,Male,0
E92000001,England,4,Aged 20 to 24 years,-8,Does not apply,3,"Level 3 qualifications: 2 or more A levels or VCEs, 4 or more AS levels, Higher School Certificate, Progression or Advanced Diploma, Welsh Baccalaureate Advance Diploma, NVQ level 3; Advanced GNVQ, City and Guilds Advanced Craft, ONC, OND, BTEC National, RSA Advanced Diploma",1,Female,0
E92000001,England,4,Aged 20 to 24 years,-8,Does not apply,3,"Level 3 qualifications: 2 or more A levels or VCEs, 4 or more AS levels, Higher School Certificate, Progression or Advanced Diploma, Welsh Baccalaureate Advance Diploma, NVQ level 3; Advanced GNVQ, City and Guilds Advanced Craft, ONC, OND, BTEC National, RSA Advanced Diploma",2,Male,0
E92000001,England,4,Aged 20 to 24 years,-8,Does not apply,4,"Level 4 qualifications or above: degree (BA, BSc), higher degree (MA, PhD, PGCE), NVQ level 4 to 5, HNC, HND, RSA Higher Diploma, BTEC Higher level, professional qualifications (for example, teaching, nursing, accountancy)",1,Female,0
E92000001,England,4,Aged 20 to 24 years,-8,Does not apply,4,"Level 4 qualifications or above: degree (BA, BSc), higher degree (MA, PhD, PGCE), NVQ level 4 to 5, HNC, HND, RSA Higher Diploma, BTEC Higher level, professional qualifications (for example, teaching, nursing, accountancy)",2,Male,0
E92000001,England,4,Aged 20 to 24 years,-8,Does not apply,5,"Other: apprenticeships, vocational or work-related qualifications, other qualifications achieved in England or Wales, qualifications achieved outside England or Wales (equivalent not stated or unknown)",1,Female,0
E92000001,England,4,Aged 20 to 24 years,-8,Does not apply,5,"Other: apprenticeships, vocational or work-related qualifications, other qualifications achieved in England or Wales, qualifications achieved outside England or Wales (equivalent not stated or unknown)",2,Male,0
E92000001,England,4,Aged 20 to 24 years,1,"Asian, Asian British or Asian Welsh",-8,Does not apply,1,Female,0
E92000001,England,4,Aged 20 to 24 years,1,"Asian, Asian British or Asian Welsh",-8,Does not apply,2,Male,0
E92000001,England,4,Aged 20 to 24 years,1,"Asian, Asian British or Asian Welsh",0,No qualifications,1,Female,8985
E92000001,England,4,Aged 20 to 24 years,1,"Asian, Asian British or Asian Welsh",0,No qualifications,2,Male,11142
E92000001,England,4,Aged 20 to 24 years,1,"Asian, Asian British or Asian Welsh",1,"Level 1 and entry level qualifications: 1 to 4 GCSEs grade A* to C, Any GCSEs at other grades, O levels or CSEs (any grades), 1 AS level, NVQ level 1, Foundation GNVQ, Basic or Essential Skills",1,Female,8150
E92000001,England,4,Aged 20 to 24 years,1,"Asian, Asian British or Asian Welsh",1,"Level 1 and entry level qualifications: 1 to 4 GCSEs grade A* to C, Any GCSEs at other grades, O levels or CSEs (any grades), 1 AS level, NVQ level 1, Foundation GNVQ, Basic or Essential Skills",2,Male,12000
E92000001,England,4,Aged 20 to 24 years,1,"Asian, Asian British or Asian Welsh",2,"Level 2 qualifications: 5 or more GCSEs (A* to C or 9 to 4), O levels (passes), CSEs (grade 1), School Certification, 1 A level, 2 to 3 AS levels, VCEs, Intermediate or Higher Diploma, Welsh Baccalaureate Intermediate Diploma, NVQ level 2, Intermediate GNVQ, City and Guilds Craft, BTEC First or General Diploma, RSA Diploma",1,Female,13476
E92000001,England,4,Aged 20 to 24 years,1,"Asian, Asian British or Asian Welsh",2,"Level 2 qualifications: 5 or more GCSEs (A* to C or 9 to 4), O levels (passes), CSEs (grade 1), School Certification, 1 A level, 2 to 3 AS levels, VCEs, Intermediate or Higher Diploma, Welsh Baccalaureate Intermediate Diploma, NVQ level 2, Intermediate GNVQ, City and Guilds Craft, BTEC First or General Diploma, RSA Diploma",2,Male,20211
E92000001,England,4,Aged 20 to 24 years,1,"Asian, Asian British or Asian Welsh",3,"Level 3 qualifications: 2 or more A levels or VCEs, 4 or more AS levels, Higher School Certificate, Progression or Advanced Diploma, Welsh Baccalaureate Advance Diploma, NVQ level 3; Advanced GNVQ, City and Guilds Advanced Craft, ONC, OND, BTEC National, RSA Advanced Diploma",1,Female,59489
E92000001,England,4,Aged 20 to 24 years,1,"Asian, Asian British or Asian Welsh",3,"Level 3 qualifications: 2 or more A levels or VCEs, 4 or more AS levels, Higher School Certificate, Progression or Advanced Diploma, Welsh Baccalaureate Advance Diploma, NVQ level 3; Advanced GNVQ, City and Guilds Advanced Craft, ONC, OND, BTEC National, RSA Advanced Diploma",2,Male,64748
E92000001,England,4,Aged 20 to 24 years,1,"Asian, Asian British or Asian Welsh",4,"Level 4 qualifications or above: degree (BA, BSc), higher degree (MA, PhD, PGCE), NVQ level 4 to 5, HNC, HND, RSA Higher Diploma, BTEC Higher level, professional qualifications (for example, teaching, nursing, accountancy)",1,Female,80868
E92000001,England,4,Aged 20 to 24 years,1,"Asian, Asian British or Asian Welsh",4,"Level 4 qualifications or above: degree (BA, BSc), higher degree (MA, PhD, PGCE), NVQ level 4 to 5, HNC, HND, RSA Higher Diploma, BTEC Higher level, professional qualifications (for example, teaching, nursing, accountancy)",2,Male,71032
E92000001,England,4,Aged 20 to 24 years,1,"Asian, Asian British or Asian Welsh",5,"Other: apprenticeships, vocational or work-related qualifications, other qualifications achieved in England or Wales, qualifications achieved outside England or Wales (equivalent not stated or unknown)",1,Female,6802
E92000001,England,4,Aged 20 to 24 years,1,"Asian, Asian British or Asian Welsh",5,"Other: apprenticeships, vocational or work-related qualifications, other qualifications achieved in England or Wales, qualifications achieved outside England or Wales (equivalent not stated or unknown)",2,Male,7924
E92000001,England,4,Aged 20 to 24 years,2,"Black, Black British, Black Welsh, Caribbean or African",-8,Does not apply,1,Female,0
E92000001,England,4,Aged 20 to 24 years,2,"Black, Black British, Black Welsh, Caribbean or African",-8,Does not apply,2,Male,0
E92000001,England,4,Aged 20 to 24 years,2,"Black, Black British, Black Welsh, Caribbean or African",0,No qualifications,1,Female,3239
E92000001,England,4,Aged 20 to 24 years,2,"Black, Black British, Black Welsh, Caribbean or African",0,No qualifications,2,Male,5219
E92000001,England,4,Aged 20 to 24 years,2,"Black, Black British, Black Welsh, Caribbean or African",1,"Level 1 and entry level qualifications: 1 to 4 GCSEs grade A* to C, Any GCSEs at other grades, O levels or CSEs (any grades), 1 AS level, NVQ level 1, Foundation GNVQ, Basic or Essential Skills",1,Female,3873
E92000001,England,4,Aged 20 to 24 years,2,"Black, Black British, Black Welsh, Caribbean or African",1,"Level 1 and entry level qualifications: 1 to 4 GCSEs grade A* to C, Any GCSEs at other grades, O levels or CSEs (any grades), 1 AS level, NVQ level 1, Foundation GNVQ, Basic or Essential Skills",2,Male,6680
E92000001,England,4,Aged 20 to 24 years,2,"Black, Black British, Black Welsh, Caribbean or African",2,"Level 2 qualifications: 5 or more GCSEs (A* to C or 9 to 4), O levels (passes), CSEs (grade 1), School Certification, 1 A level, 2 to 3 AS levels, VCEs, Intermediate or Higher Diploma, Welsh Baccalaureate Intermediate Diploma, NVQ level 2, Intermediate GNVQ, City and Guilds Craft, BTEC First or General Diploma, RSA Diploma",1,Female,7559
E92000001,England,4,Aged 20 to 24 years,2,"Black, Black British, Black Welsh, Caribbean or African",2,"Level 2 qualifications: 5 or more GCSEs (A* to C or 9 to 4), O levels (passes), CSEs (grade 1), School Certification, 1 A level, 2 to 3 AS levels, VCEs, Intermediate or Higher Diploma, Welsh Baccalaureate Intermediate Diploma, NVQ level 2, Intermediate GNVQ, City and Guilds Craft, BTEC First or General Diploma, RSA Diploma",2,Male,11010
E92000001,England,4,Aged 20 to 24 years,2,"Black, Black British, Black Welsh, Caribbean or African",3,"Level 3 qualifications: 2 or more A levels or VCEs, 4 or more AS levels, Higher School Certificate, Progression or Advanced Diploma, Welsh Baccalaureate Advance Diploma, NVQ level 3; Advanced GNVQ, City and Guilds Advanced Craft, ONC, OND, BTEC National, RSA Advanced Diploma",1,Female,28854
E92000001,England,4,Aged 20 to 24 years,2,"Black, Black British, Black Welsh, Caribbean or African",3,"Level 3 qualifications: 2 or more A levels or VCEs, 4 or more AS levels, Higher School Certificate, Progression or Advanced Diploma, Welsh Baccalaureate Advance Diploma, NVQ level 3; Advanced GNVQ, City and Guilds Advanced Craft, ONC, OND, BTEC National, RSA Advanced Diploma",2,Male,28668
E92000001,England,4,Aged 20 to 24 years,2,"Black, Black British, Black Welsh, Caribbean or African",4,"Level 4 qualifications or above: degree (BA, BSc), higher degree (MA, PhD, PGCE), NVQ level 4 to 5, HNC, HND, RSA Higher Diploma, BTEC Higher level, professional qualifications (for example, teaching, nursing, accountancy)",1,Female,36003
E92000001,England,4,Aged 20 to 24 years,2,"Black, Black British, Black Welsh, Caribbean or African",4,"Level 4 qualifications or above: degree (BA, BSc), higher degree (MA, PhD, PGCE), NVQ level 4 to 5, HNC, HND, RSA Higher Diploma, BTEC Higher level, professional qualifications (for example, teaching, nursing, accountancy)",2,Male,26492
E92000001,England,4,Aged 20 to 24 years,2,"Black, Black British, Black Welsh, Caribbean or African",5,"Other: apprenticeships, vocational or work-related qualifications, other qualifications achieved in England or Wales, qualifications achieved outside England or Wales (equivalent not stated or unknown)",1,Female,2792
E92000001,England,4,Aged 20 to 24 years,2,"Black, Black British, Black Welsh, Caribbean or African",5,"Other: apprenticeships, vocational or work-related qualifications, other qualifications achieved in England or Wales, qualifications achieved outside England or Wales (equivalent not stated or unknown)",2,Male,4158
E92000001,England,4,Aged 20 to 24 years,3,Mixed or Multiple ethnic groups,-8,Does not apply,1,Female,0
E92000001,England,4,Aged 20 to 24 years,3,Mixed or Multiple ethnic groups,-8,Does not apply,2,Male,0
E92000001,England,4,Aged 20 to 24 years,3,Mixed or Multiple ethnic groups,0,No qualifications,1,Female,2893
E92000001,England,4,Aged 20 to 24 years,3,Mixed or Multiple ethnic groups,0,No qualifications,2,Male,4332
E92000001,England,4,Aged 20 to 24 years,3,Mixed or Multiple ethnic groups,1,"Level 1 and entry level qualifications: 1 to 4 GCSEs grade A* to C, Any GCSEs at other grades, O levels or CSEs (any grades), 1 AS level, NVQ level 1, Foundation GNVQ, Basic or Essential Skills",1,Female,4052
E92000001,England,4,Aged 20 to 24 years,3,Mixed or Multiple ethnic groups,1,"Level 1 and entry level qualifications: 1 to 4 GCSEs grade A* to C, Any GCSEs at other grades, O levels or CSEs (any grades), 1 AS level, NVQ level 1, Foundation GNVQ, Basic or Essential Skills",2,Male,5789
E92000001,England,4,Aged 20 to 24 years,3,Mixed or Multiple ethnic groups,2,"Level 2 qualifications: 5 or more GCSEs (A* to C or 9 to 4), O levels (passes), CSEs (grade 1), School Certification, 1 A level, 2 to 3 AS levels, VCEs, Intermediate or Higher Diploma, Welsh Baccalaureate Intermediate Diploma, NVQ level 2, Intermediate GNVQ, City and Guilds Craft, BTEC First or General Diploma, RSA Diploma",1,Female,8184
E92000001,England,4,Aged 20 to 24 years,3,Mixed or Multiple ethnic groups,2,"Level 2 qualifications: 5 or more GCSEs (A* to C or 9 to 4), O levels (passes), CSEs (grade 1), School Certification, 1 A level, 2 to 3 AS levels, VCEs, Intermediate or Higher Diploma, Welsh Baccalaureate Intermediate Diploma, NVQ level 2, Intermediate GNVQ, City and Guilds Craft, BTEC First or General Diploma, RSA Diploma",2,Male,9233
E92000001,England,4,Aged 20 to 24 years,3,Mixed or Multiple ethnic groups,3,"Level 3 qualifications: 2 or more A levels or VCEs, 4 or more AS levels, Higher School Certificate, Progression or Advanced Diploma, Welsh Baccalaureate Advance Diploma, NVQ level 3; Advanced GNVQ, City and Guilds Advanced Craft, ONC, OND, BTEC National, RSA Advanced Diploma",1,Female,25802
E92000001,England,4,Aged 20 to 24 years,3,Mixed or Multiple ethnic groups,3,"Level 3 qualifications: 2 or more A levels or VCEs, 4 or more AS levels, Higher School Certificate, Progression or Advanced Diploma, Welsh Baccalaureate Advance Diploma, NVQ level 3; Advanced GNVQ, City and Guilds Advanced Craft, ONC, OND, BTEC National, RSA Advanced Diploma",2,Male,23888
E92000001,England,4,Aged 20 to 24 years,3,Mixed or Multiple ethnic groups,4,"Level 4 qualifications or above: degree (BA, BSc), higher degree (MA, PhD, PGCE), NVQ level 4 to 5, HNC, HND, RSA Higher Diploma, BTEC Higher level, professional qualifications (for example, teaching, nursing, accountancy)",1,Female,26396
E92000001,England,4,Aged 20 to 24 years,3,Mixed or Multiple ethnic groups,4,"Level 4 qualifications or above: degree (BA, BSc), higher degree (MA, PhD, PGCE), NVQ level 4 to 5, HNC, HND, RSA Higher Diploma, BTEC Higher level, professional qualifications (for example, teaching, nursing, accountancy)",2,Male,19340
E92000001,England,4,Aged 20 to 24 years,3,Mixed or Multiple ethnic groups,5,"Other: apprenticeships, vocational or work-related qualifications, other qualifications achieved in England or Wales, qualifications achieved outside England or Wales (equivalent not stated or unknown)",1,Female,3200
E92000001,England,4,Aged 20 to 24 years,3,Mixed or Multiple ethnic groups,5,"Other: apprenticeships, vocational or work-related qualifications, other qualifications achieved in England or Wales, qualifications achieved outside England or Wales (equivalent not stated or unknown)",2,Male,3889
E92000001,England,4,Aged 20 to 24 years,4,White,-8,Does not apply,1,Female,0
E92000001,England,4,Aged 20 to 24 years,4,White,-8,Does not apply,2,Male,0
E92000001,England,4,Aged 20 to 24 years,4,White,0,No qualifications,1,Female,68117
E92000001,England,4,Aged 20 to 24 years,4,White,0,No qualifications,2,Male,88716
E92000001,England,4,Aged 20 to 24 years,4,White,1,"Level 1 and entry level qualifications: 1 to 4 GCSEs grade A* to C, Any GCSEs at other grades, O levels or CSEs (any grades), 1 AS level, NVQ level 1, Foundation GNVQ, Basic or Essential Skills",1,Female,82242
E92000001,England,4,Aged 20 to 24 years,4,White,1,"Level 1 and entry level qualifications: 1 to 4 GCSEs grade A* to C, Any GCSEs at other grades, O levels or CSEs (any grades), 1 AS level, NVQ level 1, Foundation GNVQ, Basic or Essential Skills",2,Male,116043
E92000001,England,4,Aged 20 to 24 years,4,White,2,"Level 2 qualifications: 5 or more GCSEs (A* to C or 9 to 4), O levels (passes), CSEs (grade 1), School Certification, 1 A level, 2 to 3 AS levels, VCEs, Intermediate or Higher Diploma, Welsh Baccalaureate Intermediate Diploma, NVQ level 2, Intermediate GNVQ, City and Guilds Craft, BTEC First or General Diploma, RSA Diploma",1,Female,154509
E92000001,England,4,Aged 20 to 24 years,4,White,2,"Level 2 qualifications: 5 or more GCSEs (A* to C or 9 to 4), O levels (passes), CSEs (grade 1), School Certification, 1 A level, 2 to 3 AS levels, VCEs, Intermediate or Higher Diploma, Welsh Baccalaureate Intermediate Diploma, NVQ level 2, Intermediate GNVQ, City and Guilds Craft, BTEC First or General Diploma, RSA Diploma",2,Male,175379
E92000001,England,4,Aged 20 to 24 years,4,White,3,"Level 3 qualifications: 2 or more A levels or VCEs, 4 or more AS levels, Higher School Certificate, Progression or Advanced Diploma, Welsh Baccalaureate Advance Diploma, NVQ level 3; Advanced GNVQ, City and Guilds Advanced Craft, ONC, OND, BTEC National, RSA Advanced Diploma",1,Female,450354
E92000001,England,4,Aged 20 to 24 years,4,White,3,"Level 3 qualifications: 2 or more A levels or VCEs, 4 or more AS levels, Higher School Certificate, Progression or Advanced Diploma, Welsh Baccalaureate Advance Diploma, NVQ level 3; Advanced GNVQ, City and Guilds Advanced Craft, ONC, OND, BTEC National, RSA Advanced Diploma",2,Male,435008
E92000001,England,4,Aged 20 to 24 years,4,White,4,"Level 4 qualifications or above: degree (BA, BSc), higher degree (MA, PhD, PGCE), NVQ level 4 to 5, HNC, HND, RSA Higher Diploma, BTEC Higher level, professional qualifications (for example, teaching, nursing, accountancy)",1,Female,411511
E92000001,England,4,Aged 20 to 24 years,4,White,4,"Level 4 qualifications or above: degree (BA, BSc), higher degree (MA, PhD, PGCE), NVQ level 4 to 5, HNC, HND, RSA Higher Diploma, BTEC Higher level, professional qualifications (for example, teaching, nursing, accountancy)",2,Male,320032
E92000001,England,4,Aged 20 to 24 years,4,White,5,"Other: apprenticeships, vocational or work-related qualifications, other qualifications achieved in England or Wales, qualifications achieved outside England or Wales (equivalent not stated or unknown)",1,Female,69885
E92000001,England,4,Aged 20 to 24 years,4,White,5,"Other: apprenticeships, vocational or work-related qualifications, other qualifications achieved in England or Wales, qualifications achieved outside England or Wales (equivalent not stated or unknown)",2,Male,96757
E92000001,England,4,Aged 20 to 24 years,5,Other ethnic group,-8,Does not apply,1,Female,0
E92000001,England,4,Aged 20 to 24 years,5,Other ethnic group,-8,Does not apply,2,Male,0
E92000001,England,4,Aged 20 to 24 years,5,Other ethnic group,0,No qualifications,1,Female,4862
E92000001,England,4,Aged 20 to 24 years,5,Other ethnic group,0,No qualifications,2,Male,5854
E92000001,England,4,Aged 20 to 24 years,5,Other ethnic group,1,"Level 1 and entry level qualifications: 1 to 4 GCSEs grade A* to C, Any GCSEs at other grades, O levels or CSEs (any grades), 1 AS level, NVQ level 1, Foundation GNVQ, Basic or Essential Skills",1,Female,2392
E92000001,England,4,Aged 20 to 24 years,5,Other ethnic group,1,"Level 1 and entry level qualifications: 1 to 4 GCSEs grade A* to C, Any GCSEs at other grades, O levels or CSEs (any grades), 1 AS level, NVQ level 1, Foundation GNVQ, Basic or Essential Skills",2,Male,3457
E92000001,England,4,Aged 20 to 24 years,5,Other ethnic group,2,"Level 2 qualifications: 5 or more GCSEs (A* to C or 9 to 4), O levels (passes), CSEs (grade 1), School Certification, 1 A level, 2 to 3 AS levels, VCEs, Intermediate or Higher Diploma, Welsh Baccalaureate Intermediate Diploma, NVQ level 2, Intermediate GNVQ, City and Guilds Craft, BTEC First or General Diploma, RSA Diploma",1,Female,3038
E92000001,England,4,Aged 20 to 24 years,5,Other ethnic group,2,"Level 2 qualifications: 5 or more GCSEs (A* to C or 9 to 4), O levels (passes), CSEs (grade 1), School Certification, 1 A level, 2 to 3 AS levels, VCEs, Intermediate or Higher Diploma, Welsh Baccalaureate Intermediate Diploma, NVQ level 2, Intermediate GNVQ, City and Guilds Craft, BTEC First or General Diploma, RSA Diploma",2,Male,4025
E92000001,England,4,Aged 20 to 24 years,5,Other ethnic group,3,"Level 3 qualifications: 2 or more A levels or VCEs, 4 or more AS levels, Higher School Certificate, Progression or Advanced Diploma, Welsh Baccalaureate Advance Diploma, NVQ level 3; Advanced GNVQ, City and Guilds Advanced Craft, ONC, OND, BTEC National, RSA Advanced Diploma",1,Female,11052
E92000001,England,4,Aged 20 to 24 years,5,Other ethnic group,3,"Level 3 qualifications: 2 or more A levels or VCEs, 4 or more AS levels, Higher School Certificate, Progression or Advanced Diploma, Welsh Baccalaureate Advance Diploma, NVQ level 3; Advanced GNVQ, City and Guilds Advanced Craft, ONC, OND, BTEC National, RSA Advanced Diploma",2,Male,11593
E92000001,England,4,Aged 20 to 24 years,5,Other ethnic group,4,"Level 4 qualifications or above: degree (BA, BSc), higher degree (MA, PhD, PGCE), NVQ level 4 to 5, HNC, HND, RSA Higher Diploma, BTEC Higher level, professional qualifications (for example, teaching, nursing, accountancy)",1,Female,16478
E92000001,England,4,Aged 20 to 24 years,5,Other ethnic group,4,"Level 4 qualifications or above: degree (BA, BSc), higher degree (MA, PhD, PGCE), NVQ level 4 to 5, HNC, HND, RSA Higher Diploma, BTEC Higher level, professional qualifications (for example, teaching, nursing, accountancy)",2,Male,13963
E92000001,England,4,Aged 20 to 24 years,5,Other ethnic group,5,"Other: apprenticeships, vocational or work-related qualifications, other qualifications achieved in England or Wales, qualifications achieved outside England or Wales (equivalent not stated or unknown)",1,Female,2264
E92000001,England,4,Aged 20 to 24 years,5,Other ethnic group,5,"Other: apprenticeships, vocational or work-related qualifications, other qualifications achieved in England or Wales, qualifications achieved outside England or Wales (equivalent not stated or unknown)",2,Male,2663
E92000001,England,5,Aged 25 to 29 years,-8,Does not apply,-8,Does not apply,1,Female,0
E92000001,England,5,Aged 25 to 29 years,-8,Does not apply,-8,Does not apply,2,Male,0
E92000001,England,5,Aged 25 to 29 years,-8,Does not apply,0,No qualifications,1,Female,0
E92000001,England,5,Aged 25 to 29 years,-8,Does not apply,0,No qualifications,2,Male,0
E92000001,England,5,Aged 25 to 29 years,-8,Does not apply,1,"Level 1 and entry level qualifications: 1 to 4 GCSEs grade A* to C, Any GCSEs at other grades, O levels or CSEs (any grades), 1 AS level, NVQ level 1, Foundation GNVQ, Basic or Essential Skills",1,Female,0
E92000001,England,5,Aged 25 to 29 years,-8,Does not apply,1,"Level 1 and entry level qualifications: 1 to 4 GCSEs grade A* to C, Any GCSEs at other grades, O levels or CSEs (any grades), 1 AS level, NVQ level 1, Foundation GNVQ, Basic or Essential Skills",2,Male,0
E92000001,England,5,Aged 25 to 29 years,-8,Does not apply,2,"Level 2 qualifications: 5 or more GCSEs (A* to C or 9 to 4), O levels (passes), CSEs (grade 1), School Certification, 1 A level, 2 to 3 AS levels, VCEs, Intermediate or Higher Diploma, Welsh Baccalaureate Intermediate Diploma, NVQ level 2, Intermediate GNVQ, City and Guilds Craft, BTEC First or General Diploma, RSA Diploma",1,Female,0
E92000001,England,5,Aged 25 to 29 years,-8,Does not apply,2,"Level 2 qualifications: 5 or more GCSEs (A* to C or 9 to 4), O levels (passes), CSEs (grade 1), School Certification, 1 A level, 2 to 3 AS levels, VCEs, Intermediate or Higher Diploma, Welsh Baccalaureate Intermediate Diploma, NVQ level 2, Intermediate GNVQ, City and Guilds Craft, BTEC First or General Diploma, RSA Diploma",2,Male,0
E92000001,England,5,Aged 25 to 29 years,-8,Does not apply,3,"Level 3 qualifications: 2 or more A levels or VCEs, 4 or more AS levels, Higher School Certificate, Progression or Advanced Diploma, Welsh Baccalaureate Advance Diploma, NVQ level 3; Advanced GNVQ, City and Guilds Advanced Craft, ONC, OND, BTEC National, RSA Advanced Diploma",1,Female,0
E92000001,England,5,Aged 25 to 29 years,-8,Does not apply,3,"Level 3 qualifications: 2 or more A levels or VCEs, 4 or more AS levels, Higher School Certificate, Progression or Advanced Diploma, Welsh Baccalaureate Advance Diploma, NVQ level 3; Advanced GNVQ, City and Guilds Advanced Craft, ONC, OND, BTEC National, RSA Advanced Diploma",2,Male,0
E92000001,England,5,Aged 25 to 29 years,-8,Does not apply,4,"Level 4 qualifications or above: degree (BA, BSc), higher degree (MA, PhD, PGCE), NVQ level 4 to 5, HNC, HND, RSA Higher Diploma, BTEC Higher level, professional qualifications (for example, teaching, nursing, accountancy)",1,Female,0
E92000001,England,5,Aged 25 to 29 years,-8,Does not apply,4,"Level 4 qualifications or above: degree (BA, BSc), higher degree (MA, PhD, PGCE), NVQ level 4 to 5, HNC, HND, RSA Higher Diploma, BTEC Higher level, professional qualifications (for example, teaching, nursing, accountancy)",2,Male,0
E92000001,England,5,Aged 25 to 29 years,-8,Does not apply,5,"Other: apprenticeships, vocational or work-related qualifications, other qualifications achieved in England or Wales, qualifications achieved outside England or Wales (equivalent not stated or unknown)",1,Female,0
E92000001,England,5,Aged 25 to 29 years,-8,Does not apply,5,"Other: apprenticeships, vocational or work-related qualifications, other qualifications achieved in England or Wales, qualifications achieved outside England or Wales (equivalent not stated or unknown)",2,Male,0
E92000001,England,5,Aged 25 to 29 years,1,"Asian, Asian British or Asian Welsh",-8,Does not apply,1,Female,0
E92000001,England,5,Aged 25 to 29 years,1,"Asian, Asian British or Asian Welsh",-8,Does not apply,2,Male,0
E92000001,England,5,Aged 25 to 29 years,1,"Asian, Asian British or Asian Welsh",0,No qualifications,1,Female,16283
E92000001,England,5,Aged 25 to 29 years,1,"Asian, Asian British or Asian Welsh",0,No qualifications,2,Male,15418
E92000001,England,5,Aged 25 to 29 years,1,"Asian, Asian British or Asian Welsh",1,"Level 1 and entry level qualifications: 1 to 4 GCSEs grade A* to C, Any GCSEs at other grades, O levels or CSEs (any grades), 1 AS level, NVQ level 1, Foundation GNVQ, Basic or Essential Skills",1,Female,10666
E92000001,England,5,Aged 25 to 29 years,1,"Asian, Asian British or Asian Welsh",1,"Level 1 and entry level qualifications: 1 to 4 GCSEs grade A* to C, Any GCSEs at other grades, O levels or CSEs (any grades), 1 AS level, NVQ level 1, Foundation GNVQ, Basic or Essential Skills",2,Male,11587
E92000001,England,5,Aged 25 to 29 years,1,"Asian, Asian British or Asian Welsh",2,"Level 2 qualifications: 5 or more GCSEs (A* to C or 9 to 4), O levels (passes), CSEs (grade 1), School Certification, 1 A level, 2 to 3 AS levels, VCEs, Intermediate or Higher Diploma, Welsh Baccalaureate Intermediate Diploma, NVQ level 2, Intermediate GNVQ, City and Guilds Craft, BTEC First or General Diploma, RSA Diploma",1,Female,11619
E92000001,England,5,Aged 25 to 29 years,1,"Asian, Asian British or Asian Welsh",2,"Level 2 qualifications: 5 or more GCSEs (A* to C or 9 to 4), O levels (passes), CSEs (grade 1), School Certification, 1 A level, 2 to 3 AS levels, VCEs, Intermediate or Higher Diploma, Welsh Baccalaureate Intermediate Diploma, NVQ level 2, Intermediate GNVQ, City and Guilds Craft, BTEC First or General Diploma, RSA Diploma",2,Male,15016
E92000001,England,5,Aged 25 to 29 years,1,"Asian, Asian British or Asian Welsh",3,"Level 3 qualifications: 2 or more A levels or VCEs, 4 or more AS levels, Higher School Certificate, Progression or Advanced Diploma, Welsh Baccalaureate Advance Diploma, NVQ level 3; Advanced GNVQ, City and Guilds Advanced Craft, ONC, OND, BTEC National, RSA Advanced Diploma",1,Female,23507
E92000001,England,5,Aged 25 to 29 years,1,"Asian, Asian British or Asian Welsh",3,"Level 3 qualifications: 2 or more A levels or VCEs, 4 or more AS levels, Higher School Certificate, Progression or Advanced Diploma, Welsh Baccalaureate Advance Diploma, NVQ level 3; Advanced GNVQ, City and Guilds Advanced Craft, ONC, OND, BTEC National, RSA Advanced Diploma",2,Male,26590
E92000001,England,5,Aged 25 to 29 years,1,"Asian, Asian British or Asian Welsh",4,"Level 4 qualifications or above: degree (BA, BSc), higher degree (MA, PhD, PGCE), NVQ level 4 to 5, HNC, HND, RSA Higher Diploma, BTEC Higher level, professional qualifications (for example, teaching, nursing, accountancy)",1,Female,135544
E92000001,England,5,Aged 25 to 29 years,1,"Asian, Asian British or Asian Welsh",4,"Level 4 qualifications or above: degree (BA, BSc), higher degree (MA, PhD, PGCE), NVQ level 4 to 5, HNC, HND, RSA Higher Diploma, BTEC Higher level, professional qualifications (for example, teaching, nursing, accountancy)",2,Male,110682
E92000001,England,5,Aged 25 to 29 years,1,"Asian, Asian British or Asian Welsh",5,"Other: apprenticeships, vocational or work-related qualifications, other qualifications achieved in England or Wales, qualifications achieved outside England or Wales (equivalent not stated or unknown)",1,Female,9347
E92000001,England,5,Aged 25 to 29 years,1,"Asian, Asian British or Asian Welsh",5,"Other: apprenticeships, vocational or work-related qualifications, other qualifications achieved in England or Wales, qualifications achieved outside England or Wales (equivalent not stated or unknown)",2,Male,8761
E92000001,England,5,Aged 25 to 29 years,2,"Black, Black British, Black Welsh, Caribbean or African",-8,Does not apply,1,Female,0
E92000001,England,5,Aged 25 to 29 years,2,"Black, Black British, Black Welsh, Caribbean or African",-8,Does not apply,2,Male,0
E92000001,England,5,Aged 25 to 29 years,2,"Black, Black British, Black Welsh, Caribbean or African",0,No qualifications,1,Female,5382
E92000001,England,5,Aged 25 to 29 years,2,"Black, Black British, Black Welsh, Caribbean or African",0,No qualifications,2,Male,5694
E92000001,England,5,Aged 25 to 29 years,2,"Black, Black British, Black Welsh, Caribbean or African",1,"Level 1 and entry level qualifications: 1 to 4 GCSEs grade A* to C, Any GCSEs at other grades, O levels or CSEs (any grades), 1 AS level, NVQ level 1, Foundation GNVQ, Basic or Essential Skills",1,Female,3901
E92000001,England,5,Aged 25 to 29 years,2,"Black, Black British, Black Welsh, Caribbean or African",1,"Level 1 and entry level qualifications: 1 to 4 GCSEs grade A* to C, Any GCSEs at other grades, O levels or CSEs (any grades), 1 AS level, NVQ level 1, Foundation GNVQ, Basic or Essential Skills",2,Male,4642
E92000001,England,5,Aged 25 to 29 years,2,"Black, Black British, Black Welsh, Caribbean or African",2,"Level 2 qualifications: 5 or more GCSEs (A* to C or 9 to 4), O levels (passes), CSEs (grade 1), School Certification, 1 A level, 2 to 3 AS levels, VCEs, Intermediate or Higher Diploma, Welsh Baccalaureate Intermediate Diploma, NVQ level 2, Intermediate GNVQ, City and Guilds Craft, BTEC First or General Diploma, RSA Diploma",1,Female,5352
E92000001,England,5,Aged 25 to 29 years,2,"Black, Black British, Black Welsh, Caribbean or African",2,"Level 2 qualifications: 5 or more GCSEs (A* to C or 9 to 4), O levels (passes), CSEs (grade 1), School Certification, 1 A level, 2 to 3 AS levels, VCEs, Intermediate or Higher Diploma, Welsh Baccalaureate Intermediate Diploma, NVQ level 2, Intermediate GNVQ, City and Guilds Craft, BTEC First or General Diploma, RSA Diploma",2,Male,7074
E92000001,England,5,Aged 25 to 29 years,2,"Black, Black British, Black Welsh, Caribbean or African",3,"Level 3 qualifications: 2 or more A levels or VCEs, 4 or more AS levels, Higher School Certificate, Progression or Advanced Diploma, Welsh Baccalaureate Advance Diploma, NVQ level 3; Advanced GNVQ, City and Guilds Advanced Craft, ONC, OND, BTEC National, RSA Advanced Diploma",1,Female,12698
E92000001,England,5,Aged 25 to 29 years,2,"Black, Black British, Black Welsh, Caribbean or African",3,"Level 3 qualifications: 2 or more A levels or VCEs, 4 or more AS levels, Higher School Certificate, Progression or Advanced Diploma, Welsh Baccalaureate Advance Diploma, NVQ level 3; Advanced GNVQ, City and Guilds Advanced Craft, ONC, OND, BTEC National, RSA Advanced Diploma",2,Male,13904
E92000001,England,5,Aged 25 to 29 years,2,"Black, Black British, Black Welsh, Caribbean or African",4,"Level 4 qualifications or above: degree (BA, BSc), higher degree (MA, PhD, PGCE), NVQ level 4 to 5, HNC, HND, RSA Higher Diploma, BTEC Higher level, professional qualifications (for example, teaching, nursing, accountancy)",1,Female,57456
E92000001,England,5,Aged 25 to 29 years,2,"Black, Black British, Black Welsh, Caribbean or African",4,"Level 4 qualifications or above: degree (BA, BSc), higher degree (MA, PhD, PGCE), NVQ level 4 to 5, HNC, HND, RSA Higher Diploma, BTEC Higher level, professional qualifications (for example, teaching, nursing, accountancy)",2,Male,40345
E92000001,England,5,Aged 25 to 29 years,2,"Black, Black British, Black Welsh, Caribbean or African",5,"Other: apprenticeships, vocational or work-related qualifications, other qualifications achieved in England or Wales, qualifications achieved outside England or Wales (equivalent not stated or unknown)",1,Female,2931
E92000001,England,5,Aged 25 to 29 years,2,"Black, Black British, Black Welsh, Caribbean or African",5,"Other: apprenticeships, vocational or work-related qualifications, other qualifications achieved in England or Wales, qualifications achieved outside England or Wales (equivalent not stated or unknown)",2,Male,3775
E92000001,England,5,Aged 25 to 29 years,3,Mixed or Multiple ethnic groups,-8,Does not apply,1,Female,0
E92000001,England,5,Aged 25 to 29 years,3,Mixed or Multiple ethnic groups,-8,Does not apply,2,Male,0
E92000001,England,5,Aged 25 to 29 years,3,Mixed or Multiple ethnic groups,0,No qualifications,1,Female,3309
E92000001,England,5,Aged 25 to 29 years,3,Mixed or Multiple ethnic groups,0,No qualifications,2,Male,4314
E92000001,England,5,Aged 25 to 29 years,3,Mixed or Multiple ethnic groups,1,"Level 1 and entry level qualifications: 1 to 4 GCSEs grade A* to C, Any GCSEs at other grades, O levels or CSEs (any grades), 1 AS level, NVQ level 1, Foundation GNVQ, Basic or Essential Skills",1,Female,3109
E92000001,England,5,Aged 25 to 29 years,3,Mixed or Multiple ethnic groups,1,"Level 1 and entry level qualifications: 1 to 4 GCSEs grade A* to C, Any GCSEs at other grades, O levels or CSEs (any grades), 1 AS level, NVQ level 1, Foundation GNVQ, Basic or Essential Skills",2,Male,4013
E92000001,England,5,Aged 25 to 29 years,3,Mixed or Multiple ethnic groups,2,"Level 2 qualifications: 5 or more GCSEs (A* to C or 9 to 4), O levels (passes), CSEs (grade 1), School Certification, 1 A level, 2 to 3 AS levels, VCEs, Intermediate or Higher Diploma, Welsh Baccalaureate Intermediate Diploma, NVQ level 2, Intermediate GNVQ, City and Guilds Craft, BTEC First or General Diploma, RSA Diploma",1,Female,6438
E92000001,England,5,Aged 25 to 29 years,3,Mixed or Multiple ethnic groups,2,"Level 2 qualifications: 5 or more GCSEs (A* to C or 9 to 4), O levels (passes), CSEs (grade 1), School Certification, 1 A level, 2 to 3 AS levels, VCEs, Intermediate or Higher Diploma, Welsh Baccalaureate Intermediate Diploma, NVQ level 2, Intermediate GNVQ, City and Guilds Craft, BTEC First or General Diploma, RSA Diploma",2,Male,6789
E92000001,England,5,Aged 25 to 29 years,3,Mixed or Multiple ethnic groups,3,"Level 3 qualifications: 2 or more A levels or VCEs, 4 or more AS levels, Higher School Certificate, Progression or Advanced Diploma, Welsh Baccalaureate Advance Diploma, NVQ level 3; Advanced GNVQ, City and Guilds Advanced Craft, ONC, OND, BTEC National, RSA Advanced Diploma",1,Female,12955
E92000001,England,5,Aged 25 to 29 years,3,Mixed or Multiple ethnic groups,3,"Level 3 qualifications: 2 or more A levels or VCEs, 4 or more AS levels, Higher School Certificate, Progression or Advanced Diploma, Welsh Baccalaureate Advance Diploma, NVQ level 3; Advanced GNVQ, City and Guilds Advanced Craft, ONC, OND, BTEC National, RSA Advanced Diploma",2,Male,12238
E92000001,England,5,Aged 25 to 29 years,3,Mixed or Multiple ethnic groups,4,"Level 4 qualifications or above: degree (BA, BSc), higher degree (MA, PhD, PGCE), NVQ level 4 to 5, HNC, HND, RSA Higher Diploma, BTEC Higher level, professional qualifications (for example, teaching, nursing, accountancy)",1,Female,39130
E92000001,England,5,Aged 25 to 29 years,3,Mixed or Multiple ethnic groups,4,"Level 4 qualifications or above: degree (BA, BSc), higher degree (MA, PhD, PGCE), NVQ level 4 to 5, HNC, HND, RSA Higher Diploma, BTEC Higher level, professional qualifications (for example, teaching, nursing, accountancy)",2,Male,28818
E92000001,England,5,Aged 25 to 29 years,3,Mixed or Multiple ethnic groups,5,"Other: apprenticeships, vocational or work-related qualifications, other qualifications achieved in England or Wales, qualifications achieved outside England or Wales (equivalent not stated or unknown)",1,Female,2778
E92000001,England,5,Aged 25 to 29 years,3,Mixed or Multiple ethnic groups,5,"Other: apprenticeships, vocational or work-related qualifications, other qualifications achieved in England or Wales, qualifications achieved outside England or Wales (equivalent not stated or unknown)",2,Male,3395
E92000001,England,5,Aged 25 to 29 years,4,White,-8,Does not apply,1,Female,0
E92000001,England,5,Aged 25 to 29 years,4,White,-8,Does not apply,2,Male,0
E92000001,England,5,Aged 25 to 29 years,4,White,0,No qualifications,1,Female,93895
E92000001,England,5,Aged 25 to 29 years,4,White,0,No qualifications,2,Male,113147
E92000001,England,5,Aged 25 to 29 years,4,White,1,"Level 1 and entry level qualifications: 1 to 4 GCSEs grade A* to C, Any GCSEs at other grades, O levels or CSEs (any grades), 1 AS level, NVQ level 1, Foundation GNVQ, Basic or Essential Skills",1,Female,83451
E92000001,England,5,Aged 25 to 29 years,4,White,1,"Level 1 and entry level qualifications: 1 to 4 GCSEs grade A* to C, Any GCSEs at other grades, O levels or CSEs (any grades), 1 AS level, NVQ level 1, Foundation GNVQ, Basic or Essential Skills",2,Male,109394
E92000001,England,5,Aged 25 to 29 years,4,White,2,"Level 2 qualifications: 5 or more GCSEs (A* to C or 9 to 4), O levels (passes), CSEs (grade 1), School Certification, 1 A level, 2 to 3 AS levels, VCEs, Intermediate or Higher Diploma, Welsh Baccalaureate Intermediate Diploma, NVQ level 2, Intermediate GNVQ, City and Guilds Craft, BTEC First or General Diploma, RSA Diploma",1,Female,161846
E92000001,England,5,Aged 25 to 29 years,4,White,2,"Level 2 qualifications: 5 or more GCSEs (A* to C or 9 to 4), O levels (passes), CSEs (grade 1), School Certification, 1 A level, 2 to 3 AS levels, VCEs, Intermediate or Higher Diploma, Welsh Baccalaureate Intermediate Diploma, NVQ level 2, Intermediate GNVQ, City and Guilds Craft, BTEC First or General Diploma, RSA Diploma",2,Male,180493
E92000001,England,5,Aged 25 to 29 years,4,White,3,"Level 3 qualifications: 2 or more A levels or VCEs, 4 or more AS levels, Higher School Certificate, Progression or Advanced Diploma, Welsh Baccalaureate Advance Diploma, NVQ level 3; Advanced GNVQ, City and Guilds Advanced Craft, ONC, OND, BTEC National, RSA Advanced Diploma",1,Female,330902
E92000001,England,5,Aged 25 to 29 years,4,White,3,"Level 3 qualifications: 2 or more A levels or VCEs, 4 or more AS levels, Higher School Certificate, Progression or Advanced Diploma, Welsh Baccalaureate Advance Diploma, NVQ level 3; Advanced GNVQ, City and Guilds Advanced Craft, ONC, OND, BTEC National, RSA Advanced Diploma",2,Male,327936
E92000001,England,5,Aged 25 to 29 years,4,White,4,"Level 4 qualifications or above: degree (BA, BSc), higher degree (MA, PhD, PGCE), NVQ level 4 to 5, HNC, HND, RSA Higher Diploma, BTEC Higher level, professional qualifications (for example, teaching, nursing, accountancy)",1,Female,725833
E92000001,England,5,Aged 25 to 29 years,4,White,4,"Level 4 qualifications or above: degree (BA, BSc), higher degree (MA, PhD, PGCE), NVQ level 4 to 5, HNC, HND, RSA Higher Diploma, BTEC Higher level, professional qualifications (for example, teaching, nursing, accountancy)",2,Male,578534
E92000001,England,5,Aged 25 to 29 years,4,White,5,"Other: apprenticeships, vocational or work-related qualifications, other qualifications achieved in England or Wales, qualifications achieved outside England or Wales (equivalent not stated or unknown)",1,Female,72693
E92000001,England,5,Aged 25 to 29 years,4,White,5,"Other: apprenticeships, vocational or work-related qualifications, other qualifications achieved in England or Wales, qualifications achieved outside England or Wales (equivalent not stated or unknown)",2,Male,99400
E92000001,England,5,Aged 25 to 29 years,5,Other ethnic group,-8,Does not apply,1,Female,0
E92000001,England,5,Aged 25 to 29 years,5,Other ethnic group,-8,Does not apply,2,Male,0
E92000001,England,5,Aged 25 to 29 years,5,Other ethnic group,0,No qualifications,1,Female,8134
E92000001,England,5,Aged 25 to 29 years,5,Other ethnic group,0,No qualifications,2,Male,9097
E92000001,England,5,Aged 25 to 29 years,5,Other ethnic group,1,"Level 1 and entry level qualifications: 1 to 4 GCSEs grade A* to C, Any GCSEs at other grades, O levels or CSEs (any grades), 1 AS level, NVQ level 1, Foundation GNVQ, Basic or Essential Skills",1,Female,3058
E92000001,England,5,Aged 25 to 29 years,5,Other ethnic group,1,"Level 1 and entry level qualifications: 1 to 4 GCSEs grade A* to C, Any GCSEs at other grades, O levels or CSEs (any grades), 1 AS level, NVQ level 1, Foundation GNVQ, Basic or Essential Skills",2,Male,3365
E92000001,England,5,Aged 25 to 29 years,5,Other ethnic group,2,"Level 2 qualifications: 5 or more GCSEs (A* to C or 9 to 4), O levels (passes), CSEs (grade 1), School Certification, 1 A level, 2 to 3 AS levels, VCEs, Intermediate or Higher Diploma, Welsh Baccalaureate Intermediate Diploma, NVQ level 2, Intermediate GNVQ, City and Guilds Craft, BTEC First or General Diploma, RSA Diploma",1,Female,2452
E92000001,England,5,Aged 25 to 29 years,5,Other ethnic group,2,"Level 2 qualifications: 5 or more GCSEs (A* to C or 9 to 4), O levels (passes), CSEs (grade 1), School Certification, 1 A level, 2 to 3 AS levels, VCEs, Intermediate or Higher Diploma, Welsh Baccalaureate Intermediate Diploma, NVQ level 2, Intermediate GNVQ, City and Guilds Craft, BTEC First or General Diploma, RSA Diploma",2,Male,3034
E92000001,England,5,Aged 25 to 29 years,5,Other ethnic group,3,"Level 3 qualifications: 2 or more A levels or VCEs, 4 or more AS levels, Higher School Certificate, Progression or Advanced Diploma, Welsh Baccalaureate Advance Diploma, NVQ level 3; Advanced GNVQ, City and Guilds Advanced Craft, ONC, OND, BTEC National, RSA Advanced Diploma",1,Female,4647
E92000001,England,5,Aged 25 to 29 years,5,Other ethnic group,3,"Level 3 qualifications: 2 or more A levels or VCEs, 4 or more AS levels, Higher School Certificate, Progression or Advanced Diploma, Welsh Baccalaureate Advance Diploma, NVQ level 3; Advanced GNVQ, City and Guilds Advanced Craft, ONC, OND, BTEC National, RSA Advanced Diploma",2,Male,5270
E92000001,England,5,Aged 25 to 29 years,5,Other ethnic group,4,"Level 4 qualifications or above: degree (BA, BSc), higher degree (MA, PhD, PGCE), NVQ level 4 to 5, HNC, HND, RSA Higher Diploma, BTEC Higher level, professional qualifications (for example, teaching, nursing, accountancy)",1,Female,27237
E92000001,England,5,Aged 25 to 29 years,5,Other ethnic group,4,"Level 4 qualifications or above: degree (BA, BSc), higher degree (MA, PhD, PGCE), NVQ level 4 to 5, HNC, HND, RSA Higher Diploma, BTEC Higher level, professional qualifications (for example, teaching, nursing, accountancy)",2,Male,22034
E92000001,England,5,Aged 25 to 29 years,5,Other ethnic group,5,"Other: apprenticeships, vocational or work-related qualifications, other qualifications achieved in England or Wales, qualifications achieved outside England or Wales (equivalent not stated or unknown)",1,Female,3222
E92000001,England,5,Aged 25 to 29 years,5,Other ethnic group,5,"Other: apprenticeships, vocational or work-related qualifications, other qualifications achieved in England or Wales, qualifications achieved outside England or Wales (equivalent not stated or unknown)",2,Male,3597
E92000001,England,6,Aged 30 to 34 years,-8,Does not apply,-8,Does not apply,1,Female,0
E92000001,England,6,Aged 30 to 34 years,-8,Does not apply,-8,Does not apply,2,Male,0
E92000001,England,6,Aged 30 to 34 years,-8,Does not apply,0,No qualifications,1,Female,0
E92000001,England,6,Aged 30 to 34 years,-8,Does not apply,0,No qualifications,2,Male,0
E92000001,England,6,Aged 30 to 34 years,-8,Does not apply,1,"Level 1 and entry level qualifications: 1 to 4 GCSEs grade A* to C, Any GCSEs at other grades, O levels or CSEs (any grades), 1 AS level, NVQ level 1, Foundation GNVQ, Basic or Essential Skills",1,Female,0
E92000001,England,6,Aged 30 to 34 years,-8,Does not apply,1,"Level 1 and entry level qualifications: 1 to 4 GCSEs grade A* to C, Any GCSEs at other grades, O levels or CSEs (any grades), 1 AS level, NVQ level 1, Foundation GNVQ, Basic or Essential Skills",2,Male,0
E92000001,England,6,Aged 30 to 34 years,-8,Does not apply,2,"Level 2 qualifications: 5 or more GCSEs (A* to C or 9 to 4), O levels (passes), CSEs (grade 1), School Certification, 1 A level, 2 to 3 AS levels, VCEs, Intermediate or Higher Diploma, Welsh Baccalaureate Intermediate Diploma, NVQ level 2, Intermediate GNVQ, City and Guilds Craft, BTEC First or General Diploma, RSA Diploma",1,Female,0
E92000001,England,6,Aged 30 to 34 years,-8,Does not apply,2,"Level 2 qualifications: 5 or more GCSEs (A* to C or 9 to 4), O levels (passes), CSEs (grade 1), School Certification, 1 A level, 2 to 3 AS levels, VCEs, Intermediate or Higher Diploma, Welsh Baccalaureate Intermediate Diploma, NVQ level 2, Intermediate GNVQ, City and Guilds Craft, BTEC First or General Diploma, RSA Diploma",2,Male,0
E92000001,England,6,Aged 30 to 34 years,-8,Does not apply,3,"Level 3 qualifications: 2 or more A levels or VCEs, 4 or more AS levels, Higher School Certificate, Progression or Advanced Diploma, Welsh Baccalaureate Advance Diploma, NVQ level 3; Advanced GNVQ, City and Guilds Advanced Craft, ONC, OND, BTEC National, RSA Advanced Diploma",1,Female,0
E92000001,England,6,Aged 30 to 34 years,-8,Does not apply,3,"Level 3 qualifications: 2 or more A levels or VCEs, 4 or more AS levels, Higher School Certificate, Progression or Advanced Diploma, Welsh Baccalaureate Advance Diploma, NVQ level 3; Advanced GNVQ, City and Guilds Advanced Craft, ONC, OND, BTEC National, RSA Advanced Diploma",2,Male,0
E92000001,England,6,Aged 30 to 34 years,-8,Does not apply,4,"Level 4 qualifications or above: degree (BA, BSc), higher degree (MA, PhD, PGCE), NVQ level 4 to 5, HNC, HND, RSA Higher Diploma, BTEC Higher level, professional qualifications (for example, teaching, nursing, accountancy)",1,Female,0
E92000001,England,6,Aged 30 to 34 years,-8,Does not apply,4,"Level 4 qualifications or above: degree (BA, BSc), higher degree (MA, PhD, PGCE), NVQ level 4 to 5, HNC, HND, RSA Higher Diploma, BTEC Higher level, professional qualifications (for example, teaching, nursing, accountancy)",2,Male,0
E92000001,England,6,Aged 30 to 34 years,-8,Does not apply,5,"Other: apprenticeships, vocational or work-related qualifications, other qualifications achieved in England or Wales, qualifications achieved outside England or Wales (equivalent not stated or unknown)",1,Female,0
E92000001,England,6,Aged 30 to 34 years,-8,Does not apply,5,"Other: apprenticeships, vocational or work-related qualifications, other qualifications achieved in England or Wales, qualifications achieved outside England or Wales (equivalent not stated or unknown)",2,Male,0
E92000001,England,6,Aged 30 to 34 years,1,"Asian, Asian British or Asian Welsh",-8,Does not apply,1,Female,0
E92000001,England,6,Aged 30 to 34 years,1,"Asian, Asian British or Asian Welsh",-8,Does not apply,2,Male,0
E92000001,England,6,Aged 30 to 34 years,1,"Asian, Asian British or Asian Welsh",0,No qualifications,1,Female,30654
E92000001,England,6,Aged 30 to 34 years,1,"Asian, Asian British or Asian Welsh",0,No qualifications,2,Male,24902
E92000001,England,6,Aged 30 to 34 years,1,"Asian, Asian British or Asian Welsh",1,"Level 1 and entry level qualifications: 1 to 4 GCSEs grade A* to C, Any GCSEs at other grades, O levels or CSEs (any grades), 1 AS level, NVQ level 1, Foundation GNVQ, Basic or Essential Skills",1,Female,18833
E92000001,England,6,Aged 30 to 34 years,1,"Asian, Asian British or Asian Welsh",1,"Level 1 and entry level qualifications: 1 to 4 GCSEs grade A* to C, Any GCSEs at other grades, O levels or CSEs (any grades), 1 AS level, NVQ level 1, Foundation GNVQ, Basic or Essential Skills",2,Male,16648
E92000001,England,6,Aged 30 to 34 years,1,"Asian, Asian British or Asian Welsh",2,"Level 2 qualifications: 5 or more GCSEs (A* to C or 9 to 4), O levels (passes), CSEs (grade 1), School Certification, 1 A level, 2 to 3 AS levels, VCEs, Intermediate or Higher Diploma, Welsh Baccalaureate Intermediate Diploma, NVQ level 2, Intermediate GNVQ, City and Guilds Craft, BTEC First or General Diploma, RSA Diploma",1,Female,16196
E92000001,England,6,Aged 30 to 34 years,1,"Asian, Asian British or Asian Welsh",2,"Level 2 qualifications: 5 or more GCSEs (A* to C or 9 to 4), O levels (passes), CSEs (grade 1), School Certification, 1 A level, 2 to 3 AS levels, VCEs, Intermediate or Higher Diploma, Welsh Baccalaureate Intermediate Diploma, NVQ level 2, Intermediate GNVQ, City and Guilds Craft, BTEC First or General Diploma, RSA Diploma",2,Male,17333
E92000001,England,6,Aged 30 to 34 years,1,"Asian, Asian British or Asian Welsh",3,"Level 3 qualifications: 2 or more A levels or VCEs, 4 or more AS levels, Higher School Certificate, Progression or Advanced Diploma, Welsh Baccalaureate Advance Diploma, NVQ level 3; Advanced GNVQ, City and Guilds Advanced Craft, ONC, OND, BTEC National, RSA Advanced Diploma",1,Female,22891
E92000001,England,6,Aged 30 to 34 years,1,"Asian, Asian British or Asian Welsh",3,"Level 3 qualifications: 2 or more A levels or VCEs, 4 or more AS levels, Higher School Certificate, Progression or Advanced Diploma, Welsh Baccalaureate Advance Diploma, NVQ level 3; Advanced GNVQ, City and Guilds Advanced Craft, ONC, OND, BTEC National, RSA Advanced Diploma",2,Male,22413
E92000001,England,6,Aged 30 to 34 years,1,"Asian, Asian British or Asian Welsh",4,"Level 4 qualifications or above: degree (BA, BSc), higher degree (MA, PhD, PGCE), NVQ level 4 to 5, HNC, HND, RSA Higher Diploma, BTEC Higher level, professional qualifications (for example, teaching, nursing, accountancy)",1,Female,153372
E92000001,England,6,Aged 30 to 34 years,1,"Asian, Asian British or Asian Welsh",4,"Level 4 qualifications or above: degree (BA, BSc), higher degree (MA, PhD, PGCE), NVQ level 4 to 5, HNC, HND, RSA Higher Diploma, BTEC Higher level, professional qualifications (for example, teaching, nursing, accountancy)",2,Male,124077
E92000001,England,6,Aged 30 to 34 years,1,"Asian, Asian British or Asian Welsh",5,"Other: apprenticeships, vocational or work-related qualifications, other qualifications achieved in England or Wales, qualifications achieved outside England or Wales (equivalent not stated or unknown)",1,Female,13508
E92000001,England,6,Aged 30 to 34 years,1,"Asian, Asian British or Asian Welsh",5,"Other: apprenticeships, vocational or work-related qualifications, other qualifications achieved in England or Wales, qualifications achieved outside England or Wales (equivalent not stated or unknown)",2,Male,12180
E92000001,England,6,Aged 30 to 34 years,2,"Black, Black British, Black Welsh, Caribbean or African",-8,Does not apply,1,Female,0
E92000001,England,6,Aged 30 to 34 years,2,"Black, Black British, Black Welsh, Caribbean or African",-8,Does not apply,2,Male,0
E92000001,England,6,Aged 30 to 34 years,2,"Black, Black British, Black Welsh, Caribbean or African",0,No qualifications,1,Female,8391
E92000001,England,6,Aged 30 to 34 years,2,"Black, Black British, Black Welsh, Caribbean or African",0,No qualifications,2,Male,7603
E92000001,England,6,Aged 30 to 34 years,2,"Black, Black British, Black Welsh, Caribbean or African",1,"Level 1 and entry level qualifications: 1 to 4 GCSEs grade A* to C, Any GCSEs at other grades, O levels or CSEs (any grades), 1 AS level, NVQ level 1, Foundation GNVQ, Basic or Essential Skills",1,Female,5996
E92000001,England,6,Aged 30 to 34 years,2,"Black, Black British, Black Welsh, Caribbean or African",1,"Level 1 and entry level qualifications: 1 to 4 GCSEs grade A* to C, Any GCSEs at other grades, O levels or CSEs (any grades), 1 AS level, NVQ level 1, Foundation GNVQ, Basic or Essential Skills",2,Male,5565
E92000001,England,6,Aged 30 to 34 years,2,"Black, Black British, Black Welsh, Caribbean or African",2,"Level 2 qualifications: 5 or more GCSEs (A* to C or 9 to 4), O levels (passes), CSEs (grade 1), School Certification, 1 A level, 2 to 3 AS levels, VCEs, Intermediate or Higher Diploma, Welsh Baccalaureate Intermediate Diploma, NVQ level 2, Intermediate GNVQ, City and Guilds Craft, BTEC First or General Diploma, RSA Diploma",1,Female,6684
E92000001,England,6,Aged 30 to 34 years,2,"Black, Black British, Black Welsh, Caribbean or African",2,"Level 2 qualifications: 5 or more GCSEs (A* to C or 9 to 4), O levels (passes), CSEs (grade 1), School Certification, 1 A level, 2 to 3 AS levels, VCEs, Intermediate or Higher Diploma, Welsh Baccalaureate Intermediate Diploma, NVQ level 2, Intermediate GNVQ, City and Guilds Craft, BTEC First or General Diploma, RSA Diploma",2,Male,6625
E92000001,England,6,Aged 30 to 34 years,2,"Black, Black British, Black Welsh, Caribbean or African",3,"Level 3 qualifications: 2 or more A levels or VCEs, 4 or more AS levels, Higher School Certificate, Progression or Advanced Diploma, Welsh Baccalaureate Advance Diploma, NVQ level 3; Advanced GNVQ, City and Guilds Advanced Craft, ONC, OND, BTEC National, RSA Advanced Diploma",1,Female,11417
E92000001,England,6,Aged 30 to 34 years,2,"Black, Black British, Black Welsh, Caribbean or African",3,"Level 3 qualifications: 2 or more A levels or VCEs, 4 or more AS levels, Higher School Certificate, Progression or Advanced Diploma, Welsh Baccalaureate Advance Diploma, NVQ level 3; Advanced GNVQ, City and Guilds Advanced Craft, ONC, OND, BTEC National, RSA Advanced Diploma",2,Male,10722
E92000001,England,6,Aged 30 to 34 years,2,"Black, Black British, Black Welsh, Caribbean or African",4,"Level 4 qualifications or above: degree (BA, BSc), higher degree (MA, PhD, PGCE), NVQ level 4 to 5, HNC, HND, RSA Higher Diploma, BTEC Higher level, professional qualifications (for example, teaching, nursing, accountancy)",1,Female,55847
E92000001,England,6,Aged 30 to 34 years,2,"Black, Black British, Black Welsh, Caribbean or African",4,"Level 4 qualifications or above: degree (BA, BSc), higher degree (MA, PhD, PGCE), NVQ level 4 to 5, HNC, HND, RSA Higher Diploma, BTEC Higher level, professional qualifications (for example, teaching, nursing, accountancy)",2,Male,38592
E92000001,England,6,Aged 30 to 34 years,2,"Black, Black British, Black Welsh, Caribbean or African",5,"Other: apprenticeships, vocational or work-related qualifications, other qualifications achieved in England or Wales, qualifications achieved outside England or Wales (equivalent not stated or unknown)",1,Female,3803
E92000001,England,6,Aged 30 to 34 years,2,"Black, Black British, Black Welsh, Caribbean or African",5,"Other: apprenticeships, vocational or work-related qualifications, other qualifications achieved in England or Wales, qualifications achieved outside England or Wales (equivalent not stated or unknown)",2,Male,3986
E92000001,England,6,Aged 30 to 34 years,3,Mixed or Multiple ethnic groups,-8,Does not apply,1,Female,0
E92000001,England,6,Aged 30 to 34 years,3,Mixed or Multiple ethnic groups,-8,Does not apply,2,Male,0
E92000001,England,6,Aged 30 to 34 years,3,Mixed or Multiple ethnic groups,0,No qualifications,1,Female,4082
E92000001,England,6,Aged 30 to 34 years,3,Mixed or Multiple ethnic groups,0,No qualifications,2,Male,4975
E92000001,England,6,Aged 30 to 34 years,3,Mixed or Multiple ethnic groups,1,"Level 1 and entry level qualifications: 1 to 4 GCSEs grade A* to C, Any GCSEs at other grades, O levels or CSEs (any grades), 1 AS level, NVQ level 1, Foundation GNVQ, Basic or Essential Skills",1,Female,3665
E92000001,England,6,Aged 30 to 34 years,3,Mixed or Multiple ethnic groups,1,"Level 1 and entry level qualifications: 1 to 4 GCSEs grade A* to C, Any GCSEs at other grades, O levels or CSEs (any grades), 1 AS level, NVQ level 1, Foundation GNVQ, Basic or Essential Skills",2,Male,4257
E92000001,England,6,Aged 30 to 34 years,3,Mixed or Multiple ethnic groups,2,"Level 2 qualifications: 5 or more GCSEs (A* to C or 9 to 4), O levels (passes), CSEs (grade 1), School Certification, 1 A level, 2 to 3 AS levels, VCEs, Intermediate or Higher Diploma, Welsh Baccalaureate Intermediate Diploma, NVQ level 2, Intermediate GNVQ, City and Guilds Craft, BTEC First or General Diploma, RSA Diploma",1,Female,6592
E92000001,England,6,Aged 30 to 34 years,3,Mixed or Multiple ethnic groups,2,"Level 2 qualifications: 5 or more GCSEs (A* to C or 9 to 4), O levels (passes), CSEs (grade 1), School Certification, 1 A level, 2 to 3 AS levels, VCEs, Intermediate or Higher Diploma, Welsh Baccalaureate Intermediate Diploma, NVQ level 2, Intermediate GNVQ, City and Guilds Craft, BTEC First or General Diploma, RSA Diploma",2,Male,6177
E92000001,England,6,Aged 30 to 34 years,3,Mixed or Multiple ethnic groups,3,"Level 3 qualifications: 2 or more A levels or VCEs, 4 or more AS levels, Higher School Certificate, Progression or Advanced Diploma, Welsh Baccalaureate Advance Diploma, NVQ level 3; Advanced GNVQ, City and Guilds Advanced Craft, ONC, OND, BTEC National, RSA Advanced Diploma",1,Female,10519
E92000001,England,6,Aged 30 to 34 years,3,Mixed or Multiple ethnic groups,3,"Level 3 qualifications: 2 or more A levels or VCEs, 4 or more AS levels, Higher School Certificate, Progression or Advanced Diploma, Welsh Baccalaureate Advance Diploma, NVQ level 3; Advanced GNVQ, City and Guilds Advanced Craft, ONC, OND, BTEC National, RSA Advanced Diploma",2,Male,9274
E92000001,England,6,Aged 30 to 34 years,3,Mixed or Multiple ethnic groups,4,"Level 4 qualifications or above: degree (BA, BSc), higher degree (MA, PhD, PGCE), NVQ level 4 to 5, HNC, HND, RSA Higher Diploma, BTEC Higher level, professional qualifications (for example, teaching, nursing, accountancy)",1,Female,36217
E92000001,England,6,Aged 30 to 34 years,3,Mixed or Multiple ethnic groups,4,"Level 4 qualifications or above: degree (BA, BSc), higher degree (MA, PhD, PGCE), NVQ level 4 to 5, HNC, HND, RSA Higher Diploma, BTEC Higher level, professional qualifications (for example, teaching, nursing, accountancy)",2,Male,26181
E92000001,England,6,Aged 30 to 34 years,3,Mixed or Multiple ethnic groups,5,"Other: apprenticeships, vocational or work-related qualifications, other qualifications achieved in England or Wales, qualifications achieved outside England or Wales (equivalent not stated or unknown)",1,Female,2397
E92000001,England,6,Aged 30 to 34 years,3,Mixed or Multiple ethnic groups,5,"Other: apprenticeships, vocational or work-related qualifications, other qualifications achieved in England or Wales, qualifications achieved outside England or Wales (equivalent not stated or unknown)",2,Male,3256
E92000001,England,6,Aged 30 to 34 years,4,White,-8,Does not apply,1,Female,0
E92000001,England,6,Aged 30 to 34 years,4,White,-8,Does not apply,2,Male,0
E92000001,England,6,Aged 30 to 34 years,4,White,0,No qualifications,1,Female,124709
E92000001,England,6,Aged 30 to 34 years,4,White,0,No qualifications,2,Male,146214
E92000001,England,6,Aged 30 to 34 years,4,White,1,"Level 1 and entry level qualifications: 1 to 4 GCSEs grade A* to C, Any GCSEs at other grades, O levels or CSEs (any grades), 1 AS level, NVQ level 1, Foundation GNVQ, Basic or Essential Skills",1,Female,105959
E92000001,England,6,Aged 30 to 34 years,4,White,1,"Level 1 and entry level qualifications: 1 to 4 GCSEs grade A* to C, Any GCSEs at other grades, O levels or CSEs (any grades), 1 AS level, NVQ level 1, Foundation GNVQ, Basic or Essential Skills",2,Male,132983
E92000001,England,6,Aged 30 to 34 years,4,White,2,"Level 2 qualifications: 5 or more GCSEs (A* to C or 9 to 4), O levels (passes), CSEs (grade 1), School Certification, 1 A level, 2 to 3 AS levels, VCEs, Intermediate or Higher Diploma, Welsh Baccalaureate Intermediate Diploma, NVQ level 2, Intermediate GNVQ, City and Guilds Craft, BTEC First or General Diploma, RSA Diploma",1,Female,191167
E92000001,England,6,Aged 30 to 34 years,4,White,2,"Level 2 qualifications: 5 or more GCSEs (A* to C or 9 to 4), O levels (passes), CSEs (grade 1), School Certification, 1 A level, 2 to 3 AS levels, VCEs, Intermediate or Higher Diploma, Welsh Baccalaureate Intermediate Diploma, NVQ level 2, Intermediate GNVQ, City and Guilds Craft, BTEC First or General Diploma, RSA Diploma",2,Male,193398
E92000001,England,6,Aged 30 to 34 years,4,White,3,"Level 3 qualifications: 2 or more A levels or VCEs, 4 or more AS levels, Higher School Certificate, Progression or Advanced Diploma, Welsh Baccalaureate Advance Diploma, NVQ level 3; Advanced GNVQ, City and Guilds Advanced Craft, ONC, OND, BTEC National, RSA Advanced Diploma",1,Female,310862
E92000001,England,6,Aged 30 to 34 years,4,White,3,"Level 3 qualifications: 2 or more A levels or VCEs, 4 or more AS levels, Higher School Certificate, Progression or Advanced Diploma, Welsh Baccalaureate Advance Diploma, NVQ level 3; Advanced GNVQ, City and Guilds Advanced Craft, ONC, OND, BTEC National, RSA Advanced Diploma",2,Male,307249
E92000001,England,6,Aged 30 to 34 years,4,White,4,"Level 4 qualifications or above: degree (BA, BSc), higher degree (MA, PhD, PGCE), NVQ level 4 to 5, HNC, HND, RSA Higher Diploma, BTEC Higher level, professional qualifications (for example, teaching, nursing, accountancy)",1,Female,763342
E92000001,England,6,Aged 30 to 34 years,4,White,4,"Level 4 qualifications or above: degree (BA, BSc), higher degree (MA, PhD, PGCE), NVQ level 4 to 5, HNC, HND, RSA Higher Diploma, BTEC Higher level, professional qualifications (for example, teaching, nursing, accountancy)",2,Male,597658
E92000001,England,6,Aged 30 to 34 years,4,White,5,"Other: apprenticeships, vocational or work-related qualifications, other qualifications achieved in England or Wales, qualifications achieved outside England or Wales (equivalent not stated or unknown)",1,Female,70050
E92000001,England,6,Aged 30 to 34 years,4,White,5,"Other: apprenticeships, vocational or work-related qualifications, other qualifications achieved in England or Wales, qualifications achieved outside England or Wales (equivalent not stated or unknown)",2,Male,106901
E92000001,England,6,Aged 30 to 34 years,5,Other ethnic group,-8,Does not apply,1,Female,0
E92000001,England,6,Aged 30 to 34 years,5,Other ethnic group,-8,Does not apply,2,Male,0
E92000001,England,6,Aged 30 to 34 years,5,Other ethnic group,0,No qualifications,1,Female,11542
E92000001,England,6,Aged 30 to 34 years,5,Other ethnic group,0,No qualifications,2,Male,12110
E92000001,England,6,Aged 30 to 34 years,5,Other ethnic group,1,"Level 1 and entry level qualifications: 1 to 4 GCSEs grade A* to C, Any GCSEs at other grades, O levels or CSEs (any grades), 1 AS level, NVQ level 1, Foundation GNVQ, Basic or Essential Skills",1,Female,4452
E92000001,England,6,Aged 30 to 34 years,5,Other ethnic group,1,"Level 1 and entry level qualifications: 1 to 4 GCSEs grade A* to C, Any GCSEs at other grades, O levels or CSEs (any grades), 1 AS level, NVQ level 1, Foundation GNVQ, Basic or Essential Skills",2,Male,4203
E92000001,England,6,Aged 30 to 34 years,5,Other ethnic group,2,"Level 2 qualifications: 5 or more GCSEs (A* to C or 9 to 4), O levels (passes), CSEs (grade 1), School Certification, 1 A level, 2 to 3 AS levels, VCEs, Intermediate or Higher Diploma, Welsh Baccalaureate Intermediate Diploma, NVQ level 2, Intermediate GNVQ, City and Guilds Craft, BTEC First or General Diploma, RSA Diploma",1,Female,3026
E92000001,England,6,Aged 30 to 34 years,5,Other ethnic group,2,"Level 2 qualifications: 5 or more GCSEs (A* to C or 9 to 4), O levels (passes), CSEs (grade 1), School Certification, 1 A level, 2 to 3 AS levels, VCEs, Intermediate or Higher Diploma, Welsh Baccalaureate Intermediate Diploma, NVQ level 2, Intermediate GNVQ, City and Guilds Craft, BTEC First or General Diploma, RSA Diploma",2,Male,3250
E92000001,England,6,Aged 30 to 34 years,5,Other ethnic group,3,"Level 3 qualifications: 2 or more A levels or VCEs, 4 or more AS levels, Higher School Certificate, Progression or Advanced Diploma, Welsh Baccalaureate Advance Diploma, NVQ level 3; Advanced GNVQ, City and Guilds Advanced Craft, ONC, OND, BTEC National, RSA Advanced Diploma",1,Female,4447
E92000001,England,6,Aged 30 to 34 years,5,Other ethnic group,3,"Level 3 qualifications: 2 or more A levels or VCEs, 4 or more AS levels, Higher School Certificate, Progression or Advanced Diploma, Welsh Baccalaureate Advance Diploma, NVQ level 3; Advanced GNVQ, City and Guilds Advanced Craft, ONC, OND, BTEC National, RSA Advanced Diploma",2,Male,4675
E92000001,England,6,Aged 30 to 34 years,5,Other ethnic group,4,"Level 4 qualifications or above: degree (BA, BSc), higher degree (MA, PhD, PGCE), NVQ level 4 to 5, HNC, HND, RSA Higher Diploma, BTEC Higher level, professional qualifications (for example, teaching, nursing, accountancy)",1,Female,30448
E92000001,England,6,Aged 30 to 34 years,5,Other ethnic group,4,"Level 4 qualifications or above: degree (BA, BSc), higher degree (MA, PhD, PGCE), NVQ level 4 to 5, HNC, HND, RSA Higher Diploma, BTEC Higher level, professional qualifications (for example, teaching, nursing, accountancy)",2,Male,25021
E92000001,England,6,Aged 30 to 34 years,5,Other ethnic group,5,"Other: apprenticeships, vocational or work-related qualifications, other qualifications achieved in England or Wales, qualifications achieved outside England or Wales (equivalent not stated or unknown)",1,Female,4180
E92000001,England,6,Aged 30 to 34 years,5,Other ethnic group,5,"Other: apprenticeships, vocational or work-related qualifications, other qualifications achieved in England or Wales, qualifications achieved outside England or Wales (equivalent not stated or unknown)",2,Male,4527
E92000001,England,7,Aged 35 to 39 years,-8,Does not apply,-8,Does not apply,1,Female,0
E92000001,England,7,Aged 35 to 39 years,-8,Does not apply,-8,Does not apply,2,Male,0
E92000001,England,7,Aged 35 to 39 years,-8,Does not apply,0,No qualifications,1,Female,0
E92000001,England,7,Aged 35 to 39 years,-8,Does not apply,0,No qualifications,2,Male,0
E92000001,England,7,Aged 35 to 39 years,-8,Does not apply,1,"Level 1 and entry level qualifications: 1 to 4 GCSEs grade A* to C, Any GCSEs at other grades, O levels or CSEs (any grades), 1 AS level, NVQ level 1, Foundation GNVQ, Basic or Essential Skills",1,Female,0
E92000001,England,7,Aged 35 to 39 years,-8,Does not apply,1,"Level 1 and entry level qualifications: 1 to 4 GCSEs grade A* to C, Any GCSEs at other grades, O levels or CSEs (any grades), 1 AS level, NVQ level 1, Foundation GNVQ, Basic or Essential Skills",2,Male,0
E92000001,England,7,Aged 35 to 39 years,-8,Does not apply,2,"Level 2 qualifications: 5 or more GCSEs (A* to C or 9 to 4), O levels (passes), CSEs (grade 1), School Certification, 1 A level, 2 to 3 AS levels, VCEs, Intermediate or Higher Diploma, Welsh Baccalaureate Intermediate Diploma, NVQ level 2, Intermediate GNVQ, City and Guilds Craft, BTEC First or General Diploma, RSA Diploma",1,Female,0
E92000001,England,7,Aged 35 to 39 years,-8,Does not apply,2,"Level 2 qualifications: 5 or more GCSEs (A* to C or 9 to 4), O levels (passes), CSEs (grade 1), School Certification, 1 A level, 2 to 3 AS levels, VCEs, Intermediate or Higher Diploma, Welsh Baccalaureate Intermediate Diploma, NVQ level 2, Intermediate GNVQ, City and Guilds Craft, BTEC First or General Diploma, RSA Diploma",2,Male,0
E92000001,England,7,Aged 35 to 39 years,-8,Does not apply,3,"Level 3 qualifications: 2 or more A levels or VCEs, 4 or more AS levels, Higher School Certificate, Progression or Advanced Diploma, Welsh Baccalaureate Advance Diploma, NVQ level 3; Advanced GNVQ, City and Guilds Advanced Craft, ONC, OND, BTEC National, RSA Advanced Diploma",1,Female,0
E92000001,England,7,Aged 35 to 39 years,-8,Does not apply,3,"Level 3 qualifications: 2 or more A levels or VCEs, 4 or more AS levels, Higher School Certificate, Progression or Advanced Diploma, Welsh Baccalaureate Advance Diploma, NVQ level 3; Advanced GNVQ, City and Guilds Advanced Craft, ONC, OND, BTEC National, RSA Advanced Diploma",2,Male,0
E92000001,England,7,Aged 35 to 39 years,-8,Does not apply,4,"Level 4 qualifications or above: degree (BA, BSc), higher degree (MA, PhD, PGCE), NVQ level 4 to 5, HNC, HND, RSA Higher Diploma, BTEC Higher level, professional qualifications (for example, teaching, nursing, accountancy)",1,Female,0
E92000001,England,7,Aged 35 to 39 years,-8,Does not apply,4,"Level 4 qualifications or above: degree (BA, BSc), higher degree (MA, PhD, PGCE), NVQ level 4 to 5, HNC, HND, RSA Higher Diploma, BTEC Higher level, professional qualifications (for example, teaching, nursing, accountancy)",2,Male,0
E92000001,England,7,Aged 35 to 39 years,-8,Does not apply,5,"Other: apprenticeships, vocational or work-related qualifications, other qualifications achieved in England or Wales, qualifications achieved outside England or Wales (equivalent not stated or unknown)",1,Female,0
E92000001,England,7,Aged 35 to 39 years,-8,Does not apply,5,"Other: apprenticeships, vocational or work-related qualifications, other qualifications achieved in England or Wales, qualifications achieved outside England or Wales (equivalent not stated or unknown)",2,Male,0
E92000001,England,7,Aged 35 to 39 years,1,"Asian, Asian British or Asian Welsh",-8,Does not apply,1,Female,0
E92000001,England,7,Aged 35 to 39 years,1,"Asian, Asian British or Asian Welsh",-8,Does not apply,2,Male,0
E92000001,England,7,Aged 35 to 39 years,1,"Asian, Asian British or Asian Welsh",0,No qualifications,1,Female,39656
E92000001,England,7,Aged 35 to 39 years,1,"Asian, Asian British or Asian Welsh",0,No qualifications,2,Male,32566
E92000001,England,7,Aged 35 to 39 years,1,"Asian, Asian British or Asian Welsh",1,"Level 1 and entry level qualifications: 1 to 4 GCSEs grade A* to C, Any GCSEs at other grades, O levels or CSEs (any grades), 1 AS level, NVQ level 1, Foundation GNVQ, Basic or Essential Skills",1,Female,23919
E92000001,England,7,Aged 35 to 39 years,1,"Asian, Asian British or Asian Welsh",1,"Level 1 and entry level qualifications: 1 to 4 GCSEs grade A* to C, Any GCSEs at other grades, O levels or CSEs (any grades), 1 AS level, NVQ level 1, Foundation GNVQ, Basic or Essential Skills",2,Male,20119
E92000001,England,7,Aged 35 to 39 years,1,"Asian, Asian British or Asian Welsh",2,"Level 2 qualifications: 5 or more GCSEs (A* to C or 9 to 4), O levels (passes), CSEs (grade 1), School Certification, 1 A level, 2 to 3 AS levels, VCEs, Intermediate or Higher Diploma, Welsh Baccalaureate Intermediate Diploma, NVQ level 2, Intermediate GNVQ, City and Guilds Craft, BTEC First or General Diploma, RSA Diploma",1,Female,19909
E92000001,England,7,Aged 35 to 39 years,1,"Asian, Asian British or Asian Welsh",2,"Level 2 qualifications: 5 or more GCSEs (A* to C or 9 to 4), O levels (passes), CSEs (grade 1), School Certification, 1 A level, 2 to 3 AS levels, VCEs, Intermediate or Higher Diploma, Welsh Baccalaureate Intermediate Diploma, NVQ level 2, Intermediate GNVQ, City and Guilds Craft, BTEC First or General Diploma, RSA Diploma",2,Male,18074
E92000001,England,7,Aged 35 to 39 years,1,"Asian, Asian British or Asian Welsh",3,"Level 3 qualifications: 2 or more A levels or VCEs, 4 or more AS levels, Higher School Certificate, Progression or Advanced Diploma, Welsh Baccalaureate Advance Diploma, NVQ level 3; Advanced GNVQ, City and Guilds Advanced Craft, ONC, OND, BTEC National, RSA Advanced Diploma",1,Female,22897
E92000001,England,7,Aged 35 to 39 years,1,"Asian, Asian British or Asian Welsh",3,"Level 3 qualifications: 2 or more A levels or VCEs, 4 or more AS levels, Higher School Certificate, Progression or Advanced Diploma, Welsh Baccalaureate Advance Diploma, NVQ level 3; Advanced GNVQ, City and Guilds Advanced Craft, ONC, OND, BTEC National, RSA Advanced Diploma",2,Male,19985
E92000001,England,7,Aged 35 to 39 years,1,"Asian, Asian British or Asian Welsh",4,"Level 4 qualifications or above: degree (BA, BSc), higher degree (MA, PhD, PGCE), NVQ level 4 to 5, HNC, HND, RSA Higher Diploma, BTEC Higher level, professional qualifications (for example, teaching, nursing, accountancy)",1,Female,148940
E92000001,England,7,Aged 35 to 39 years,1,"Asian, Asian British or Asian Welsh",4,"Level 4 qualifications or above: degree (BA, BSc), higher degree (MA, PhD, PGCE), NVQ level 4 to 5, HNC, HND, RSA Higher Diploma, BTEC Higher level, professional qualifications (for example, teaching, nursing, accountancy)",2,Male,133851
E92000001,England,7,Aged 35 to 39 years,1,"Asian, Asian British or Asian Welsh",5,"Other: apprenticeships, vocational or work-related qualifications, other qualifications achieved in England or Wales, qualifications achieved outside England or Wales (equivalent not stated or unknown)",1,Female,14655
E92000001,England,7,Aged 35 to 39 years,1,"Asian, Asian British or Asian Welsh",5,"Other: apprenticeships, vocational or work-related qualifications, other qualifications achieved in England or Wales, qualifications achieved outside England or Wales (equivalent not stated or unknown)",2,Male,13185
E92000001,England,7,Aged 35 to 39 years,2,"Black, Black British, Black Welsh, Caribbean or African",-8,Does not apply,1,Female,0
E92000001,England,7,Aged 35 to 39 years,2,"Black, Black British, Black Welsh, Caribbean or African",-8,Does not apply,2,Male,0
E92000001,England,7,Aged 35 to 39 years,2,"Black, Black British, Black Welsh, Caribbean or African",0,No qualifications,1,Female,10521
E92000001,England,7,Aged 35 to 39 years,2,"Black, Black British, Black Welsh, Caribbean or African",0,No qualifications,2,Male,8672
E92000001,England,7,Aged 35 to 39 years,2,"Black, Black British, Black Welsh, Caribbean or African",1,"Level 1 and entry level qualifications: 1 to 4 GCSEs grade A* to C, Any GCSEs at other grades, O levels or CSEs (any grades), 1 AS level, NVQ level 1, Foundation GNVQ, Basic or Essential Skills",1,Female,7460
E92000001,England,7,Aged 35 to 39 years,2,"Black, Black British, Black Welsh, Caribbean or African",1,"Level 1 and entry level qualifications: 1 to 4 GCSEs grade A* to C, Any GCSEs at other grades, O levels or CSEs (any grades), 1 AS level, NVQ level 1, Foundation GNVQ, Basic or Essential Skills",2,Male,6204
E92000001,England,7,Aged 35 to 39 years,2,"Black, Black British, Black Welsh, Caribbean or African",2,"Level 2 qualifications: 5 or more GCSEs (A* to C or 9 to 4), O levels (passes), CSEs (grade 1), School Certification, 1 A level, 2 to 3 AS levels, VCEs, Intermediate or Higher Diploma, Welsh Baccalaureate Intermediate Diploma, NVQ level 2, Intermediate GNVQ, City and Guilds Craft, BTEC First or General Diploma, RSA Diploma",1,Female,8153
E92000001,England,7,Aged 35 to 39 years,2,"Black, Black British, Black Welsh, Caribbean or African",2,"Level 2 qualifications: 5 or more GCSEs (A* to C or 9 to 4), O levels (passes), CSEs (grade 1), School Certification, 1 A level, 2 to 3 AS levels, VCEs, Intermediate or Higher Diploma, Welsh Baccalaureate Intermediate Diploma, NVQ level 2, Intermediate GNVQ, City and Guilds Craft, BTEC First or General Diploma, RSA Diploma",2,Male,7310
E92000001,England,7,Aged 35 to 39 years,2,"Black, Black British, Black Welsh, Caribbean or African",3,"Level 3 qualifications: 2 or more A levels or VCEs, 4 or more AS levels, Higher School Certificate, Progression or Advanced Diploma, Welsh Baccalaureate Advance Diploma, NVQ level 3; Advanced GNVQ, City and Guilds Advanced Craft, ONC, OND, BTEC National, RSA Advanced Diploma",1,Female,11043
E92000001,England,7,Aged 35 to 39 years,2,"Black, Black British, Black Welsh, Caribbean or African",3,"Level 3 qualifications: 2 or more A levels or VCEs, 4 or more AS levels, Higher School Certificate, Progression or Advanced Diploma, Welsh Baccalaureate Advance Diploma, NVQ level 3; Advanced GNVQ, City and Guilds Advanced Craft, ONC, OND, BTEC National, RSA Advanced Diploma",2,Male,9350
E92000001,England,7,Aged 35 to 39 years,2,"Black, Black British, Black Welsh, Caribbean or African",4,"Level 4 qualifications or above: degree (BA, BSc), higher degree (MA, PhD, PGCE), NVQ level 4 to 5, HNC, HND, RSA Higher Diploma, BTEC Higher level, professional qualifications (for example, teaching, nursing, accountancy)",1,Female,54246
E92000001,England,7,Aged 35 to 39 years,2,"Black, Black British, Black Welsh, Caribbean or African",4,"Level 4 qualifications or above: degree (BA, BSc), higher degree (MA, PhD, PGCE), NVQ level 4 to 5, HNC, HND, RSA Higher Diploma, BTEC Higher level, professional qualifications (for example, teaching, nursing, accountancy)",2,Male,38595
E92000001,England,7,Aged 35 to 39 years,2,"Black, Black British, Black Welsh, Caribbean or African",5,"Other: apprenticeships, vocational or work-related qualifications, other qualifications achieved in England or Wales, qualifications achieved outside England or Wales (equivalent not stated or unknown)",1,Female,4601
E92000001,England,7,Aged 35 to 39 years,2,"Black, Black British, Black Welsh, Caribbean or African",5,"Other: apprenticeships, vocational or work-related qualifications, other qualifications achieved in England or Wales, qualifications achieved outside England or Wales (equivalent not stated or unknown)",2,Male,4254
E92000001,England,7,Aged 35 to 39 years,3,Mixed or Multiple ethnic groups,-8,Does not apply,1,Female,0
E92000001,England,7,Aged 35 to 39 years,3,Mixed or Multiple ethnic groups,-8,Does not apply,2,Male,0
E92000001,England,7,Aged 35 to 39 years,3,Mixed or Multiple ethnic groups,0,No qualifications,1,Female,3864
E92000001,England,7,Aged 35 to 39 years,3,Mixed or Multiple ethnic groups,0,No qualifications,2,Male,4886
E92000001,England,7,Aged 35 to 39 years,3,Mixed or Multiple ethnic groups,1,"Level 1 and entry level qualifications: 1 to 4 GCSEs grade A* to C, Any GCSEs at other grades, O levels or CSEs (any grades), 1 AS level, NVQ level 1, Foundation GNVQ, Basic or Essential Skills",1,Female,3200
E92000001,England,7,Aged 35 to 39 years,3,Mixed or Multiple ethnic groups,1,"Level 1 and entry level qualifications: 1 to 4 GCSEs grade A* to C, Any GCSEs at other grades, O levels or CSEs (any grades), 1 AS level, NVQ level 1, Foundation GNVQ, Basic or Essential Skills",2,Male,3609
E92000001,England,7,Aged 35 to 39 years,3,Mixed or Multiple ethnic groups,2,"Level 2 qualifications: 5 or more GCSEs (A* to C or 9 to 4), O levels (passes), CSEs (grade 1), School Certification, 1 A level, 2 to 3 AS levels, VCEs, Intermediate or Higher Diploma, Welsh Baccalaureate Intermediate Diploma, NVQ level 2, Intermediate GNVQ, City and Guilds Craft, BTEC First or General Diploma, RSA Diploma",1,Female,5478
E92000001,England,7,Aged 35 to 39 years,3,Mixed or Multiple ethnic groups,2,"Level 2 qualifications: 5 or more GCSEs (A* to C or 9 to 4), O levels (passes), CSEs (grade 1), School Certification, 1 A level, 2 to 3 AS levels, VCEs, Intermediate or Higher Diploma, Welsh Baccalaureate Intermediate Diploma, NVQ level 2, Intermediate GNVQ, City and Guilds Craft, BTEC First or General Diploma, RSA Diploma",2,Male,5183
E92000001,England,7,Aged 35 to 39 years,3,Mixed or Multiple ethnic groups,3,"Level 3 qualifications: 2 or more A levels or VCEs, 4 or more AS levels, Higher School Certificate, Progression or Advanced Diploma, Welsh Baccalaureate Advance Diploma, NVQ level 3; Advanced GNVQ, City and Guilds Advanced Craft, ONC, OND, BTEC National, RSA Advanced Diploma",1,Female,7937
E92000001,England,7,Aged 35 to 39 years,3,Mixed or Multiple ethnic groups,3,"Level 3 qualifications: 2 or more A levels or VCEs, 4 or more AS levels, Higher School Certificate, Progression or Advanced Diploma, Welsh Baccalaureate Advance Diploma, NVQ level 3; Advanced GNVQ, City and Guilds Advanced Craft, ONC, OND, BTEC National, RSA Advanced Diploma",2,Male,7306
E92000001,England,7,Aged 35 to 39 years,3,Mixed or Multiple ethnic groups,4,"Level 4 qualifications or above: degree (BA, BSc), higher degree (MA, PhD, PGCE), NVQ level 4 to 5, HNC, HND, RSA Higher Diploma, BTEC Higher level, professional qualifications (for example, teaching, nursing, accountancy)",1,Female,28456
E92000001,England,7,Aged 35 to 39 years,3,Mixed or Multiple ethnic groups,4,"Level 4 qualifications or above: degree (BA, BSc), higher degree (MA, PhD, PGCE), NVQ level 4 to 5, HNC, HND, RSA Higher Diploma, BTEC Higher level, professional qualifications (for example, teaching, nursing, accountancy)",2,Male,20576
E92000001,England,7,Aged 35 to 39 years,3,Mixed or Multiple ethnic groups,5,"Other: apprenticeships, vocational or work-related qualifications, other qualifications achieved in England or Wales, qualifications achieved outside England or Wales (equivalent not stated or unknown)",1,Female,1994
E92000001,England,7,Aged 35 to 39 years,3,Mixed or Multiple ethnic groups,5,"Other: apprenticeships, vocational or work-related qualifications, other qualifications achieved in England or Wales, qualifications achieved outside England or Wales (equivalent not stated or unknown)",2,Male,2590
E92000001,England,7,Aged 35 to 39 years,4,White,-8,Does not apply,1,Female,0
E92000001,England,7,Aged 35 to 39 years,4,White,-8,Does not apply,2,Male,0
E92000001,England,7,Aged 35 to 39 years,4,White,0,No qualifications,1,Female,117636
E92000001,England,7,Aged 35 to 39 years,4,White,0,No qualifications,2,Male,142992
E92000001,England,7,Aged 35 to 39 years,4,White,1,"Level 1 and entry level qualifications: 1 to 4 GCSEs grade A* to C, Any GCSEs at other grades, O levels or CSEs (any grades), 1 AS level, NVQ level 1, Foundation GNVQ, Basic or Essential Skills",1,Female,103567
E92000001,England,7,Aged 35 to 39 years,4,White,1,"Level 1 and entry level qualifications: 1 to 4 GCSEs grade A* to C, Any GCSEs at other grades, O levels or CSEs (any grades), 1 AS level, NVQ level 1, Foundation GNVQ, Basic or Essential Skills",2,Male,132244
E92000001,England,7,Aged 35 to 39 years,4,White,2,"Level 2 qualifications: 5 or more GCSEs (A* to C or 9 to 4), O levels (passes), CSEs (grade 1), School Certification, 1 A level, 2 to 3 AS levels, VCEs, Intermediate or Higher Diploma, Welsh Baccalaureate Intermediate Diploma, NVQ level 2, Intermediate GNVQ, City and Guilds Craft, BTEC First or General Diploma, RSA Diploma",1,Female,192012
E92000001,England,7,Aged 35 to 39 years,4,White,2,"Level 2 qualifications: 5 or more GCSEs (A* to C or 9 to 4), O levels (passes), CSEs (grade 1), School Certification, 1 A level, 2 to 3 AS levels, VCEs, Intermediate or Higher Diploma, Welsh Baccalaureate Intermediate Diploma, NVQ level 2, Intermediate GNVQ, City and Guilds Craft, BTEC First or General Diploma, RSA Diploma",2,Male,189173
E92000001,England,7,Aged 35 to 39 years,4,White,3,"Level 3 qualifications: 2 or more A levels or VCEs, 4 or more AS levels, Higher School Certificate, Progression or Advanced Diploma, Welsh Baccalaureate Advance Diploma, NVQ level 3; Advanced GNVQ, City and Guilds Advanced Craft, ONC, OND, BTEC National, RSA Advanced Diploma",1,Female,278715
E92000001,England,7,Aged 35 to 39 years,4,White,3,"Level 3 qualifications: 2 or more A levels or VCEs, 4 or more AS levels, Higher School Certificate, Progression or Advanced Diploma, Welsh Baccalaureate Advance Diploma, NVQ level 3; Advanced GNVQ, City and Guilds Advanced Craft, ONC, OND, BTEC National, RSA Advanced Diploma",2,Male,283569
E92000001,England,7,Aged 35 to 39 years,4,White,4,"Level 4 qualifications or above: degree (BA, BSc), higher degree (MA, PhD, PGCE), NVQ level 4 to 5, HNC, HND, RSA Higher Diploma, BTEC Higher level, professional qualifications (for example, teaching, nursing, accountancy)",1,Female,718715
E92000001,England,7,Aged 35 to 39 years,4,White,4,"Level 4 qualifications or above: degree (BA, BSc), higher degree (MA, PhD, PGCE), NVQ level 4 to 5, HNC, HND, RSA Higher Diploma, BTEC Higher level, professional qualifications (for example, teaching, nursing, accountancy)",2,Male,563436
E92000001,England,7,Aged 35 to 39 years,4,White,5,"Other: apprenticeships, vocational or work-related qualifications, other qualifications achieved in England or Wales, qualifications achieved outside England or Wales (equivalent not stated or unknown)",1,Female,60796
E92000001,England,7,Aged 35 to 39 years,4,White,5,"Other: apprenticeships, vocational or work-related qualifications, other qualifications achieved in England or Wales, qualifications achieved outside England or Wales (equivalent not stated or unknown)",2,Male,97632
E92000001,England,7,Aged 35 to 39 years,5,Other ethnic group,-8,Does not apply,1,Female,0
E92000001,England,7,Aged 35 to 39 years,5,Other ethnic group,-8,Does not apply,2,Male,0
E92000001,England,7,Aged 35 to 39 years,5,Other ethnic group,0,No qualifications,1,Female,12267
E92000001,England,7,Aged 35 to 39 years,5,Other ethnic group,0,No qualifications,2,Male,13759
E92000001,England,7,Aged 35 to 39 years,5,Other ethnic group,1,"Level 1 and entry level qualifications: 1 to 4 GCSEs grade A* to C, Any GCSEs at other grades, O levels or CSEs (any grades), 1 AS level, NVQ level 1, Foundation GNVQ, Basic or Essential Skills",1,Female,5136
E92000001,England,7,Aged 35 to 39 years,5,Other ethnic group,1,"Level 1 and entry level qualifications: 1 to 4 GCSEs grade A* to C, Any GCSEs at other grades, O levels or CSEs (any grades), 1 AS level, NVQ level 1, Foundation GNVQ, Basic or Essential Skills",2,Male,5049
E92000001,England,7,Aged 35 to 39 years,5,Other ethnic group,2,"Level 2 qualifications: 5 or more GCSEs (A* to C or 9 to 4), O levels (passes), CSEs (grade 1), School Certification, 1 A level, 2 to 3 AS levels, VCEs, Intermediate or Higher Diploma, Welsh Baccalaureate Intermediate Diploma, NVQ level 2, Intermediate GNVQ, City and Guilds Craft, BTEC First or General Diploma, RSA Diploma",1,Female,3413
E92000001,England,7,Aged 35 to 39 years,5,Other ethnic group,2,"Level 2 qualifications: 5 or more GCSEs (A* to C or 9 to 4), O levels (passes), CSEs (grade 1), School Certification, 1 A level, 2 to 3 AS levels, VCEs, Intermediate or Higher Diploma, Welsh Baccalaureate Intermediate Diploma, NVQ level 2, Intermediate GNVQ, City and Guilds Craft, BTEC First or General Diploma, RSA Diploma",2,Male,3482
E92000001,England,7,Aged 35 to 39 years,5,Other ethnic group,3,"Level 3 qualifications: 2 or more A levels or VCEs, 4 or more AS levels, Higher School Certificate, Progression or Advanced Diploma, Welsh Baccalaureate Advance Diploma, NVQ level 3; Advanced GNVQ, City and Guilds Advanced Craft, ONC, OND, BTEC National, RSA Advanced Diploma",1,Female,4582
E92000001,England,7,Aged 35 to 39 years,5,Other ethnic group,3,"Level 3 qualifications: 2 or more A levels or VCEs, 4 or more AS levels, Higher School Certificate, Progression or Advanced Diploma, Welsh Baccalaureate Advance Diploma, NVQ level 3; Advanced GNVQ, City and Guilds Advanced Craft, ONC, OND, BTEC National, RSA Advanced Diploma",2,Male,4619
E92000001,England,7,Aged 35 to 39 years,5,Other ethnic group,4,"Level 4 qualifications or above: degree (BA, BSc), higher degree (MA, PhD, PGCE), NVQ level 4 to 5, HNC, HND, RSA Higher Diploma, BTEC Higher level, professional qualifications (for example, teaching, nursing, accountancy)",1,Female,29059
E92000001,England,7,Aged 35 to 39 years,5,Other ethnic group,4,"Level 4 qualifications or above: degree (BA, BSc), higher degree (MA, PhD, PGCE), NVQ level 4 to 5, HNC, HND, RSA Higher Diploma, BTEC Higher level, professional qualifications (for example, teaching, nursing, accountancy)",2,Male,24742
E92000001,England,7,Aged 35 to 39 years,5,Other ethnic group,5,"Other: apprenticeships, vocational or work-related qualifications, other qualifications achieved in England or Wales, qualifications achieved outside England or Wales (equivalent not stated or unknown)",1,Female,4390
E92000001,England,7,Aged 35 to 39 years,5,Other ethnic group,5,"Other: apprenticeships, vocational or work-related qualifications, other qualifications achieved in England or Wales, qualifications achieved outside England or Wales (equivalent not stated or unknown)",2,Male,4979
E92000001,England,8,Aged 40 to 44 years,-8,Does not apply,-8,Does not apply,1,Female,0
E92000001,England,8,Aged 40 to 44 years,-8,Does not apply,-8,Does not apply,2,Male,0
E92000001,England,8,Aged 40 to 44 years,-8,Does not apply,0,No qualifications,1,Female,0
E92000001,England,8,Aged 40 to 44 years,-8,Does not apply,0,No qualifications,2,Male,0
E92000001,England,8,Aged 40 to 44 years,-8,Does not apply,1,"Level 1 and entry level qualifications: 1 to 4 GCSEs grade A* to C, Any GCSEs at other grades, O levels or CSEs (any grades), 1 AS level, NVQ level 1, Foundation GNVQ, Basic or Essential Skills",1,Female,0
E92000001,England,8,Aged 40 to 44 years,-8,Does not apply,1,"Level 1 and entry level qualifications: 1 to 4 GCSEs grade A* to C, Any GCSEs at other grades, O levels or CSEs (any grades), 1 AS level, NVQ level 1, Foundation GNVQ, Basic or Essential Skills",2,Male,0
E92000001,England,8,Aged 40 to 44 years,-8,Does not apply,2,"Level 2 qualifications: 5 or more GCSEs (A* to C or 9 to 4), O levels (passes), CSEs (grade 1), School Certification, 1 A level, 2 to 3 AS levels, VCEs, Intermediate or Higher Diploma, Welsh Baccalaureate Intermediate Diploma, NVQ level 2, Intermediate GNVQ, City and Guilds Craft, BTEC First or General Diploma, RSA Diploma",1,Female,0
E92000001,England,8,Aged 40 to 44 years,-8,Does not apply,2,"Level 2 qualifications: 5 or more GCSEs (A* to C or 9 to 4), O levels (passes), CSEs (grade 1), School Certification, 1 A level, 2 to 3 AS levels, VCEs, Intermediate or Higher Diploma, Welsh Baccalaureate Intermediate Diploma, NVQ level 2, Intermediate GNVQ, City and Guilds Craft, BTEC First or General Diploma, RSA Diploma",2,Male,0
E92000001,England,8,Aged 40 to 44 years,-8,Does not apply,3,"Level 3 qualifications: 2 or more A levels or VCEs, 4 or more AS levels, Higher School Certificate, Progression or Advanced Diploma, Welsh Baccalaureate Advance Diploma, NVQ level 3; Advanced GNVQ, City and Guilds Advanced Craft, ONC, OND, BTEC National, RSA Advanced Diploma",1,Female,0
E92000001,England,8,Aged 40 to 44 years,-8,Does not apply,3,"Level 3 qualifications: 2 or more A levels or VCEs, 4 or more AS levels, Higher School Certificate, Progression or Advanced Diploma, Welsh Baccalaureate Advance Diploma, NVQ level 3; Advanced GNVQ, City and Guilds Advanced Craft, ONC, OND, BTEC National, RSA Advanced Diploma",2,Male,0
E92000001,England,8,Aged 40 to 44 years,-8,Does not apply,4,"Level 4 qualifications or above: degree (BA, BSc), higher degree (MA, PhD, PGCE), NVQ level 4 to 5, HNC, HND, RSA Higher Diploma, BTEC Higher level, professional qualifications (for example, teaching, nursing, accountancy)",1,Female,0
E92000001,England,8,Aged 40 to 44 years,-8,Does not apply,4,"Level 4 qualifications or above: degree (BA, BSc), higher degree (MA, PhD, PGCE), NVQ level 4 to 5, HNC, HND, RSA Higher Diploma, BTEC Higher level, professional qualifications (for example, teaching, nursing, accountancy)",2,Male,0
E92000001,England,8,Aged 40 to 44 years,-8,Does not apply,5,"Other: apprenticeships, vocational or work-related qualifications, other qualifications achieved in England or Wales, qualifications achieved outside England or Wales (equivalent not stated or unknown)",1,Female,0
E92000001,England,8,Aged 40 to 44 years,-8,Does not apply,5,"Other: apprenticeships, vocational or work-related qualifications, other qualifications achieved in England or Wales, qualifications achieved outside England or Wales (equivalent not stated or unknown)",2,Male,0
E92000001,England,8,Aged 40 to 44 years,1,"Asian, Asian British or Asian Welsh",-8,Does not apply,1,Female,0
E92000001,England,8,Aged 40 to 44 years,1,"Asian, Asian British or Asian Welsh",-8,Does not apply,2,Male,0
E92000001,England,8,Aged 40 to 44 years,1,"Asian, Asian British or Asian Welsh",0,No qualifications,1,Female,43181
E92000001,England,8,Aged 40 to 44 years,1,"Asian, Asian British or Asian Welsh",0,No qualifications,2,Male,39519
E92000001,England,8,Aged 40 to 44 years,1,"Asian, Asian British or Asian Welsh",1,"Level 1 and entry level qualifications: 1 to 4 GCSEs grade A* to C, Any GCSEs at other grades, O levels or CSEs (any grades), 1 AS level, NVQ level 1, Foundation GNVQ, Basic or Essential Skills",1,Female,23314
E92000001,England,8,Aged 40 to 44 years,1,"Asian, Asian British or Asian Welsh",1,"Level 1 and entry level qualifications: 1 to 4 GCSEs grade A* to C, Any GCSEs at other grades, O levels or CSEs (any grades), 1 AS level, NVQ level 1, Foundation GNVQ, Basic or Essential Skills",2,Male,21327
E92000001,England,8,Aged 40 to 44 years,1,"Asian, Asian British or Asian Welsh",2,"Level 2 qualifications: 5 or more GCSEs (A* to C or 9 to 4), O levels (passes), CSEs (grade 1), School Certification, 1 A level, 2 to 3 AS levels, VCEs, Intermediate or Higher Diploma, Welsh Baccalaureate Intermediate Diploma, NVQ level 2, Intermediate GNVQ, City and Guilds Craft, BTEC First or General Diploma, RSA Diploma",1,Female,19364
E92000001,England,8,Aged 40 to 44 years,1,"Asian, Asian British or Asian Welsh",2,"Level 2 qualifications: 5 or more GCSEs (A* to C or 9 to 4), O levels (passes), CSEs (grade 1), School Certification, 1 A level, 2 to 3 AS levels, VCEs, Intermediate or Higher Diploma, Welsh Baccalaureate Intermediate Diploma, NVQ level 2, Intermediate GNVQ, City and Guilds Craft, BTEC First or General Diploma, RSA Diploma",2,Male,17988
E92000001,England,8,Aged 40 to 44 years,1,"Asian, Asian British or Asian Welsh",3,"Level 3 qualifications: 2 or more A levels or VCEs, 4 or more AS levels, Higher School Certificate, Progression or Advanced Diploma, Welsh Baccalaureate Advance Diploma, NVQ level 3; Advanced GNVQ, City and Guilds Advanced Craft, ONC, OND, BTEC National, RSA Advanced Diploma",1,Female,23292
E92000001,England,8,Aged 40 to 44 years,1,"Asian, Asian British or Asian Welsh",3,"Level 3 qualifications: 2 or more A levels or VCEs, 4 or more AS levels, Higher School Certificate, Progression or Advanced Diploma, Welsh Baccalaureate Advance Diploma, NVQ level 3; Advanced GNVQ, City and Guilds Advanced Craft, ONC, OND, BTEC National, RSA Advanced Diploma",2,Male,19424
E92000001,England,8,Aged 40 to 44 years,1,"Asian, Asian British or Asian Welsh",4,"Level 4 qualifications or above: degree (BA, BSc), higher degree (MA, PhD, PGCE), NVQ level 4 to 5, HNC, HND, RSA Higher Diploma, BTEC Higher level, professional qualifications (for example, teaching, nursing, accountancy)",1,Female,124759
E92000001,England,8,Aged 40 to 44 years,1,"Asian, Asian British or Asian Welsh",4,"Level 4 qualifications or above: degree (BA, BSc), higher degree (MA, PhD, PGCE), NVQ level 4 to 5, HNC, HND, RSA Higher Diploma, BTEC Higher level, professional qualifications (for example, teaching, nursing, accountancy)",2,Male,120962
E92000001,England,8,Aged 40 to 44 years,1,"Asian, Asian British or Asian Welsh",5,"Other: apprenticeships, vocational or work-related qualifications, other qualifications achieved in England or Wales, qualifications achieved outside England or Wales (equivalent not stated or unknown)",1,Female,13242
E92000001,England,8,Aged 40 to 44 years,1,"Asian, Asian British or Asian Welsh",5,"Other: apprenticeships, vocational or work-related qualifications, other qualifications achieved in England or Wales, qualifications achieved outside England or Wales (equivalent not stated or unknown)",2,Male,13954
E92000001,England,8,Aged 40 to 44 years,2,"Black, Black British, Black Welsh, Caribbean or African",-8,Does not apply,1,Female,0
E92000001,England,8,Aged 40 to 44 years,2,"Black, Black British, Black Welsh, Caribbean or African",-8,Does not apply,2,Male,0
E92000001,England,8,Aged 40 to 44 years,2,"Black, Black British, Black Welsh, Caribbean or African",0,No qualifications,1,Female,12138
E92000001,England,8,Aged 40 to 44 years,2,"Black, Black British, Black Welsh, Caribbean or African",0,No qualifications,2,Male,9741
E92000001,England,8,Aged 40 to 44 years,2,"Black, Black British, Black Welsh, Caribbean or African",1,"Level 1 and entry level qualifications: 1 to 4 GCSEs grade A* to C, Any GCSEs at other grades, O levels or CSEs (any grades), 1 AS level, NVQ level 1, Foundation GNVQ, Basic or Essential Skills",1,Female,8107
E92000001,England,8,Aged 40 to 44 years,2,"Black, Black British, Black Welsh, Caribbean or African",1,"Level 1 and entry level qualifications: 1 to 4 GCSEs grade A* to C, Any GCSEs at other grades, O levels or CSEs (any grades), 1 AS level, NVQ level 1, Foundation GNVQ, Basic or Essential Skills",2,Male,6534
E92000001,England,8,Aged 40 to 44 years,2,"Black, Black British, Black Welsh, Caribbean or African",2,"Level 2 qualifications: 5 or more GCSEs (A* to C or 9 to 4), O levels (passes), CSEs (grade 1), School Certification, 1 A level, 2 to 3 AS levels, VCEs, Intermediate or Higher Diploma, Welsh Baccalaureate Intermediate Diploma, NVQ level 2, Intermediate GNVQ, City and Guilds Craft, BTEC First or General Diploma, RSA Diploma",1,Female,8532
E92000001,England,8,Aged 40 to 44 years,2,"Black, Black British, Black Welsh, Caribbean or African",2,"Level 2 qualifications: 5 or more GCSEs (A* to C or 9 to 4), O levels (passes), CSEs (grade 1), School Certification, 1 A level, 2 to 3 AS levels, VCEs, Intermediate or Higher Diploma, Welsh Baccalaureate Intermediate Diploma, NVQ level 2, Intermediate GNVQ, City and Guilds Craft, BTEC First or General Diploma, RSA Diploma",2,Male,7233
E92000001,England,8,Aged 40 to 44 years,2,"Black, Black British, Black Welsh, Caribbean or African",3,"Level 3 qualifications: 2 or more A levels or VCEs, 4 or more AS levels, Higher School Certificate, Progression or Advanced Diploma, Welsh Baccalaureate Advance Diploma, NVQ level 3; Advanced GNVQ, City and Guilds Advanced Craft, ONC, OND, BTEC National, RSA Advanced Diploma",1,Female,11954
E92000001,England,8,Aged 40 to 44 years,2,"Black, Black British, Black Welsh, Caribbean or African",3,"Level 3 qualifications: 2 or more A levels or VCEs, 4 or more AS levels, Higher School Certificate, Progression or Advanced Diploma, Welsh Baccalaureate Advance Diploma, NVQ level 3; Advanced GNVQ, City and Guilds Advanced Craft, ONC, OND, BTEC National, RSA Advanced Diploma",2,Male,9503
E92000001,England,8,Aged 40 to 44 years,2,"Black, Black British, Black Welsh, Caribbean or African",4,"Level 4 qualifications or above: degree (BA, BSc), higher degree (MA, PhD, PGCE), NVQ level 4 to 5, HNC, HND, RSA Higher Diploma, BTEC Higher level, professional qualifications (for example, teaching, nursing, accountancy)",1,Female,53356
E92000001,England,8,Aged 40 to 44 years,2,"Black, Black British, Black Welsh, Caribbean or African",4,"Level 4 qualifications or above: degree (BA, BSc), higher degree (MA, PhD, PGCE), NVQ level 4 to 5, HNC, HND, RSA Higher Diploma, BTEC Higher level, professional qualifications (for example, teaching, nursing, accountancy)",2,Male,39258
E92000001,England,8,Aged 40 to 44 years,2,"Black, Black British, Black Welsh, Caribbean or African",5,"Other: apprenticeships, vocational or work-related qualifications, other qualifications achieved in England or Wales, qualifications achieved outside England or Wales (equivalent not stated or unknown)",1,Female,5177
E92000001,England,8,Aged 40 to 44 years,2,"Black, Black British, Black Welsh, Caribbean or African",5,"Other: apprenticeships, vocational or work-related qualifications, other qualifications achieved in England or Wales, qualifications achieved outside England or Wales (equivalent not stated or unknown)",2,Male,4789
E92000001,England,8,Aged 40 to 44 years,3,Mixed or Multiple ethnic groups,-8,Does not apply,1,Female,0
E92000001,England,8,Aged 40 to 44 years,3,Mixed or Multiple ethnic groups,-8,Does not apply,2,Male,0
E92000001,England,8,Aged 40 to 44 years,3,Mixed or Multiple ethnic groups,0,No qualifications,1,Female,3481
E92000001,England,8,Aged 40 to 44 years,3,Mixed or Multiple ethnic groups,0,No qualifications,2,Male,3924
E92000001,England,8,Aged 40 to 44 years,3,Mixed or Multiple ethnic groups,1,"Level 1 and entry level qualifications: 1 to 4 GCSEs grade A* to C, Any GCSEs at other grades, O levels or CSEs (any grades), 1 AS level, NVQ level 1, Foundation GNVQ, Basic or Essential Skills",1,Female,2688
E92000001,England,8,Aged 40 to 44 years,3,Mixed or Multiple ethnic groups,1,"Level 1 and entry level qualifications: 1 to 4 GCSEs grade A* to C, Any GCSEs at other grades, O levels or CSEs (any grades), 1 AS level, NVQ level 1, Foundation GNVQ, Basic or Essential Skills",2,Male,2803
E92000001,England,8,Aged 40 to 44 years,3,Mixed or Multiple ethnic groups,2,"Level 2 qualifications: 5 or more GCSEs (A* to C or 9 to 4), O levels (passes), CSEs (grade 1), School Certification, 1 A level, 2 to 3 AS levels, VCEs, Intermediate or Higher Diploma, Welsh Baccalaureate Intermediate Diploma, NVQ level 2, Intermediate GNVQ, City and Guilds Craft, BTEC First or General Diploma, RSA Diploma",1,Female,4181
E92000001,England,8,Aged 40 to 44 years,3,Mixed or Multiple ethnic groups,2,"Level 2 qualifications: 5 or more GCSEs (A* to C or 9 to 4), O levels (passes), CSEs (grade 1), School Certification, 1 A level, 2 to 3 AS levels, VCEs, Intermediate or Higher Diploma, Welsh Baccalaureate Intermediate Diploma, NVQ level 2, Intermediate GNVQ, City and Guilds Craft, BTEC First or General Diploma, RSA Diploma",2,Male,3932
E92000001,England,8,Aged 40 to 44 years,3,Mixed or Multiple ethnic groups,3,"Level 3 qualifications: 2 or more A levels or VCEs, 4 or more AS levels, Higher School Certificate, Progression or Advanced Diploma, Welsh Baccalaureate Advance Diploma, NVQ level 3; Advanced GNVQ, City and Guilds Advanced Craft, ONC, OND, BTEC National, RSA Advanced Diploma",1,Female,6214
E92000001,England,8,Aged 40 to 44 years,3,Mixed or Multiple ethnic groups,3,"Level 3 qualifications: 2 or more A levels or VCEs, 4 or more AS levels, Higher School Certificate, Progression or Advanced Diploma, Welsh Baccalaureate Advance Diploma, NVQ level 3; Advanced GNVQ, City and Guilds Advanced Craft, ONC, OND, BTEC National, RSA Advanced Diploma",2,Male,5432
E92000001,England,8,Aged 40 to 44 years,3,Mixed or Multiple ethnic groups,4,"Level 4 qualifications or above: degree (BA, BSc), higher degree (MA, PhD, PGCE), NVQ level 4 to 5, HNC, HND, RSA Higher Diploma, BTEC Higher level, professional qualifications (for example, teaching, nursing, accountancy)",1,Female,22061
E92000001,England,8,Aged 40 to 44 years,3,Mixed or Multiple ethnic groups,4,"Level 4 qualifications or above: degree (BA, BSc), higher degree (MA, PhD, PGCE), NVQ level 4 to 5, HNC, HND, RSA Higher Diploma, BTEC Higher level, professional qualifications (for example, teaching, nursing, accountancy)",2,Male,16155
E92000001,England,8,Aged 40 to 44 years,3,Mixed or Multiple ethnic groups,5,"Other: apprenticeships, vocational or work-related qualifications, other qualifications achieved in England or Wales, qualifications achieved outside England or Wales (equivalent not stated or unknown)",1,Female,1547
E92000001,England,8,Aged 40 to 44 years,3,Mixed or Multiple ethnic groups,5,"Other: apprenticeships, vocational or work-related qualifications, other qualifications achieved in England or Wales, qualifications achieved outside England or Wales (equivalent not stated or unknown)",2,Male,2145
E92000001,England,8,Aged 40 to 44 years,4,White,-8,Does not apply,1,Female,0
E92000001,England,8,Aged 40 to 44 years,4,White,-8,Does not apply,2,Male,0
E92000001,England,8,Aged 40 to 44 years,4,White,0,No qualifications,1,Female,107589
E92000001,England,8,Aged 40 to 44 years,4,White,0,No qualifications,2,Male,135927
E92000001,England,8,Aged 40 to 44 years,4,White,1,"Level 1 and entry level qualifications: 1 to 4 GCSEs grade A* to C, Any GCSEs at other grades, O levels or CSEs (any grades), 1 AS level, NVQ level 1, Foundation GNVQ, Basic or Essential Skills",1,Female,98622
E92000001,England,8,Aged 40 to 44 years,4,White,1,"Level 1 and entry level qualifications: 1 to 4 GCSEs grade A* to C, Any GCSEs at other grades, O levels or CSEs (any grades), 1 AS level, NVQ level 1, Foundation GNVQ, Basic or Essential Skills",2,Male,124610
E92000001,England,8,Aged 40 to 44 years,4,White,2,"Level 2 qualifications: 5 or more GCSEs (A* to C or 9 to 4), O levels (passes), CSEs (grade 1), School Certification, 1 A level, 2 to 3 AS levels, VCEs, Intermediate or Higher Diploma, Welsh Baccalaureate Intermediate Diploma, NVQ level 2, Intermediate GNVQ, City and Guilds Craft, BTEC First or General Diploma, RSA Diploma",1,Female,183753
E92000001,England,8,Aged 40 to 44 years,4,White,2,"Level 2 qualifications: 5 or more GCSEs (A* to C or 9 to 4), O levels (passes), CSEs (grade 1), School Certification, 1 A level, 2 to 3 AS levels, VCEs, Intermediate or Higher Diploma, Welsh Baccalaureate Intermediate Diploma, NVQ level 2, Intermediate GNVQ, City and Guilds Craft, BTEC First or General Diploma, RSA Diploma",2,Male,180855
E92000001,England,8,Aged 40 to 44 years,4,White,3,"Level 3 qualifications: 2 or more A levels or VCEs, 4 or more AS levels, Higher School Certificate, Progression or Advanced Diploma, Welsh Baccalaureate Advance Diploma, NVQ level 3; Advanced GNVQ, City and Guilds Advanced Craft, ONC, OND, BTEC National, RSA Advanced Diploma",1,Female,273021
E92000001,England,8,Aged 40 to 44 years,4,White,3,"Level 3 qualifications: 2 or more A levels or VCEs, 4 or more AS levels, Higher School Certificate, Progression or Advanced Diploma, Welsh Baccalaureate Advance Diploma, NVQ level 3; Advanced GNVQ, City and Guilds Advanced Craft, ONC, OND, BTEC National, RSA Advanced Diploma",2,Male,267215
E92000001,England,8,Aged 40 to 44 years,4,White,4,"Level 4 qualifications or above: degree (BA, BSc), higher degree (MA, PhD, PGCE), NVQ level 4 to 5, HNC, HND, RSA Higher Diploma, BTEC Higher level, professional qualifications (for example, teaching, nursing, accountancy)",1,Female,669233
E92000001,England,8,Aged 40 to 44 years,4,White,4,"Level 4 qualifications or above: degree (BA, BSc), higher degree (MA, PhD, PGCE), NVQ level 4 to 5, HNC, HND, RSA Higher Diploma, BTEC Higher level, professional qualifications (for example, teaching, nursing, accountancy)",2,Male,541839
E92000001,England,8,Aged 40 to 44 years,4,White,5,"Other: apprenticeships, vocational or work-related qualifications, other qualifications achieved in England or Wales, qualifications achieved outside England or Wales (equivalent not stated or unknown)",1,Female,49085
E92000001,England,8,Aged 40 to 44 years,4,White,5,"Other: apprenticeships, vocational or work-related qualifications, other qualifications achieved in England or Wales, qualifications achieved outside England or Wales (equivalent not stated or unknown)",2,Male,88324
E92000001,England,8,Aged 40 to 44 years,5,Other ethnic group,-8,Does not apply,1,Female,0
E92000001,England,8,Aged 40 to 44 years,5,Other ethnic group,-8,Does not apply,2,Male,0
E92000001,England,8,Aged 40 to 44 years,5,Other ethnic group,0,No qualifications,1,Female,11885
E92000001,England,8,Aged 40 to 44 years,5,Other ethnic group,0,No qualifications,2,Male,14453
E92000001,England,8,Aged 40 to 44 years,5,Other ethnic group,1,"Level 1 and entry level qualifications: 1 to 4 GCSEs grade A* to C, Any GCSEs at other grades, O levels or CSEs (any grades), 1 AS level, NVQ level 1, Foundation GNVQ, Basic or Essential Skills",1,Female,4905
E92000001,England,8,Aged 40 to 44 years,5,Other ethnic group,1,"Level 1 and entry level qualifications: 1 to 4 GCSEs grade A* to C, Any GCSEs at other grades, O levels or CSEs (any grades), 1 AS level, NVQ level 1, Foundation GNVQ, Basic or Essential Skills",2,Male,5090
E92000001,England,8,Aged 40 to 44 years,5,Other ethnic group,2,"Level 2 qualifications: 5 or more GCSEs (A* to C or 9 to 4), O levels (passes), CSEs (grade 1), School Certification, 1 A level, 2 to 3 AS levels, VCEs, Intermediate or Higher Diploma, Welsh Baccalaureate Intermediate Diploma, NVQ level 2, Intermediate GNVQ, City and Guilds Craft, BTEC First or General Diploma, RSA Diploma",1,Female,3330
E92000001,England,8,Aged 40 to 44 years,5,Other ethnic group,2,"Level 2 qualifications: 5 or more GCSEs (A* to C or 9 to 4), O levels (passes), CSEs (grade 1), School Certification, 1 A level, 2 to 3 AS levels, VCEs, Intermediate or Higher Diploma, Welsh Baccalaureate Intermediate Diploma, NVQ level 2, Intermediate GNVQ, City and Guilds Craft, BTEC First or General Diploma, RSA Diploma",2,Male,3563
E92000001,England,8,Aged 40 to 44 years,5,Other ethnic group,3,"Level 3 qualifications: 2 or more A levels or VCEs, 4 or more AS levels, Higher School Certificate, Progression or Advanced Diploma, Welsh Baccalaureate Advance Diploma, NVQ level 3; Advanced GNVQ, City and Guilds Advanced Craft, ONC, OND, BTEC National, RSA Advanced Diploma",1,Female,4487
E92000001,England,8,Aged 40 to 44 years,5,Other ethnic group,3,"Level 3 qualifications: 2 or more A levels or VCEs, 4 or more AS levels, Higher School Certificate, Progression or Advanced Diploma, Welsh Baccalaureate Advance Diploma, NVQ level 3; Advanced GNVQ, City and Guilds Advanced Craft, ONC, OND, BTEC National, RSA Advanced Diploma",2,Male,4498
E92000001,England,8,Aged 40 to 44 years,5,Other ethnic group,4,"Level 4 qualifications or above: degree (BA, BSc), higher degree (MA, PhD, PGCE), NVQ level 4 to 5, HNC, HND, RSA Higher Diploma, BTEC Higher level, professional qualifications (for example, teaching, nursing, accountancy)",1,Female,24896
E92000001,England,8,Aged 40 to 44 years,5,Other ethnic group,4,"Level 4 qualifications or above: degree (BA, BSc), higher degree (MA, PhD, PGCE), NVQ level 4 to 5, HNC, HND, RSA Higher Diploma, BTEC Higher level, professional qualifications (for example, teaching, nursing, accountancy)",2,Male,22074
E92000001,England,8,Aged 40 to 44 years,5,Other ethnic group,5,"Other: apprenticeships, vocational or work-related qualifications, other qualifications achieved in England or Wales, qualifications achieved outside England or Wales (equivalent not stated or unknown)",1,Female,3984
E92000001,England,8,Aged 40 to 44 years,5,Other ethnic group,5,"Other: apprenticeships, vocational or work-related qualifications, other qualifications achieved in England or Wales, qualifications achieved outside England or Wales (equivalent not stated or unknown)",2,Male,5159
E92000001,England,9,Aged 45 to 49 years,-8,Does not apply,-8,Does not apply,1,Female,0
E92000001,England,9,Aged 45 to 49 years,-8,Does not apply,-8,Does not apply,2,Male,0
E92000001,England,9,Aged 45 to 49 years,-8,Does not apply,0,No qualifications,1,Female,0
E92000001,England,9,Aged 45 to 49 years,-8,Does not apply,0,No qualifications,2,Male,0
E92000001,England,9,Aged 45 to 49 years,-8,Does not apply,1,"Level 1 and entry level qualifications: 1 to 4 GCSEs grade A* to C, Any GCSEs at other grades, O levels or CSEs (any grades), 1 AS level, NVQ level 1, Foundation GNVQ, Basic or Essential Skills",1,Female,0
E92000001,England,9,Aged 45 to 49 years,-8,Does not apply,1,"Level 1 and entry level qualifications: 1 to 4 GCSEs grade A* to C, Any GCSEs at other grades, O levels or CSEs (any grades), 1 AS level, NVQ level 1, Foundation GNVQ, Basic or Essential Skills",2,Male,0
E92000001,England,9,Aged 45 to 49 years,-8,Does not apply,2,"Level 2 qualifications: 5 or more GCSEs (A* to C or 9 to 4), O levels (passes), CSEs (grade 1), School Certification, 1 A level, 2 to 3 AS levels, VCEs, Intermediate or Higher Diploma, Welsh Baccalaureate Intermediate Diploma, NVQ level 2, Intermediate GNVQ, City and Guilds Craft, BTEC First or General Diploma, RSA Diploma",1,Female,0
E92000001,England,9,Aged 45 to 49 years,-8,Does not apply,2,"Level 2 qualifications: 5 or more GCSEs (A* to C or 9 to 4), O levels (passes), CSEs (grade 1), School Certification, 1 A level, 2 to 3 AS levels, VCEs, Intermediate or Higher Diploma, Welsh Baccalaureate Intermediate Diploma, NVQ level 2, Intermediate GNVQ, City and Guilds Craft, BTEC First or General Diploma, RSA Diploma",2,Male,0
E92000001,England,9,Aged 45 to 49 years,-8,Does not apply,3,"Level 3 qualifications: 2 or more A levels or VCEs, 4 or more AS levels, Higher School Certificate, Progression or Advanced Diploma, Welsh Baccalaureate Advance Diploma, NVQ level 3; Advanced GNVQ, City and Guilds Advanced Craft, ONC, OND, BTEC National, RSA Advanced Diploma",1,Female,0
E92000001,England,9,Aged 45 to 49 years,-8,Does not apply,3,"Level 3 qualifications: 2 or more A levels or VCEs, 4 or more AS levels, Higher School Certificate, Progression or Advanced Diploma, Welsh Baccalaureate Advance Diploma, NVQ level 3; Advanced GNVQ, City and Guilds Advanced Craft, ONC, OND, BTEC National, RSA Advanced Diploma",2,Male,0
E92000001,England,9,Aged 45 to 49 years,-8,Does not apply,4,"Level 4 qualifications or above: degree (BA, BSc), higher degree (MA, PhD, PGCE), NVQ level 4 to 5, HNC, HND, RSA Higher Diploma, BTEC Higher level, professional qualifications (for example, teaching, nursing, accountancy)",1,Female,0
E92000001,England,9,Aged 45 to 49 years,-8,Does not apply,4,"Level 4 qualifications or above: degree (BA, BSc), higher degree (MA, PhD, PGCE), NVQ level 4 to 5, HNC, HND, RSA Higher Diploma, BTEC Higher level, professional qualifications (for example, teaching, nursing, accountancy)",2,Male,0
E92000001,England,9,Aged 45 to 49 years,-8,Does not apply,5,"Other: apprenticeships, vocational or work-related qualifications, other qualifications achieved in England or Wales, qualifications achieved outside England or Wales (equivalent not stated or unknown)",1,Female,0
E92000001,England,9,Aged 45 to 49 years,-8,Does not apply,5,"Other: apprenticeships, vocational or work-related qualifications, other qualifications achieved in England or Wales, qualifications achieved outside England or Wales (equivalent not stated or unknown)",2,Male,0
E92000001,England,9,Aged 45 to 49 years,1,"Asian, Asian British or Asian Welsh",-8,Does not apply,1,Female,0
E92000001,England,9,Aged 45 to 49 years,1,"Asian, Asian British or Asian Welsh",-8,Does not apply,2,Male,0
E92000001,England,9,Aged 45 to 49 years,1,"Asian, Asian British or Asian Welsh",0,No qualifications,1,Female,42137
E92000001,England,9,Aged 45 to 49 years,1,"Asian, Asian British or Asian Welsh",0,No qualifications,2,Male,42453
E92000001,England,9,Aged 45 to 49 years,1,"Asian, Asian British or Asian Welsh",1,"Level 1 and entry level qualifications: 1 to 4 GCSEs grade A* to C, Any GCSEs at other grades, O levels or CSEs (any grades), 1 AS level, NVQ level 1, Foundation GNVQ, Basic or Essential Skills",1,Female,20543
E92000001,England,9,Aged 45 to 49 years,1,"Asian, Asian British or Asian Welsh",1,"Level 1 and entry level qualifications: 1 to 4 GCSEs grade A* to C, Any GCSEs at other grades, O levels or CSEs (any grades), 1 AS level, NVQ level 1, Foundation GNVQ, Basic or Essential Skills",2,Male,20584
E92000001,England,9,Aged 45 to 49 years,1,"Asian, Asian British or Asian Welsh",2,"Level 2 qualifications: 5 or more GCSEs (A* to C or 9 to 4), O levels (passes), CSEs (grade 1), School Certification, 1 A level, 2 to 3 AS levels, VCEs, Intermediate or Higher Diploma, Welsh Baccalaureate Intermediate Diploma, NVQ level 2, Intermediate GNVQ, City and Guilds Craft, BTEC First or General Diploma, RSA Diploma",1,Female,16552
E92000001,England,9,Aged 45 to 49 years,1,"Asian, Asian British or Asian Welsh",2,"Level 2 qualifications: 5 or more GCSEs (A* to C or 9 to 4), O levels (passes), CSEs (grade 1), School Certification, 1 A level, 2 to 3 AS levels, VCEs, Intermediate or Higher Diploma, Welsh Baccalaureate Intermediate Diploma, NVQ level 2, Intermediate GNVQ, City and Guilds Craft, BTEC First or General Diploma, RSA Diploma",2,Male,15793
E92000001,England,9,Aged 45 to 49 years,1,"Asian, Asian British or Asian Welsh",3,"Level 3 qualifications: 2 or more A levels or VCEs, 4 or more AS levels, Higher School Certificate, Progression or Advanced Diploma, Welsh Baccalaureate Advance Diploma, NVQ level 3; Advanced GNVQ, City and Guilds Advanced Craft, ONC, OND, BTEC National, RSA Advanced Diploma",1,Female,19033
E92000001,England,9,Aged 45 to 49 years,1,"Asian, Asian British or Asian Welsh",3,"Level 3 qualifications: 2 or more A levels or VCEs, 4 or more AS levels, Higher School Certificate, Progression or Advanced Diploma, Welsh Baccalaureate Advance Diploma, NVQ level 3; Advanced GNVQ, City and Guilds Advanced Craft, ONC, OND, BTEC National, RSA Advanced Diploma",2,Male,16260
E92000001,England,9,Aged 45 to 49 years,1,"Asian, Asian British or Asian Welsh",4,"Level 4 qualifications or above: degree (BA, BSc), higher degree (MA, PhD, PGCE), NVQ level 4 to 5, HNC, HND, RSA Higher Diploma, BTEC Higher level, professional qualifications (for example, teaching, nursing, accountancy)",1,Female,86886
E92000001,England,9,Aged 45 to 49 years,1,"Asian, Asian British or Asian Welsh",4,"Level 4 qualifications or above: degree (BA, BSc), higher degree (MA, PhD, PGCE), NVQ level 4 to 5, HNC, HND, RSA Higher Diploma, BTEC Higher level, professional qualifications (for example, teaching, nursing, accountancy)",2,Male,87984
E92000001,England,9,Aged 45 to 49 years,1,"Asian, Asian British or Asian Welsh",5,"Other: apprenticeships, vocational or work-related qualifications, other qualifications achieved in England or Wales, qualifications achieved outside England or Wales (equivalent not stated or unknown)",1,Female,10932
E92000001,England,9,Aged 45 to 49 years,1,"Asian, Asian British or Asian Welsh",5,"Other: apprenticeships, vocational or work-related qualifications, other qualifications achieved in England or Wales, qualifications achieved outside England or Wales (equivalent not stated or unknown)",2,Male,13515
E92000001,England,9,Aged 45 to 49 years,2,"Black, Black British, Black Welsh, Caribbean or African",-8,Does not apply,1,Female,0
E92000001,England,9,Aged 45 to 49 years,2,"Black, Black British, Black Welsh, Caribbean or African",-8,Does not apply,2,Male,0
E92000001,England,9,Aged 45 to 49 years,2,"Black, Black British, Black Welsh, Caribbean or African",0,No qualifications,1,Female,12196
E92000001,England,9,Aged 45 to 49 years,2,"Black, Black British, Black Welsh, Caribbean or African",0,No qualifications,2,Male,10873
E92000001,England,9,Aged 45 to 49 years,2,"Black, Black British, Black Welsh, Caribbean or African",1,"Level 1 and entry level qualifications: 1 to 4 GCSEs grade A* to C, Any GCSEs at other grades, O levels or CSEs (any grades), 1 AS level, NVQ level 1, Foundation GNVQ, Basic or Essential Skills",1,Female,8141
E92000001,England,9,Aged 45 to 49 years,2,"Black, Black British, Black Welsh, Caribbean or African",1,"Level 1 and entry level qualifications: 1 to 4 GCSEs grade A* to C, Any GCSEs at other grades, O levels or CSEs (any grades), 1 AS level, NVQ level 1, Foundation GNVQ, Basic or Essential Skills",2,Male,6880
E92000001,England,9,Aged 45 to 49 years,2,"Black, Black British, Black Welsh, Caribbean or African",2,"Level 2 qualifications: 5 or more GCSEs (A* to C or 9 to 4), O levels (passes), CSEs (grade 1), School Certification, 1 A level, 2 to 3 AS levels, VCEs, Intermediate or Higher Diploma, Welsh Baccalaureate Intermediate Diploma, NVQ level 2, Intermediate GNVQ, City and Guilds Craft, BTEC First or General Diploma, RSA Diploma",1,Female,8547
E92000001,England,9,Aged 45 to 49 years,2,"Black, Black British, Black Welsh, Caribbean or African",2,"Level 2 qualifications: 5 or more GCSEs (A* to C or 9 to 4), O levels (passes), CSEs (grade 1), School Certification, 1 A level, 2 to 3 AS levels, VCEs, Intermediate or Higher Diploma, Welsh Baccalaureate Intermediate Diploma, NVQ level 2, Intermediate GNVQ, City and Guilds Craft, BTEC First or General Diploma, RSA Diploma",2,Male,7040
E92000001,England,9,Aged 45 to 49 years,2,"Black, Black British, Black Welsh, Caribbean or African",3,"Level 3 qualifications: 2 or more A levels or VCEs, 4 or more AS levels, Higher School Certificate, Progression or Advanced Diploma, Welsh Baccalaureate Advance Diploma, NVQ level 3; Advanced GNVQ, City and Guilds Advanced Craft, ONC, OND, BTEC National, RSA Advanced Diploma",1,Female,11361
E92000001,England,9,Aged 45 to 49 years,2,"Black, Black British, Black Welsh, Caribbean or African",3,"Level 3 qualifications: 2 or more A levels or VCEs, 4 or more AS levels, Higher School Certificate, Progression or Advanced Diploma, Welsh Baccalaureate Advance Diploma, NVQ level 3; Advanced GNVQ, City and Guilds Advanced Craft, ONC, OND, BTEC National, RSA Advanced Diploma",2,Male,9057
E92000001,England,9,Aged 45 to 49 years,2,"Black, Black British, Black Welsh, Caribbean or African",4,"Level 4 qualifications or above: degree (BA, BSc), higher degree (MA, PhD, PGCE), NVQ level 4 to 5, HNC, HND, RSA Higher Diploma, BTEC Higher level, professional qualifications (for example, teaching, nursing, accountancy)",1,Female,45899
E92000001,England,9,Aged 45 to 49 years,2,"Black, Black British, Black Welsh, Caribbean or African",4,"Level 4 qualifications or above: degree (BA, BSc), higher degree (MA, PhD, PGCE), NVQ level 4 to 5, HNC, HND, RSA Higher Diploma, BTEC Higher level, professional qualifications (for example, teaching, nursing, accountancy)",2,Male,36944
E92000001,England,9,Aged 45 to 49 years,2,"Black, Black British, Black Welsh, Caribbean or African",5,"Other: apprenticeships, vocational or work-related qualifications, other qualifications achieved in England or Wales, qualifications achieved outside England or Wales (equivalent not stated or unknown)",1,Female,4662
E92000001,England,9,Aged 45 to 49 years,2,"Black, Black British, Black Welsh, Caribbean or African",5,"Other: apprenticeships, vocational or work-related qualifications, other qualifications achieved in England or Wales, qualifications achieved outside England or Wales (equivalent not stated or unknown)",2,Male,5379
E92000001,England,9,Aged 45 to 49 years,3,Mixed or Multiple ethnic groups,-8,Does not apply,1,Female,0
E92000001,England,9,Aged 45 to 49 years,3,Mixed or Multiple ethnic groups,-8,Does not apply,2,Male,0
E92000001,England,9,Aged 45 to 49 years,3,Mixed or Multiple ethnic groups,0,No qualifications,1,Female,3092
E92000001,England,9,Aged 45 to 49 years,3,Mixed or Multiple ethnic groups,0,No qualifications,2,Male,3677
E92000001,England,9,Aged 45 to 49 years,3,Mixed or Multiple ethnic groups,1,"Level 1 and entry level qualifications: 1 to 4 GCSEs grade A* to C, Any GCSEs at other grades, O levels or CSEs (any grades), 1 AS level, NVQ level 1, Foundation GNVQ, Basic or Essential Skills",1,Female,2570
E92000001,England,9,Aged 45 to 49 years,3,Mixed or Multiple ethnic groups,1,"Level 1 and entry level qualifications: 1 to 4 GCSEs grade A* to C, Any GCSEs at other grades, O levels or CSEs (any grades), 1 AS level, NVQ level 1, Foundation GNVQ, Basic or Essential Skills",2,Male,2465
E92000001,England,9,Aged 45 to 49 years,3,Mixed or Multiple ethnic groups,2,"Level 2 qualifications: 5 or more GCSEs (A* to C or 9 to 4), O levels (passes), CSEs (grade 1), School Certification, 1 A level, 2 to 3 AS levels, VCEs, Intermediate or Higher Diploma, Welsh Baccalaureate Intermediate Diploma, NVQ level 2, Intermediate GNVQ, City and Guilds Craft, BTEC First or General Diploma, RSA Diploma",1,Female,3581
E92000001,England,9,Aged 45 to 49 years,3,Mixed or Multiple ethnic groups,2,"Level 2 qualifications: 5 or more GCSEs (A* to C or 9 to 4), O levels (passes), CSEs (grade 1), School Certification, 1 A level, 2 to 3 AS levels, VCEs, Intermediate or Higher Diploma, Welsh Baccalaureate Intermediate Diploma, NVQ level 2, Intermediate GNVQ, City and Guilds Craft, BTEC First or General Diploma, RSA Diploma",2,Male,3121
E92000001,England,9,Aged 45 to 49 years,3,Mixed or Multiple ethnic groups,3,"Level 3 qualifications: 2 or more A levels or VCEs, 4 or more AS levels, Higher School Certificate, Progression or Advanced Diploma, Welsh Baccalaureate Advance Diploma, NVQ level 3; Advanced GNVQ, City and Guilds Advanced Craft, ONC, OND, BTEC National, RSA Advanced Diploma",1,Female,4909
E92000001,England,9,Aged 45 to 49 years,3,Mixed or Multiple ethnic groups,3,"Level 3 qualifications: 2 or more A levels or VCEs, 4 or more AS levels, Higher School Certificate, Progression or Advanced Diploma, Welsh Baccalaureate Advance Diploma, NVQ level 3; Advanced GNVQ, City and Guilds Advanced Craft, ONC, OND, BTEC National, RSA Advanced Diploma",2,Male,4291
E92000001,England,9,Aged 45 to 49 years,3,Mixed or Multiple ethnic groups,4,"Level 4 qualifications or above: degree (BA, BSc), higher degree (MA, PhD, PGCE), NVQ level 4 to 5, HNC, HND, RSA Higher Diploma, BTEC Higher level, professional qualifications (for example, teaching, nursing, accountancy)",1,Female,16379
E92000001,England,9,Aged 45 to 49 years,3,Mixed or Multiple ethnic groups,4,"Level 4 qualifications or above: degree (BA, BSc), higher degree (MA, PhD, PGCE), NVQ level 4 to 5, HNC, HND, RSA Higher Diploma, BTEC Higher level, professional qualifications (for example, teaching, nursing, accountancy)",2,Male,12239
E92000001,England,9,Aged 45 to 49 years,3,Mixed or Multiple ethnic groups,5,"Other: apprenticeships, vocational or work-related qualifications, other qualifications achieved in England or Wales, qualifications achieved outside England or Wales (equivalent not stated or unknown)",1,Female,1301
E92000001,England,9,Aged 45 to 49 years,3,Mixed or Multiple ethnic groups,5,"Other: apprenticeships, vocational or work-related qualifications, other qualifications achieved in England or Wales, qualifications achieved outside England or Wales (equivalent not stated or unknown)",2,Male,1870
E92000001,England,9,Aged 45 to 49 years,4,White,-8,Does not apply,1,Female,0
E92000001,England,9,Aged 45 to 49 years,4,White,-8,Does not apply,2,Male,0
E92000001,England,9,Aged 45 to 49 years,4,White,0,No qualifications,1,Female,129951
E92000001,England,9,Aged 45 to 49 years,4,White,0,No qualifications,2,Male,160543
E92000001,England,9,Aged 45 to 49 years,4,White,1,"Level 1 and entry level qualifications: 1 to 4 GCSEs grade A* to C, Any GCSEs at other grades, O levels or CSEs (any grades), 1 AS level, NVQ level 1, Foundation GNVQ, Basic or Essential Skills",1,Female,153182
E92000001,England,9,Aged 45 to 49 years,4,White,1,"Level 1 and entry level qualifications: 1 to 4 GCSEs grade A* to C, Any GCSEs at other grades, O levels or CSEs (any grades), 1 AS level, NVQ level 1, Foundation GNVQ, Basic or Essential Skills",2,Male,154735
E92000001,England,9,Aged 45 to 49 years,4,White,2,"Level 2 qualifications: 5 or more GCSEs (A* to C or 9 to 4), O levels (passes), CSEs (grade 1), School Certification, 1 A level, 2 to 3 AS levels, VCEs, Intermediate or Higher Diploma, Welsh Baccalaureate Intermediate Diploma, NVQ level 2, Intermediate GNVQ, City and Guilds Craft, BTEC First or General Diploma, RSA Diploma",1,Female,231162
E92000001,England,9,Aged 45 to 49 years,4,White,2,"Level 2 qualifications: 5 or more GCSEs (A* to C or 9 to 4), O levels (passes), CSEs (grade 1), School Certification, 1 A level, 2 to 3 AS levels, VCEs, Intermediate or Higher Diploma, Welsh Baccalaureate Intermediate Diploma, NVQ level 2, Intermediate GNVQ, City and Guilds Craft, BTEC First or General Diploma, RSA Diploma",2,Male,183996
E92000001,England,9,Aged 45 to 49 years,4,White,3,"Level 3 qualifications: 2 or more A levels or VCEs, 4 or more AS levels, Higher School Certificate, Progression or Advanced Diploma, Welsh Baccalaureate Advance Diploma, NVQ level 3; Advanced GNVQ, City and Guilds Advanced Craft, ONC, OND, BTEC National, RSA Advanced Diploma",1,Female,276307
E92000001,England,9,Aged 45 to 49 years,4,White,3,"Level 3 qualifications: 2 or more A levels or VCEs, 4 or more AS levels, Higher School Certificate, Progression or Advanced Diploma, Welsh Baccalaureate Advance Diploma, NVQ level 3; Advanced GNVQ, City and Guilds Advanced Craft, ONC, OND, BTEC National, RSA Advanced Diploma",2,Male,265246
E92000001,England,9,Aged 45 to 49 years,4,White,4,"Level 4 qualifications or above: degree (BA, BSc), higher degree (MA, PhD, PGCE), NVQ level 4 to 5, HNC, HND, RSA Higher Diploma, BTEC Higher level, professional qualifications (for example, teaching, nursing, accountancy)",1,Female,611538
E92000001,England,9,Aged 45 to 49 years,4,White,4,"Level 4 qualifications or above: degree (BA, BSc), higher degree (MA, PhD, PGCE), NVQ level 4 to 5, HNC, HND, RSA Higher Diploma, BTEC Higher level, professional qualifications (for example, teaching, nursing, accountancy)",2,Male,538544
E92000001,England,9,Aged 45 to 49 years,4,White,5,"Other: apprenticeships, vocational or work-related qualifications, other qualifications achieved in England or Wales, qualifications achieved outside England or Wales (equivalent not stated or unknown)",1,Female,55850
E92000001,England,9,Aged 45 to 49 years,4,White,5,"Other: apprenticeships, vocational or work-related qualifications, other qualifications achieved in England or Wales, qualifications achieved outside England or Wales (equivalent not stated or unknown)",2,Male,113521
E92000001,England,9,Aged 45 to 49 years,5,Other ethnic group,-8,Does not apply,1,Female,0
E92000001,England,9,Aged 45 to 49 years,5,Other ethnic group,-8,Does not apply,2,Male,0
E92000001,England,9,Aged 45 to 49 years,5,Other ethnic group,0,No qualifications,1,Female,10564
E92000001,England,9,Aged 45 to 49 years,5,Other ethnic group,0,No qualifications,2,Male,12890
E92000001,England,9,Aged 45 to 49 years,5,Other ethnic group,1,"Level 1 and entry level qualifications: 1 to 4 GCSEs grade A* to C, Any GCSEs at other grades, O levels or CSEs (any grades), 1 AS level, NVQ level 1, Foundation GNVQ, Basic or Essential Skills",1,Female,4246
E92000001,England,9,Aged 45 to 49 years,5,Other ethnic group,1,"Level 1 and entry level qualifications: 1 to 4 GCSEs grade A* to C, Any GCSEs at other grades, O levels or CSEs (any grades), 1 AS level, NVQ level 1, Foundation GNVQ, Basic or Essential Skills",2,Male,4571
E92000001,England,9,Aged 45 to 49 years,5,Other ethnic group,2,"Level 2 qualifications: 5 or more GCSEs (A* to C or 9 to 4), O levels (passes), CSEs (grade 1), School Certification, 1 A level, 2 to 3 AS levels, VCEs, Intermediate or Higher Diploma, Welsh Baccalaureate Intermediate Diploma, NVQ level 2, Intermediate GNVQ, City and Guilds Craft, BTEC First or General Diploma, RSA Diploma",1,Female,2885
E92000001,England,9,Aged 45 to 49 years,5,Other ethnic group,2,"Level 2 qualifications: 5 or more GCSEs (A* to C or 9 to 4), O levels (passes), CSEs (grade 1), School Certification, 1 A level, 2 to 3 AS levels, VCEs, Intermediate or Higher Diploma, Welsh Baccalaureate Intermediate Diploma, NVQ level 2, Intermediate GNVQ, City and Guilds Craft, BTEC First or General Diploma, RSA Diploma",2,Male,3040
E92000001,England,9,Aged 45 to 49 years,5,Other ethnic group,3,"Level 3 qualifications: 2 or more A levels or VCEs, 4 or more AS levels, Higher School Certificate, Progression or Advanced Diploma, Welsh Baccalaureate Advance Diploma, NVQ level 3; Advanced GNVQ, City and Guilds Advanced Craft, ONC, OND, BTEC National, RSA Advanced Diploma",1,Female,4029
E92000001,England,9,Aged 45 to 49 years,5,Other ethnic group,3,"Level 3 qualifications: 2 or more A levels or VCEs, 4 or more AS levels, Higher School Certificate, Progression or Advanced Diploma, Welsh Baccalaureate Advance Diploma, NVQ level 3; Advanced GNVQ, City and Guilds Advanced Craft, ONC, OND, BTEC National, RSA Advanced Diploma",2,Male,3902
E92000001,England,9,Aged 45 to 49 years,5,Other ethnic group,4,"Level 4 qualifications or above: degree (BA, BSc), higher degree (MA, PhD, PGCE), NVQ level 4 to 5, HNC, HND, RSA Higher Diploma, BTEC Higher level, professional qualifications (for example, teaching, nursing, accountancy)",1,Female,18351
E92000001,England,9,Aged 45 to 49 years,5,Other ethnic group,4,"Level 4 qualifications or above: degree (BA, BSc), higher degree (MA, PhD, PGCE), NVQ level 4 to 5, HNC, HND, RSA Higher Diploma, BTEC Higher level, professional qualifications (for example, teaching, nursing, accountancy)",2,Male,17681
E92000001,England,9,Aged 45 to 49 years,5,Other ethnic group,5,"Other: apprenticeships, vocational or work-related qualifications, other qualifications achieved in England or Wales, qualifications achieved outside England or Wales (equivalent not stated or unknown)",1,Female,3272
E92000001,England,9,Aged 45 to 49 years,5,Other ethnic group,5,"Other: apprenticeships, vocational or work-related qualifications, other qualifications achieved in England or Wales, qualifications achieved outside England or Wales (equivalent not stated or unknown)",2,Male,4321
E92000001,England,10,Aged 50 to 54 years,-8,Does not apply,-8,Does not apply,1,Female,0
E92000001,England,10,Aged 50 to 54 years,-8,Does not apply,-8,Does not apply,2,Male,0
E92000001,England,10,Aged 50 to 54 years,-8,Does not apply,0,No qualifications,1,Female,0
E92000001,England,10,Aged 50 to 54 years,-8,Does not apply,0,No qualifications,2,Male,0
E92000001,England,10,Aged 50 to 54 years,-8,Does not apply,1,"Level 1 and entry level qualifications: 1 to 4 GCSEs grade A* to C, Any GCSEs at other grades, O levels or CSEs (any grades), 1 AS level, NVQ level 1, Foundation GNVQ, Basic or Essential Skills",1,Female,0
E92000001,England,10,Aged 50 to 54 years,-8,Does not apply,1,"Level 1 and entry level qualifications: 1 to 4 GCSEs grade A* to C, Any GCSEs at other grades, O levels or CSEs (any grades), 1 AS level, NVQ level 1, Foundation GNVQ, Basic or Essential Skills",2,Male,0
E92000001,England,10,Aged 50 to 54 years,-8,Does not apply,2,"Level 2 qualifications: 5 or more GCSEs (A* to C or 9 to 4), O levels (passes), CSEs (grade 1), School Certification, 1 A level, 2 to 3 AS levels, VCEs, Intermediate or Higher Diploma, Welsh Baccalaureate Intermediate Diploma, NVQ level 2, Intermediate GNVQ, City and Guilds Craft, BTEC First or General Diploma, RSA Diploma",1,Female,0
E92000001,England,10,Aged 50 to 54 years,-8,Does not apply,2,"Level 2 qualifications: 5 or more GCSEs (A* to C or 9 to 4), O levels (passes), CSEs (grade 1), School Certification, 1 A level, 2 to 3 AS levels, VCEs, Intermediate or Higher Diploma, Welsh Baccalaureate Intermediate Diploma, NVQ level 2, Intermediate GNVQ, City and Guilds Craft, BTEC First or General Diploma, RSA Diploma",2,Male,0
E92000001,England,10,Aged 50 to 54 years,-8,Does not apply,3,"Level 3 qualifications: 2 or more A levels or VCEs, 4 or more AS levels, Higher School Certificate, Progression or Advanced Diploma, Welsh Baccalaureate Advance Diploma, NVQ level 3; Advanced GNVQ, City and Guilds Advanced Craft, ONC, OND, BTEC National, RSA Advanced Diploma",1,Female,0
E92000001,England,10,Aged 50 to 54 years,-8,Does not apply,3,"Level 3 qualifications: 2 or more A levels or VCEs, 4 or more AS levels, Higher School Certificate, Progression or Advanced Diploma, Welsh Baccalaureate Advance Diploma, NVQ level 3; Advanced GNVQ, City and Guilds Advanced Craft, ONC, OND, BTEC National, RSA Advanced Diploma",2,Male,0
E92000001,England,10,Aged 50 to 54 years,-8,Does not apply,4,"Level 4 qualifications or above: degree (BA, BSc), higher degree (MA, PhD, PGCE), NVQ level 4 to 5, HNC, HND, RSA Higher Diploma, BTEC Higher level, professional qualifications (for example, teaching, nursing, accountancy)",1,Female,0
E92000001,England,10,Aged 50 to 54 years,-8,Does not apply,4,"Level 4 qualifications or above: degree (BA, BSc), higher degree (MA, PhD, PGCE), NVQ level 4 to 5, HNC, HND, RSA Higher Diploma, BTEC Higher level, professional qualifications (for example, teaching, nursing, accountancy)",2,Male,0
E92000001,England,10,Aged 50 to 54 years,-8,Does not apply,5,"Other: apprenticeships, vocational or work-related qualifications, other qualifications achieved in England or Wales, qualifications achieved outside England or Wales (equivalent not stated or unknown)",1,Female,0
E92000001,England,10,Aged 50 to 54 years,-8,Does not apply,5,"Other: apprenticeships, vocational or work-related qualifications, other qualifications achieved in England or Wales, qualifications achieved outside England or Wales (equivalent not stated or unknown)",2,Male,0
E92000001,England,10,Aged 50 to 54 years,1,"Asian, Asian British or Asian Welsh",-8,Does not apply,1,Female,0
E92000001,England,10,Aged 50 to 54 years,1,"Asian, Asian British or Asian Welsh",-8,Does not apply,2,Male,0
E92000001,England,10,Aged 50 to 54 years,1,"Asian, Asian British or Asian Welsh",0,No qualifications,1,Female,40530
E92000001,England,10,Aged 50 to 54 years,1,"Asian, Asian British or Asian Welsh",0,No qualifications,2,Male,38272
E92000001,England,10,Aged 50 to 54 years,1,"Asian, Asian British or Asian Welsh",1,"Level 1 and entry level qualifications: 1 to 4 GCSEs grade A* to C, Any GCSEs at other grades, O levels or CSEs (any grades), 1 AS level, NVQ level 1, Foundation GNVQ, Basic or Essential Skills",1,Female,18574
E92000001,England,10,Aged 50 to 54 years,1,"Asian, Asian British or Asian Welsh",1,"Level 1 and entry level qualifications: 1 to 4 GCSEs grade A* to C, Any GCSEs at other grades, O levels or CSEs (any grades), 1 AS level, NVQ level 1, Foundation GNVQ, Basic or Essential Skills",2,Male,18465
E92000001,England,10,Aged 50 to 54 years,1,"Asian, Asian British or Asian Welsh",2,"Level 2 qualifications: 5 or more GCSEs (A* to C or 9 to 4), O levels (passes), CSEs (grade 1), School Certification, 1 A level, 2 to 3 AS levels, VCEs, Intermediate or Higher Diploma, Welsh Baccalaureate Intermediate Diploma, NVQ level 2, Intermediate GNVQ, City and Guilds Craft, BTEC First or General Diploma, RSA Diploma",1,Female,14219
E92000001,England,10,Aged 50 to 54 years,1,"Asian, Asian British or Asian Welsh",2,"Level 2 qualifications: 5 or more GCSEs (A* to C or 9 to 4), O levels (passes), CSEs (grade 1), School Certification, 1 A level, 2 to 3 AS levels, VCEs, Intermediate or Higher Diploma, Welsh Baccalaureate Intermediate Diploma, NVQ level 2, Intermediate GNVQ, City and Guilds Craft, BTEC First or General Diploma, RSA Diploma",2,Male,13326
E92000001,England,10,Aged 50 to 54 years,1,"Asian, Asian British or Asian Welsh",3,"Level 3 qualifications: 2 or more A levels or VCEs, 4 or more AS levels, Higher School Certificate, Progression or Advanced Diploma, Welsh Baccalaureate Advance Diploma, NVQ level 3; Advanced GNVQ, City and Guilds Advanced Craft, ONC, OND, BTEC National, RSA Advanced Diploma",1,Female,15756
E92000001,England,10,Aged 50 to 54 years,1,"Asian, Asian British or Asian Welsh",3,"Level 3 qualifications: 2 or more A levels or VCEs, 4 or more AS levels, Higher School Certificate, Progression or Advanced Diploma, Welsh Baccalaureate Advance Diploma, NVQ level 3; Advanced GNVQ, City and Guilds Advanced Craft, ONC, OND, BTEC National, RSA Advanced Diploma",2,Male,13579
E92000001,England,10,Aged 50 to 54 years,1,"Asian, Asian British or Asian Welsh",4,"Level 4 qualifications or above: degree (BA, BSc), higher degree (MA, PhD, PGCE), NVQ level 4 to 5, HNC, HND, RSA Higher Diploma, BTEC Higher level, professional qualifications (for example, teaching, nursing, accountancy)",1,Female,55679
E92000001,England,10,Aged 50 to 54 years,1,"Asian, Asian British or Asian Welsh",4,"Level 4 qualifications or above: degree (BA, BSc), higher degree (MA, PhD, PGCE), NVQ level 4 to 5, HNC, HND, RSA Higher Diploma, BTEC Higher level, professional qualifications (for example, teaching, nursing, accountancy)",2,Male,57693
E92000001,England,10,Aged 50 to 54 years,1,"Asian, Asian British or Asian Welsh",5,"Other: apprenticeships, vocational or work-related qualifications, other qualifications achieved in England or Wales, qualifications achieved outside England or Wales (equivalent not stated or unknown)",1,Female,8732
E92000001,England,10,Aged 50 to 54 years,1,"Asian, Asian British or Asian Welsh",5,"Other: apprenticeships, vocational or work-related qualifications, other qualifications achieved in England or Wales, qualifications achieved outside England or Wales (equivalent not stated or unknown)",2,Male,11484
E92000001,England,10,Aged 50 to 54 years,2,"Black, Black British, Black Welsh, Caribbean or African",-8,Does not apply,1,Female,0
E92000001,England,10,Aged 50 to 54 years,2,"Black, Black British, Black Welsh, Caribbean or African",-8,Does not apply,2,Male,0
E92000001,England,10,Aged 50 to 54 years,2,"Black, Black British, Black Welsh, Caribbean or African",0,No qualifications,1,Female,12384
E92000001,England,10,Aged 50 to 54 years,2,"Black, Black British, Black Welsh, Caribbean or African",0,No qualifications,2,Male,12747
E92000001,England,10,Aged 50 to 54 years,2,"Black, Black British, Black Welsh, Caribbean or African",1,"Level 1 and entry level qualifications: 1 to 4 GCSEs grade A* to C, Any GCSEs at other grades, O levels or CSEs (any grades), 1 AS level, NVQ level 1, Foundation GNVQ, Basic or Essential Skills",1,Female,9627
E92000001,England,10,Aged 50 to 54 years,2,"Black, Black British, Black Welsh, Caribbean or African",1,"Level 1 and entry level qualifications: 1 to 4 GCSEs grade A* to C, Any GCSEs at other grades, O levels or CSEs (any grades), 1 AS level, NVQ level 1, Foundation GNVQ, Basic or Essential Skills",2,Male,8725
E92000001,England,10,Aged 50 to 54 years,2,"Black, Black British, Black Welsh, Caribbean or African",2,"Level 2 qualifications: 5 or more GCSEs (A* to C or 9 to 4), O levels (passes), CSEs (grade 1), School Certification, 1 A level, 2 to 3 AS levels, VCEs, Intermediate or Higher Diploma, Welsh Baccalaureate Intermediate Diploma, NVQ level 2, Intermediate GNVQ, City and Guilds Craft, BTEC First or General Diploma, RSA Diploma",1,Female,10204
E92000001,England,10,Aged 50 to 54 years,2,"Black, Black British, Black Welsh, Caribbean or African",2,"Level 2 qualifications: 5 or more GCSEs (A* to C or 9 to 4), O levels (passes), CSEs (grade 1), School Certification, 1 A level, 2 to 3 AS levels, VCEs, Intermediate or Higher Diploma, Welsh Baccalaureate Intermediate Diploma, NVQ level 2, Intermediate GNVQ, City and Guilds Craft, BTEC First or General Diploma, RSA Diploma",2,Male,8024
E92000001,England,10,Aged 50 to 54 years,2,"Black, Black British, Black Welsh, Caribbean or African",3,"Level 3 qualifications: 2 or more A levels or VCEs, 4 or more AS levels, Higher School Certificate, Progression or Advanced Diploma, Welsh Baccalaureate Advance Diploma, NVQ level 3; Advanced GNVQ, City and Guilds Advanced Craft, ONC, OND, BTEC National, RSA Advanced Diploma",1,Female,12442
E92000001,England,10,Aged 50 to 54 years,2,"Black, Black British, Black Welsh, Caribbean or African",3,"Level 3 qualifications: 2 or more A levels or VCEs, 4 or more AS levels, Higher School Certificate, Progression or Advanced Diploma, Welsh Baccalaureate Advance Diploma, NVQ level 3; Advanced GNVQ, City and Guilds Advanced Craft, ONC, OND, BTEC National, RSA Advanced Diploma",2,Male,10217
E92000001,England,10,Aged 50 to 54 years,2,"Black, Black British, Black Welsh, Caribbean or African",4,"Level 4 qualifications or above: degree (BA, BSc), higher degree (MA, PhD, PGCE), NVQ level 4 to 5, HNC, HND, RSA Higher Diploma, BTEC Higher level, professional qualifications (for example, teaching, nursing, accountancy)",1,Female,45035
E92000001,England,10,Aged 50 to 54 years,2,"Black, Black British, Black Welsh, Caribbean or African",4,"Level 4 qualifications or above: degree (BA, BSc), higher degree (MA, PhD, PGCE), NVQ level 4 to 5, HNC, HND, RSA Higher Diploma, BTEC Higher level, professional qualifications (for example, teaching, nursing, accountancy)",2,Male,36078
E92000001,England,10,Aged 50 to 54 years,2,"Black, Black British, Black Welsh, Caribbean or African",5,"Other: apprenticeships, vocational or work-related qualifications, other qualifications achieved in England or Wales, qualifications achieved outside England or Wales (equivalent not stated or unknown)",1,Female,4916
E92000001,England,10,Aged 50 to 54 years,2,"Black, Black British, Black Welsh, Caribbean or African",5,"Other: apprenticeships, vocational or work-related qualifications, other qualifications achieved in England or Wales, qualifications achieved outside England or Wales (equivalent not stated or unknown)",2,Male,6469
E92000001,England,10,Aged 50 to 54 years,3,Mixed or Multiple ethnic groups,-8,Does not apply,1,Female,0
E92000001,England,10,Aged 50 to 54 years,3,Mixed or Multiple ethnic groups,-8,Does not apply,2,Male,0
E92000001,England,10,Aged 50 to 54 years,3,Mixed or Multiple ethnic groups,0,No qualifications,1,Female,3646
E92000001,England,10,Aged 50 to 54 years,3,Mixed or Multiple ethnic groups,0,No qualifications,2,Male,4008
E92000001,England,10,Aged 50 to 54 years,3,Mixed or Multiple ethnic groups,1,"Level 1 and entry level qualifications: 1 to 4 GCSEs grade A* to C, Any GCSEs at other grades, O levels or CSEs (any grades), 1 AS level, NVQ level 1, Foundation GNVQ, Basic or Essential Skills",1,Female,3065
E92000001,England,10,Aged 50 to 54 years,3,Mixed or Multiple ethnic groups,1,"Level 1 and entry level qualifications: 1 to 4 GCSEs grade A* to C, Any GCSEs at other grades, O levels or CSEs (any grades), 1 AS level, NVQ level 1, Foundation GNVQ, Basic or Essential Skills",2,Male,2943
E92000001,England,10,Aged 50 to 54 years,3,Mixed or Multiple ethnic groups,2,"Level 2 qualifications: 5 or more GCSEs (A* to C or 9 to 4), O levels (passes), CSEs (grade 1), School Certification, 1 A level, 2 to 3 AS levels, VCEs, Intermediate or Higher Diploma, Welsh Baccalaureate Intermediate Diploma, NVQ level 2, Intermediate GNVQ, City and Guilds Craft, BTEC First or General Diploma, RSA Diploma",1,Female,4016
E92000001,England,10,Aged 50 to 54 years,3,Mixed or Multiple ethnic groups,2,"Level 2 qualifications: 5 or more GCSEs (A* to C or 9 to 4), O levels (passes), CSEs (grade 1), School Certification, 1 A level, 2 to 3 AS levels, VCEs, Intermediate or Higher Diploma, Welsh Baccalaureate Intermediate Diploma, NVQ level 2, Intermediate GNVQ, City and Guilds Craft, BTEC First or General Diploma, RSA Diploma",2,Male,2997
E92000001,England,10,Aged 50 to 54 years,3,Mixed or Multiple ethnic groups,3,"Level 3 qualifications: 2 or more A levels or VCEs, 4 or more AS levels, Higher School Certificate, Progression or Advanced Diploma, Welsh Baccalaureate Advance Diploma, NVQ level 3; Advanced GNVQ, City and Guilds Advanced Craft, ONC, OND, BTEC National, RSA Advanced Diploma",1,Female,4501
E92000001,England,10,Aged 50 to 54 years,3,Mixed or Multiple ethnic groups,3,"Level 3 qualifications: 2 or more A levels or VCEs, 4 or more AS levels, Higher School Certificate, Progression or Advanced Diploma, Welsh Baccalaureate Advance Diploma, NVQ level 3; Advanced GNVQ, City and Guilds Advanced Craft, ONC, OND, BTEC National, RSA Advanced Diploma",2,Male,3795
E92000001,England,10,Aged 50 to 54 years,3,Mixed or Multiple ethnic groups,4,"Level 4 qualifications or above: degree (BA, BSc), higher degree (MA, PhD, PGCE), NVQ level 4 to 5, HNC, HND, RSA Higher Diploma, BTEC Higher level, professional qualifications (for example, teaching, nursing, accountancy)",1,Female,13471
E92000001,England,10,Aged 50 to 54 years,3,Mixed or Multiple ethnic groups,4,"Level 4 qualifications or above: degree (BA, BSc), higher degree (MA, PhD, PGCE), NVQ level 4 to 5, HNC, HND, RSA Higher Diploma, BTEC Higher level, professional qualifications (for example, teaching, nursing, accountancy)",2,Male,10247
E92000001,England,10,Aged 50 to 54 years,3,Mixed or Multiple ethnic groups,5,"Other: apprenticeships, vocational or work-related qualifications, other qualifications achieved in England or Wales, qualifications achieved outside England or Wales (equivalent not stated or unknown)",1,Female,1521
E92000001,England,10,Aged 50 to 54 years,3,Mixed or Multiple ethnic groups,5,"Other: apprenticeships, vocational or work-related qualifications, other qualifications achieved in England or Wales, qualifications achieved outside England or Wales (equivalent not stated or unknown)",2,Male,2104
E92000001,England,10,Aged 50 to 54 years,4,White,-8,Does not apply,1,Female,0
E92000001,England,10,Aged 50 to 54 years,4,White,-8,Does not apply,2,Male,0
E92000001,England,10,Aged 50 to 54 years,4,White,0,No qualifications,1,Female,184252
E92000001,England,10,Aged 50 to 54 years,4,White,0,No qualifications,2,Male,224532
E92000001,England,10,Aged 50 to 54 years,4,White,1,"Level 1 and entry level qualifications: 1 to 4 GCSEs grade A* to C, Any GCSEs at other grades, O levels or CSEs (any grades), 1 AS level, NVQ level 1, Foundation GNVQ, Basic or Essential Skills",1,Female,235184
E92000001,England,10,Aged 50 to 54 years,4,White,1,"Level 1 and entry level qualifications: 1 to 4 GCSEs grade A* to C, Any GCSEs at other grades, O levels or CSEs (any grades), 1 AS level, NVQ level 1, Foundation GNVQ, Basic or Essential Skills",2,Male,212879
E92000001,England,10,Aged 50 to 54 years,4,White,2,"Level 2 qualifications: 5 or more GCSEs (A* to C or 9 to 4), O levels (passes), CSEs (grade 1), School Certification, 1 A level, 2 to 3 AS levels, VCEs, Intermediate or Higher Diploma, Welsh Baccalaureate Intermediate Diploma, NVQ level 2, Intermediate GNVQ, City and Guilds Craft, BTEC First or General Diploma, RSA Diploma",1,Female,317120
E92000001,England,10,Aged 50 to 54 years,4,White,2,"Level 2 qualifications: 5 or more GCSEs (A* to C or 9 to 4), O levels (passes), CSEs (grade 1), School Certification, 1 A level, 2 to 3 AS levels, VCEs, Intermediate or Higher Diploma, Welsh Baccalaureate Intermediate Diploma, NVQ level 2, Intermediate GNVQ, City and Guilds Craft, BTEC First or General Diploma, RSA Diploma",2,Male,228404
E92000001,England,10,Aged 50 to 54 years,4,White,3,"Level 3 qualifications: 2 or more A levels or VCEs, 4 or more AS levels, Higher School Certificate, Progression or Advanced Diploma, Welsh Baccalaureate Advance Diploma, NVQ level 3; Advanced GNVQ, City and Guilds Advanced Craft, ONC, OND, BTEC National, RSA Advanced Diploma",1,Female,293863
E92000001,England,10,Aged 50 to 54 years,4,White,3,"Level 3 qualifications: 2 or more A levels or VCEs, 4 or more AS levels, Higher School Certificate, Progression or Advanced Diploma, Welsh Baccalaureate Advance Diploma, NVQ level 3; Advanced GNVQ, City and Guilds Advanced Craft, ONC, OND, BTEC National, RSA Advanced Diploma",2,Male,274921
E92000001,England,10,Aged 50 to 54 years,4,White,4,"Level 4 qualifications or above: degree (BA, BSc), higher degree (MA, PhD, PGCE), NVQ level 4 to 5, HNC, HND, RSA Higher Diploma, BTEC Higher level, professional qualifications (for example, teaching, nursing, accountancy)",1,Female,556635
E92000001,England,10,Aged 50 to 54 years,4,White,4,"Level 4 qualifications or above: degree (BA, BSc), higher degree (MA, PhD, PGCE), NVQ level 4 to 5, HNC, HND, RSA Higher Diploma, BTEC Higher level, professional qualifications (for example, teaching, nursing, accountancy)",2,Male,515446
E92000001,England,10,Aged 50 to 54 years,4,White,5,"Other: apprenticeships, vocational or work-related qualifications, other qualifications achieved in England or Wales, qualifications achieved outside England or Wales (equivalent not stated or unknown)",1,Female,77225
E92000001,England,10,Aged 50 to 54 years,4,White,5,"Other: apprenticeships, vocational or work-related qualifications, other qualifications achieved in England or Wales, qualifications achieved outside England or Wales (equivalent not stated or unknown)",2,Male,152933
E92000001,England,10,Aged 50 to 54 years,5,Other ethnic group,-8,Does not apply,1,Female,0
E92000001,England,10,Aged 50 to 54 years,5,Other ethnic group,-8,Does not apply,2,Male,0
E92000001,England,10,Aged 50 to 54 years,5,Other ethnic group,0,No qualifications,1,Female,9456
E92000001,England,10,Aged 50 to 54 years,5,Other ethnic group,0,No qualifications,2,Male,10872
E92000001,England,10,Aged 50 to 54 years,5,Other ethnic group,1,"Level 1 and entry level qualifications: 1 to 4 GCSEs grade A* to C, Any GCSEs at other grades, O levels or CSEs (any grades), 1 AS level, NVQ level 1, Foundation GNVQ, Basic or Essential Skills",1,Female,3899
E92000001,England,10,Aged 50 to 54 years,5,Other ethnic group,1,"Level 1 and entry level qualifications: 1 to 4 GCSEs grade A* to C, Any GCSEs at other grades, O levels or CSEs (any grades), 1 AS level, NVQ level 1, Foundation GNVQ, Basic or Essential Skills",2,Male,3984
E92000001,England,10,Aged 50 to 54 years,5,Other ethnic group,2,"Level 2 qualifications: 5 or more GCSEs (A* to C or 9 to 4), O levels (passes), CSEs (grade 1), School Certification, 1 A level, 2 to 3 AS levels, VCEs, Intermediate or Higher Diploma, Welsh Baccalaureate Intermediate Diploma, NVQ level 2, Intermediate GNVQ, City and Guilds Craft, BTEC First or General Diploma, RSA Diploma",1,Female,2541
E92000001,England,10,Aged 50 to 54 years,5,Other ethnic group,2,"Level 2 qualifications: 5 or more GCSEs (A* to C or 9 to 4), O levels (passes), CSEs (grade 1), School Certification, 1 A level, 2 to 3 AS levels, VCEs, Intermediate or Higher Diploma, Welsh Baccalaureate Intermediate Diploma, NVQ level 2, Intermediate GNVQ, City and Guilds Craft, BTEC First or General Diploma, RSA Diploma",2,Male,2586
E92000001,England,10,Aged 50 to 54 years,5,Other ethnic group,3,"Level 3 qualifications: 2 or more A levels or VCEs, 4 or more AS levels, Higher School Certificate, Progression or Advanced Diploma, Welsh Baccalaureate Advance Diploma, NVQ level 3; Advanced GNVQ, City and Guilds Advanced Craft, ONC, OND, BTEC National, RSA Advanced Diploma",1,Female,3585
E92000001,England,10,Aged 50 to 54 years,5,Other ethnic group,3,"Level 3 qualifications: 2 or more A levels or VCEs, 4 or more AS levels, Higher School Certificate, Progression or Advanced Diploma, Welsh Baccalaureate Advance Diploma, NVQ level 3; Advanced GNVQ, City and Guilds Advanced Craft, ONC, OND, BTEC National, RSA Advanced Diploma",2,Male,3361
E92000001,England,10,Aged 50 to 54 years,5,Other ethnic group,4,"Level 4 qualifications or above: degree (BA, BSc), higher degree (MA, PhD, PGCE), NVQ level 4 to 5, HNC, HND, RSA Higher Diploma, BTEC Higher level, professional qualifications (for example, teaching, nursing, accountancy)",1,Female,13687
E92000001,England,10,Aged 50 to 54 years,5,Other ethnic group,4,"Level 4 qualifications or above: degree (BA, BSc), higher degree (MA, PhD, PGCE), NVQ level 4 to 5, HNC, HND, RSA Higher Diploma, BTEC Higher level, professional qualifications (for example, teaching, nursing, accountancy)",2,Male,14272
E92000001,England,10,Aged 50 to 54 years,5,Other ethnic group,5,"Other: apprenticeships, vocational or work-related qualifications, other qualifications achieved in England or Wales, qualifications achieved outside England or Wales (equivalent not stated or unknown)",1,Female,2604
E92000001,England,10,Aged 50 to 54 years,5,Other ethnic group,5,"Other: apprenticeships, vocational or work-related qualifications, other qualifications achieved in England or Wales, qualifications achieved outside England or Wales (equivalent not stated or unknown)",2,Male,3720
E92000001,England,11,Aged 55 to 59 years,-8,Does not apply,-8,Does not apply,1,Female,0
E92000001,England,11,Aged 55 to 59 years,-8,Does not apply,-8,Does not apply,2,Male,0
E92000001,England,11,Aged 55 to 59 years,-8,Does not apply,0,No qualifications,1,Female,0
E92000001,England,11,Aged 55 to 59 years,-8,Does not apply,0,No qualifications,2,Male,0
E92000001,England,11,Aged 55 to 59 years,-8,Does not apply,1,"Level 1 and entry level qualifications: 1 to 4 GCSEs grade A* to C, Any GCSEs at other grades, O levels or CSEs (any grades), 1 AS level, NVQ level 1, Foundation GNVQ, Basic or Essential Skills",1,Female,0
E92000001,England,11,Aged 55 to 59 years,-8,Does not apply,1,"Level 1 and entry level qualifications: 1 to 4 GCSEs grade A* to C, Any GCSEs at other grades, O levels or CSEs (any grades), 1 AS level, NVQ level 1, Foundation GNVQ, Basic or Essential Skills",2,Male,0
E92000001,England,11,Aged 55 to 59 years,-8,Does not apply,2,"Level 2 qualifications: 5 or more GCSEs (A* to C or 9 to 4), O levels (passes), CSEs (grade 1), School Certification, 1 A level, 2 to 3 AS levels, VCEs, Intermediate or Higher Diploma, Welsh Baccalaureate Intermediate Diploma, NVQ level 2, Intermediate GNVQ, City and Guilds Craft, BTEC First or General Diploma, RSA Diploma",1,Female,0
E92000001,England,11,Aged 55 to 59 years,-8,Does not apply,2,"Level 2 qualifications: 5 or more GCSEs (A* to C or 9 to 4), O levels (passes), CSEs (grade 1), School Certification, 1 A level, 2 to 3 AS levels, VCEs, Intermediate or Higher Diploma, Welsh Baccalaureate Intermediate Diploma, NVQ level 2, Intermediate GNVQ, City and Guilds Craft, BTEC First or General Diploma, RSA Diploma",2,Male,0
E92000001,England,11,Aged 55 to 59 years,-8,Does not apply,3,"Level 3 qualifications: 2 or more A levels or VCEs, 4 or more AS levels, Higher School Certificate, Progression or Advanced Diploma, Welsh Baccalaureate Advance Diploma, NVQ level 3; Advanced GNVQ, City and Guilds Advanced Craft, ONC, OND, BTEC National, RSA Advanced Diploma",1,Female,0
E92000001,England,11,Aged 55 to 59 years,-8,Does not apply,3,"Level 3 qualifications: 2 or more A levels or VCEs, 4 or more AS levels, Higher School Certificate, Progression or Advanced Diploma, Welsh Baccalaureate Advance Diploma, NVQ level 3; Advanced GNVQ, City and Guilds Advanced Craft, ONC, OND, BTEC National, RSA Advanced Diploma",2,Male,0
E92000001,England,11,Aged 55 to 59 years,-8,Does not apply,4,"Level 4 qualifications or above: degree (BA, BSc), higher degree (MA, PhD, PGCE), NVQ level 4 to 5, HNC, HND, RSA Higher Diploma, BTEC Higher level, professional qualifications (for example, teaching, nursing, accountancy)",1,Female,0
E92000001,England,11,Aged 55 to 59 years,-8,Does not apply,4,"Level 4 qualifications or above: degree (BA, BSc), higher degree (MA, PhD, PGCE), NVQ level 4 to 5, HNC, HND, RSA Higher Diploma, BTEC Higher level, professional qualifications (for example, teaching, nursing, accountancy)",2,Male,0
E92000001,England,11,Aged 55 to 59 years,-8,Does not apply,5,"Other: apprenticeships, vocational or work-related qualifications, other qualifications achieved in England or Wales, qualifications achieved outside England or Wales (equivalent not stated or unknown)",1,Female,0
E92000001,England,11,Aged 55 to 59 years,-8,Does not apply,5,"Other: apprenticeships, vocational or work-related qualifications, other qualifications achieved in England or Wales, qualifications achieved outside England or Wales (equivalent not stated or unknown)",2,Male,0
E92000001,England,11,Aged 55 to 59 years,1,"Asian, Asian British or Asian Welsh",-8,Does not apply,1,Female,0
E92000001,England,11,Aged 55 to 59 years,1,"Asian, Asian British or Asian Welsh",-8,Does not apply,2,Male,0
E92000001,England,11,Aged 55 to 59 years,1,"Asian, Asian British or Asian Welsh",0,No qualifications,1,Female,36826
E92000001,England,11,Aged 55 to 59 years,1,"Asian, Asian British or Asian Welsh",0,No qualifications,2,Male,30454
E92000001,England,11,Aged 55 to 59 years,1,"Asian, Asian British or Asian Welsh",1,"Level 1 and entry level qualifications: 1 to 4 GCSEs grade A* to C, Any GCSEs at other grades, O levels or CSEs (any grades), 1 AS level, NVQ level 1, Foundation GNVQ, Basic or Essential Skills",1,Female,14433
E92000001,England,11,Aged 55 to 59 years,1,"Asian, Asian British or Asian Welsh",1,"Level 1 and entry level qualifications: 1 to 4 GCSEs grade A* to C, Any GCSEs at other grades, O levels or CSEs (any grades), 1 AS level, NVQ level 1, Foundation GNVQ, Basic or Essential Skills",2,Male,12960
E92000001,England,11,Aged 55 to 59 years,1,"Asian, Asian British or Asian Welsh",2,"Level 2 qualifications: 5 or more GCSEs (A* to C or 9 to 4), O levels (passes), CSEs (grade 1), School Certification, 1 A level, 2 to 3 AS levels, VCEs, Intermediate or Higher Diploma, Welsh Baccalaureate Intermediate Diploma, NVQ level 2, Intermediate GNVQ, City and Guilds Craft, BTEC First or General Diploma, RSA Diploma",1,Female,10748
E92000001,England,11,Aged 55 to 59 years,1,"Asian, Asian British or Asian Welsh",2,"Level 2 qualifications: 5 or more GCSEs (A* to C or 9 to 4), O levels (passes), CSEs (grade 1), School Certification, 1 A level, 2 to 3 AS levels, VCEs, Intermediate or Higher Diploma, Welsh Baccalaureate Intermediate Diploma, NVQ level 2, Intermediate GNVQ, City and Guilds Craft, BTEC First or General Diploma, RSA Diploma",2,Male,8680
E92000001,England,11,Aged 55 to 59 years,1,"Asian, Asian British or Asian Welsh",3,"Level 3 qualifications: 2 or more A levels or VCEs, 4 or more AS levels, Higher School Certificate, Progression or Advanced Diploma, Welsh Baccalaureate Advance Diploma, NVQ level 3; Advanced GNVQ, City and Guilds Advanced Craft, ONC, OND, BTEC National, RSA Advanced Diploma",1,Female,10768
E92000001,England,11,Aged 55 to 59 years,1,"Asian, Asian British or Asian Welsh",3,"Level 3 qualifications: 2 or more A levels or VCEs, 4 or more AS levels, Higher School Certificate, Progression or Advanced Diploma, Welsh Baccalaureate Advance Diploma, NVQ level 3; Advanced GNVQ, City and Guilds Advanced Craft, ONC, OND, BTEC National, RSA Advanced Diploma",2,Male,9540
E92000001,England,11,Aged 55 to 59 years,1,"Asian, Asian British or Asian Welsh",4,"Level 4 qualifications or above: degree (BA, BSc), higher degree (MA, PhD, PGCE), NVQ level 4 to 5, HNC, HND, RSA Higher Diploma, BTEC Higher level, professional qualifications (for example, teaching, nursing, accountancy)",1,Female,33465
E92000001,England,11,Aged 55 to 59 years,1,"Asian, Asian British or Asian Welsh",4,"Level 4 qualifications or above: degree (BA, BSc), higher degree (MA, PhD, PGCE), NVQ level 4 to 5, HNC, HND, RSA Higher Diploma, BTEC Higher level, professional qualifications (for example, teaching, nursing, accountancy)",2,Male,36586
E92000001,England,11,Aged 55 to 59 years,1,"Asian, Asian British or Asian Welsh",5,"Other: apprenticeships, vocational or work-related qualifications, other qualifications achieved in England or Wales, qualifications achieved outside England or Wales (equivalent not stated or unknown)",1,Female,6585
E92000001,England,11,Aged 55 to 59 years,1,"Asian, Asian British or Asian Welsh",5,"Other: apprenticeships, vocational or work-related qualifications, other qualifications achieved in England or Wales, qualifications achieved outside England or Wales (equivalent not stated or unknown)",2,Male,8608
E92000001,England,11,Aged 55 to 59 years,2,"Black, Black British, Black Welsh, Caribbean or African",-8,Does not apply,1,Female,0
E92000001,England,11,Aged 55 to 59 years,2,"Black, Black British, Black Welsh, Caribbean or African",-8,Does not apply,2,Male,0
E92000001,England,11,Aged 55 to 59 years,2,"Black, Black British, Black Welsh, Caribbean or African",0,No qualifications,1,Female,10487
E92000001,England,11,Aged 55 to 59 years,2,"Black, Black British, Black Welsh, Caribbean or African",0,No qualifications,2,Male,12439
E92000001,England,11,Aged 55 to 59 years,2,"Black, Black British, Black Welsh, Caribbean or African",1,"Level 1 and entry level qualifications: 1 to 4 GCSEs grade A* to C, Any GCSEs at other grades, O levels or CSEs (any grades), 1 AS level, NVQ level 1, Foundation GNVQ, Basic or Essential Skills",1,Female,9527
E92000001,England,11,Aged 55 to 59 years,2,"Black, Black British, Black Welsh, Caribbean or African",1,"Level 1 and entry level qualifications: 1 to 4 GCSEs grade A* to C, Any GCSEs at other grades, O levels or CSEs (any grades), 1 AS level, NVQ level 1, Foundation GNVQ, Basic or Essential Skills",2,Male,8338
E92000001,England,11,Aged 55 to 59 years,2,"Black, Black British, Black Welsh, Caribbean or African",2,"Level 2 qualifications: 5 or more GCSEs (A* to C or 9 to 4), O levels (passes), CSEs (grade 1), School Certification, 1 A level, 2 to 3 AS levels, VCEs, Intermediate or Higher Diploma, Welsh Baccalaureate Intermediate Diploma, NVQ level 2, Intermediate GNVQ, City and Guilds Craft, BTEC First or General Diploma, RSA Diploma",1,Female,10134
E92000001,England,11,Aged 55 to 59 years,2,"Black, Black British, Black Welsh, Caribbean or African",2,"Level 2 qualifications: 5 or more GCSEs (A* to C or 9 to 4), O levels (passes), CSEs (grade 1), School Certification, 1 A level, 2 to 3 AS levels, VCEs, Intermediate or Higher Diploma, Welsh Baccalaureate Intermediate Diploma, NVQ level 2, Intermediate GNVQ, City and Guilds Craft, BTEC First or General Diploma, RSA Diploma",2,Male,7527
E92000001,England,11,Aged 55 to 59 years,2,"Black, Black British, Black Welsh, Caribbean or African",3,"Level 3 qualifications: 2 or more A levels or VCEs, 4 or more AS levels, Higher School Certificate, Progression or Advanced Diploma, Welsh Baccalaureate Advance Diploma, NVQ level 3; Advanced GNVQ, City and Guilds Advanced Craft, ONC, OND, BTEC National, RSA Advanced Diploma",1,Female,11984
E92000001,England,11,Aged 55 to 59 years,2,"Black, Black British, Black Welsh, Caribbean or African",3,"Level 3 qualifications: 2 or more A levels or VCEs, 4 or more AS levels, Higher School Certificate, Progression or Advanced Diploma, Welsh Baccalaureate Advance Diploma, NVQ level 3; Advanced GNVQ, City and Guilds Advanced Craft, ONC, OND, BTEC National, RSA Advanced Diploma",2,Male,9389
E92000001,England,11,Aged 55 to 59 years,2,"Black, Black British, Black Welsh, Caribbean or African",4,"Level 4 qualifications or above: degree (BA, BSc), higher degree (MA, PhD, PGCE), NVQ level 4 to 5, HNC, HND, RSA Higher Diploma, BTEC Higher level, professional qualifications (for example, teaching, nursing, accountancy)",1,Female,37394
E92000001,England,11,Aged 55 to 59 years,2,"Black, Black British, Black Welsh, Caribbean or African",4,"Level 4 qualifications or above: degree (BA, BSc), higher degree (MA, PhD, PGCE), NVQ level 4 to 5, HNC, HND, RSA Higher Diploma, BTEC Higher level, professional qualifications (for example, teaching, nursing, accountancy)",2,Male,29972
E92000001,England,11,Aged 55 to 59 years,2,"Black, Black British, Black Welsh, Caribbean or African",5,"Other: apprenticeships, vocational or work-related qualifications, other qualifications achieved in England or Wales, qualifications achieved outside England or Wales (equivalent not stated or unknown)",1,Female,4155
E92000001,England,11,Aged 55 to 59 years,2,"Black, Black British, Black Welsh, Caribbean or African",5,"Other: apprenticeships, vocational or work-related qualifications, other qualifications achieved in England or Wales, qualifications achieved outside England or Wales (equivalent not stated or unknown)",2,Male,6527
E92000001,England,11,Aged 55 to 59 years,3,Mixed or Multiple ethnic groups,-8,Does not apply,1,Female,0
E92000001,England,11,Aged 55 to 59 years,3,Mixed or Multiple ethnic groups,-8,Does not apply,2,Male,0
E92000001,England,11,Aged 55 to 59 years,3,Mixed or Multiple ethnic groups,0,No qualifications,1,Female,3608
E92000001,England,11,Aged 55 to 59 years,3,Mixed or Multiple ethnic groups,0,No qualifications,2,Male,3788
E92000001,England,11,Aged 55 to 59 years,3,Mixed or Multiple ethnic groups,1,"Level 1 and entry level qualifications: 1 to 4 GCSEs grade A* to C, Any GCSEs at other grades, O levels or CSEs (any grades), 1 AS level, NVQ level 1, Foundation GNVQ, Basic or Essential Skills",1,Female,3003
E92000001,England,11,Aged 55 to 59 years,3,Mixed or Multiple ethnic groups,1,"Level 1 and entry level qualifications: 1 to 4 GCSEs grade A* to C, Any GCSEs at other grades, O levels or CSEs (any grades), 1 AS level, NVQ level 1, Foundation GNVQ, Basic or Essential Skills",2,Male,2413
E92000001,England,11,Aged 55 to 59 years,3,Mixed or Multiple ethnic groups,2,"Level 2 qualifications: 5 or more GCSEs (A* to C or 9 to 4), O levels (passes), CSEs (grade 1), School Certification, 1 A level, 2 to 3 AS levels, VCEs, Intermediate or Higher Diploma, Welsh Baccalaureate Intermediate Diploma, NVQ level 2, Intermediate GNVQ, City and Guilds Craft, BTEC First or General Diploma, RSA Diploma",1,Female,3541
E92000001,England,11,Aged 55 to 59 years,3,Mixed or Multiple ethnic groups,2,"Level 2 qualifications: 5 or more GCSEs (A* to C or 9 to 4), O levels (passes), CSEs (grade 1), School Certification, 1 A level, 2 to 3 AS levels, VCEs, Intermediate or Higher Diploma, Welsh Baccalaureate Intermediate Diploma, NVQ level 2, Intermediate GNVQ, City and Guilds Craft, BTEC First or General Diploma, RSA Diploma",2,Male,2235
E92000001,England,11,Aged 55 to 59 years,3,Mixed or Multiple ethnic groups,3,"Level 3 qualifications: 2 or more A levels or VCEs, 4 or more AS levels, Higher School Certificate, Progression or Advanced Diploma, Welsh Baccalaureate Advance Diploma, NVQ level 3; Advanced GNVQ, City and Guilds Advanced Craft, ONC, OND, BTEC National, RSA Advanced Diploma",1,Female,3701
E92000001,England,11,Aged 55 to 59 years,3,Mixed or Multiple ethnic groups,3,"Level 3 qualifications: 2 or more A levels or VCEs, 4 or more AS levels, Higher School Certificate, Progression or Advanced Diploma, Welsh Baccalaureate Advance Diploma, NVQ level 3; Advanced GNVQ, City and Guilds Advanced Craft, ONC, OND, BTEC National, RSA Advanced Diploma",2,Male,3100
E92000001,England,11,Aged 55 to 59 years,3,Mixed or Multiple ethnic groups,4,"Level 4 qualifications or above: degree (BA, BSc), higher degree (MA, PhD, PGCE), NVQ level 4 to 5, HNC, HND, RSA Higher Diploma, BTEC Higher level, professional qualifications (for example, teaching, nursing, accountancy)",1,Female,10241
E92000001,England,11,Aged 55 to 59 years,3,Mixed or Multiple ethnic groups,4,"Level 4 qualifications or above: degree (BA, BSc), higher degree (MA, PhD, PGCE), NVQ level 4 to 5, HNC, HND, RSA Higher Diploma, BTEC Higher level, professional qualifications (for example, teaching, nursing, accountancy)",2,Male,8049
E92000001,England,11,Aged 55 to 59 years,3,Mixed or Multiple ethnic groups,5,"Other: apprenticeships, vocational or work-related qualifications, other qualifications achieved in England or Wales, qualifications achieved outside England or Wales (equivalent not stated or unknown)",1,Female,1131
E92000001,England,11,Aged 55 to 59 years,3,Mixed or Multiple ethnic groups,5,"Other: apprenticeships, vocational or work-related qualifications, other qualifications achieved in England or Wales, qualifications achieved outside England or Wales (equivalent not stated or unknown)",2,Male,1835
E92000001,England,11,Aged 55 to 59 years,4,White,-8,Does not apply,1,Female,0
E92000001,England,11,Aged 55 to 59 years,4,White,-8,Does not apply,2,Male,0
E92000001,England,11,Aged 55 to 59 years,4,White,0,No qualifications,1,Female,237239
E92000001,England,11,Aged 55 to 59 years,4,White,0,No qualifications,2,Male,266575
E92000001,England,11,Aged 55 to 59 years,4,White,1,"Level 1 and entry level qualifications: 1 to 4 GCSEs grade A* to C, Any GCSEs at other grades, O levels or CSEs (any grades), 1 AS level, NVQ level 1, Foundation GNVQ, Basic or Essential Skills",1,Female,256358
E92000001,England,11,Aged 55 to 59 years,4,White,1,"Level 1 and entry level qualifications: 1 to 4 GCSEs grade A* to C, Any GCSEs at other grades, O levels or CSEs (any grades), 1 AS level, NVQ level 1, Foundation GNVQ, Basic or Essential Skills",2,Male,200387
E92000001,England,11,Aged 55 to 59 years,4,White,2,"Level 2 qualifications: 5 or more GCSEs (A* to C or 9 to 4), O levels (passes), CSEs (grade 1), School Certification, 1 A level, 2 to 3 AS levels, VCEs, Intermediate or Higher Diploma, Welsh Baccalaureate Intermediate Diploma, NVQ level 2, Intermediate GNVQ, City and Guilds Craft, BTEC First or General Diploma, RSA Diploma",1,Female,323471
E92000001,England,11,Aged 55 to 59 years,4,White,2,"Level 2 qualifications: 5 or more GCSEs (A* to C or 9 to 4), O levels (passes), CSEs (grade 1), School Certification, 1 A level, 2 to 3 AS levels, VCEs, Intermediate or Higher Diploma, Welsh Baccalaureate Intermediate Diploma, NVQ level 2, Intermediate GNVQ, City and Guilds Craft, BTEC First or General Diploma, RSA Diploma",2,Male,201587
E92000001,England,11,Aged 55 to 59 years,4,White,3,"Level 3 qualifications: 2 or more A levels or VCEs, 4 or more AS levels, Higher School Certificate, Progression or Advanced Diploma, Welsh Baccalaureate Advance Diploma, NVQ level 3; Advanced GNVQ, City and Guilds Advanced Craft, ONC, OND, BTEC National, RSA Advanced Diploma",1,Female,267592
E92000001,England,11,Aged 55 to 59 years,4,White,3,"Level 3 qualifications: 2 or more A levels or VCEs, 4 or more AS levels, Higher School Certificate, Progression or Advanced Diploma, Welsh Baccalaureate Advance Diploma, NVQ level 3; Advanced GNVQ, City and Guilds Advanced Craft, ONC, OND, BTEC National, RSA Advanced Diploma",2,Male,268278
E92000001,England,11,Aged 55 to 59 years,4,White,4,"Level 4 qualifications or above: degree (BA, BSc), higher degree (MA, PhD, PGCE), NVQ level 4 to 5, HNC, HND, RSA Higher Diploma, BTEC Higher level, professional qualifications (for example, teaching, nursing, accountancy)",1,Female,519761
E92000001,England,11,Aged 55 to 59 years,4,White,4,"Level 4 qualifications or above: degree (BA, BSc), higher degree (MA, PhD, PGCE), NVQ level 4 to 5, HNC, HND, RSA Higher Diploma, BTEC Higher level, professional qualifications (for example, teaching, nursing, accountancy)",2,Male,504997
E92000001,England,11,Aged 55 to 59 years,4,White,5,"Other: apprenticeships, vocational or work-related qualifications, other qualifications achieved in England or Wales, qualifications achieved outside England or Wales (equivalent not stated or unknown)",1,Female,75460
E92000001,England,11,Aged 55 to 59 years,4,White,5,"Other: apprenticeships, vocational or work-related qualifications, other qualifications achieved in England or Wales, qualifications achieved outside England or Wales (equivalent not stated or unknown)",2,Male,181361
E92000001,England,11,Aged 55 to 59 years,5,Other ethnic group,-8,Does not apply,1,Female,0
E92000001,England,11,Aged 55 to 59 years,5,Other ethnic group,-8,Does not apply,2,Male,0
E92000001,England,11,Aged 55 to 59 years,5,Other ethnic group,0,No qualifications,1,Female,7954
E92000001,England,11,Aged 55 to 59 years,5,Other ethnic group,0,No qualifications,2,Male,8619
E92000001,England,11,Aged 55 to 59 years,5,Other ethnic group,1,"Level 1 and entry level qualifications: 1 to 4 GCSEs grade A* to C, Any GCSEs at other grades, O levels or CSEs (any grades), 1 AS level, NVQ level 1, Foundation GNVQ, Basic or Essential Skills",1,Female,2952
E92000001,England,11,Aged 55 to 59 years,5,Other ethnic group,1,"Level 1 and entry level qualifications: 1 to 4 GCSEs grade A* to C, Any GCSEs at other grades, O levels or CSEs (any grades), 1 AS level, NVQ level 1, Foundation GNVQ, Basic or Essential Skills",2,Male,2907
E92000001,England,11,Aged 55 to 59 years,5,Other ethnic group,2,"Level 2 qualifications: 5 or more GCSEs (A* to C or 9 to 4), O levels (passes), CSEs (grade 1), School Certification, 1 A level, 2 to 3 AS levels, VCEs, Intermediate or Higher Diploma, Welsh Baccalaureate Intermediate Diploma, NVQ level 2, Intermediate GNVQ, City and Guilds Craft, BTEC First or General Diploma, RSA Diploma",1,Female,2161
E92000001,England,11,Aged 55 to 59 years,5,Other ethnic group,2,"Level 2 qualifications: 5 or more GCSEs (A* to C or 9 to 4), O levels (passes), CSEs (grade 1), School Certification, 1 A level, 2 to 3 AS levels, VCEs, Intermediate or Higher Diploma, Welsh Baccalaureate Intermediate Diploma, NVQ level 2, Intermediate GNVQ, City and Guilds Craft, BTEC First or General Diploma, RSA Diploma",2,Male,1987
E92000001,England,11,Aged 55 to 59 years,5,Other ethnic group,3,"Level 3 qualifications: 2 or more A levels or VCEs, 4 or more AS levels, Higher School Certificate, Progression or Advanced Diploma, Welsh Baccalaureate Advance Diploma, NVQ level 3; Advanced GNVQ, City and Guilds Advanced Craft, ONC, OND, BTEC National, RSA Advanced Diploma",1,Female,2679
E92000001,England,11,Aged 55 to 59 years,5,Other ethnic group,3,"Level 3 qualifications: 2 or more A levels or VCEs, 4 or more AS levels, Higher School Certificate, Progression or Advanced Diploma, Welsh Baccalaureate Advance Diploma, NVQ level 3; Advanced GNVQ, City and Guilds Advanced Craft, ONC, OND, BTEC National, RSA Advanced Diploma",2,Male,2765
E92000001,England,11,Aged 55 to 59 years,5,Other ethnic group,4,"Level 4 qualifications or above: degree (BA, BSc), higher degree (MA, PhD, PGCE), NVQ level 4 to 5, HNC, HND, RSA Higher Diploma, BTEC Higher level, professional qualifications (for example, teaching, nursing, accountancy)",1,Female,9701
E92000001,England,11,Aged 55 to 59 years,5,Other ethnic group,4,"Level 4 qualifications or above: degree (BA, BSc), higher degree (MA, PhD, PGCE), NVQ level 4 to 5, HNC, HND, RSA Higher Diploma, BTEC Higher level, professional qualifications (for example, teaching, nursing, accountancy)",2,Male,11508
E92000001,England,11,Aged 55 to 59 years,5,Other ethnic group,5,"Other: apprenticeships, vocational or work-related qualifications, other qualifications achieved in England or Wales, qualifications achieved outside England or Wales (equivalent not stated or unknown)",1,Female,2012
E92000001,England,11,Aged 55 to 59 years,5,Other ethnic group,5,"Other: apprenticeships, vocational or work-related qualifications, other qualifications achieved in England or Wales, qualifications achieved outside England or Wales (equivalent not stated or unknown)",2,Male,2840
E92000001,England,12,Aged 60 to 64 years,-8,Does not apply,-8,Does not apply,1,Female,0
E92000001,England,12,Aged 60 to 64 years,-8,Does not apply,-8,Does not apply,2,Male,0
E92000001,England,12,Aged 60 to 64 years,-8,Does not apply,0,No qualifications,1,Female,0
E92000001,England,12,Aged 60 to 64 years,-8,Does not apply,0,No qualifications,2,Male,0
E92000001,England,12,Aged 60 to 64 years,-8,Does not apply,1,"Level 1 and entry level qualifications: 1 to 4 GCSEs grade A* to C, Any GCSEs at other grades, O levels or CSEs (any grades), 1 AS level, NVQ level 1, Foundation GNVQ, Basic or Essential Skills",1,Female,0
E92000001,England,12,Aged 60 to 64 years,-8,Does not apply,1,"Level 1 and entry level qualifications: 1 to 4 GCSEs grade A* to C, Any GCSEs at other grades, O levels or CSEs (any grades), 1 AS level, NVQ level 1, Foundation GNVQ, Basic or Essential Skills",2,Male,0
E92000001,England,12,Aged 60 to 64 years,-8,Does not apply,2,"Level 2 qualifications: 5 or more GCSEs (A* to C or 9 to 4), O levels (passes), CSEs (grade 1), School Certification, 1 A level, 2 to 3 AS levels, VCEs, Intermediate or Higher Diploma, Welsh Baccalaureate Intermediate Diploma, NVQ level 2, Intermediate GNVQ, City and Guilds Craft, BTEC First or General Diploma, RSA Diploma",1,Female,0
E92000001,England,12,Aged 60 to 64 years,-8,Does not apply,2,"Level 2 qualifications: 5 or more GCSEs (A* to C or 9 to 4), O levels (passes), CSEs (grade 1), School Certification, 1 A level, 2 to 3 AS levels, VCEs, Intermediate or Higher Diploma, Welsh Baccalaureate Intermediate Diploma, NVQ level 2, Intermediate GNVQ, City and Guilds Craft, BTEC First or General Diploma, RSA Diploma",2,Male,0
E92000001,England,12,Aged 60 to 64 years,-8,Does not apply,3,"Level 3 qualifications: 2 or more A levels or VCEs, 4 or more AS levels, Higher School Certificate, Progression or Advanced Diploma, Welsh Baccalaureate Advance Diploma, NVQ level 3; Advanced GNVQ, City and Guilds Advanced Craft, ONC, OND, BTEC National, RSA Advanced Diploma",1,Female,0
E92000001,England,12,Aged 60 to 64 years,-8,Does not apply,3,"Level 3 qualifications: 2 or more A levels or VCEs, 4 or more AS levels, Higher School Certificate, Progression or Advanced Diploma, Welsh Baccalaureate Advance Diploma, NVQ level 3; Advanced GNVQ, City and Guilds Advanced Craft, ONC, OND, BTEC National, RSA Advanced Diploma",2,Male,0
E92000001,England,12,Aged 60 to 64 years,-8,Does not apply,4,"Level 4 qualifications or above: degree (BA, BSc), higher degree (MA, PhD, PGCE), NVQ level 4 to 5, HNC, HND, RSA Higher Diploma, BTEC Higher level, professional qualifications (for example, teaching, nursing, accountancy)",1,Female,0
E92000001,England,12,Aged 60 to 64 years,-8,Does not apply,4,"Level 4 qualifications or above: degree (BA, BSc), higher degree (MA, PhD, PGCE), NVQ level 4 to 5, HNC, HND, RSA Higher Diploma, BTEC Higher level, professional qualifications (for example, teaching, nursing, accountancy)",2,Male,0
E92000001,England,12,Aged 60 to 64 years,-8,Does not apply,5,"Other: apprenticeships, vocational or work-related qualifications, other qualifications achieved in England or Wales, qualifications achieved outside England or Wales (equivalent not stated or unknown)",1,Female,0
E92000001,England,12,Aged 60 to 64 years,-8,Does not apply,5,"Other: apprenticeships, vocational or work-related qualifications, other qualifications achieved in England or Wales, qualifications achieved outside England or Wales (equivalent not stated or unknown)",2,Male,0
E92000001,England,12,Aged 60 to 64 years,1,"Asian, Asian British or Asian Welsh",-8,Does not apply,1,Female,0
E92000001,England,12,Aged 60 to 64 years,1,"Asian, Asian British or Asian Welsh",-8,Does not apply,2,Male,0
E92000001,England,12,Aged 60 to 64 years,1,"Asian, Asian British or Asian Welsh",0,No qualifications,1,Female,39734
E92000001,England,12,Aged 60 to 64 years,1,"Asian, Asian British or Asian Welsh",0,No qualifications,2,Male,31618
E92000001,England,12,Aged 60 to 64 years,1,"Asian, Asian British or Asian Welsh",1,"Level 1 and entry level qualifications: 1 to 4 GCSEs grade A* to C, Any GCSEs at other grades, O levels or CSEs (any grades), 1 AS level, NVQ level 1, Foundation GNVQ, Basic or Essential Skills",1,Female,12446
E92000001,England,12,Aged 60 to 64 years,1,"Asian, Asian British or Asian Welsh",1,"Level 1 and entry level qualifications: 1 to 4 GCSEs grade A* to C, Any GCSEs at other grades, O levels or CSEs (any grades), 1 AS level, NVQ level 1, Foundation GNVQ, Basic or Essential Skills",2,Male,10943
E92000001,England,12,Aged 60 to 64 years,1,"Asian, Asian British or Asian Welsh",2,"Level 2 qualifications: 5 or more GCSEs (A* to C or 9 to 4), O levels (passes), CSEs (grade 1), School Certification, 1 A level, 2 to 3 AS levels, VCEs, Intermediate or Higher Diploma, Welsh Baccalaureate Intermediate Diploma, NVQ level 2, Intermediate GNVQ, City and Guilds Craft, BTEC First or General Diploma, RSA Diploma",1,Female,8233
E92000001,England,12,Aged 60 to 64 years,1,"Asian, Asian British or Asian Welsh",2,"Level 2 qualifications: 5 or more GCSEs (A* to C or 9 to 4), O levels (passes), CSEs (grade 1), School Certification, 1 A level, 2 to 3 AS levels, VCEs, Intermediate or Higher Diploma, Welsh Baccalaureate Intermediate Diploma, NVQ level 2, Intermediate GNVQ, City and Guilds Craft, BTEC First or General Diploma, RSA Diploma",2,Male,6387
E92000001,England,12,Aged 60 to 64 years,1,"Asian, Asian British or Asian Welsh",3,"Level 3 qualifications: 2 or more A levels or VCEs, 4 or more AS levels, Higher School Certificate, Progression or Advanced Diploma, Welsh Baccalaureate Advance Diploma, NVQ level 3; Advanced GNVQ, City and Guilds Advanced Craft, ONC, OND, BTEC National, RSA Advanced Diploma",1,Female,7128
E92000001,England,12,Aged 60 to 64 years,1,"Asian, Asian British or Asian Welsh",3,"Level 3 qualifications: 2 or more A levels or VCEs, 4 or more AS levels, Higher School Certificate, Progression or Advanced Diploma, Welsh Baccalaureate Advance Diploma, NVQ level 3; Advanced GNVQ, City and Guilds Advanced Craft, ONC, OND, BTEC National, RSA Advanced Diploma",2,Male,7223
E92000001,England,12,Aged 60 to 64 years,1,"Asian, Asian British or Asian Welsh",4,"Level 4 qualifications or above: degree (BA, BSc), higher degree (MA, PhD, PGCE), NVQ level 4 to 5, HNC, HND, RSA Higher Diploma, BTEC Higher level, professional qualifications (for example, teaching, nursing, accountancy)",1,Female,23465
E92000001,England,12,Aged 60 to 64 years,1,"Asian, Asian British or Asian Welsh",4,"Level 4 qualifications or above: degree (BA, BSc), higher degree (MA, PhD, PGCE), NVQ level 4 to 5, HNC, HND, RSA Higher Diploma, BTEC Higher level, professional qualifications (for example, teaching, nursing, accountancy)",2,Male,27466
E92000001,England,12,Aged 60 to 64 years,1,"Asian, Asian British or Asian Welsh",5,"Other: apprenticeships, vocational or work-related qualifications, other qualifications achieved in England or Wales, qualifications achieved outside England or Wales (equivalent not stated or unknown)",1,Female,5706
E92000001,England,12,Aged 60 to 64 years,1,"Asian, Asian British or Asian Welsh",5,"Other: apprenticeships, vocational or work-related qualifications, other qualifications achieved in England or Wales, qualifications achieved outside England or Wales (equivalent not stated or unknown)",2,Male,7921
E92000001,England,12,Aged 60 to 64 years,2,"Black, Black British, Black Welsh, Caribbean or African",-8,Does not apply,1,Female,0
E92000001,England,12,Aged 60 to 64 years,2,"Black, Black British, Black Welsh, Caribbean or African",-8,Does not apply,2,Male,0
E92000001,England,12,Aged 60 to 64 years,2,"Black, Black British, Black Welsh, Caribbean or African",0,No qualifications,1,Female,8148
E92000001,England,12,Aged 60 to 64 years,2,"Black, Black British, Black Welsh, Caribbean or African",0,No qualifications,2,Male,9165
E92000001,England,12,Aged 60 to 64 years,2,"Black, Black British, Black Welsh, Caribbean or African",1,"Level 1 and entry level qualifications: 1 to 4 GCSEs grade A* to C, Any GCSEs at other grades, O levels or CSEs (any grades), 1 AS level, NVQ level 1, Foundation GNVQ, Basic or Essential Skills",1,Female,6776
E92000001,England,12,Aged 60 to 64 years,2,"Black, Black British, Black Welsh, Caribbean or African",1,"Level 1 and entry level qualifications: 1 to 4 GCSEs grade A* to C, Any GCSEs at other grades, O levels or CSEs (any grades), 1 AS level, NVQ level 1, Foundation GNVQ, Basic or Essential Skills",2,Male,5160
E92000001,England,12,Aged 60 to 64 years,2,"Black, Black British, Black Welsh, Caribbean or African",2,"Level 2 qualifications: 5 or more GCSEs (A* to C or 9 to 4), O levels (passes), CSEs (grade 1), School Certification, 1 A level, 2 to 3 AS levels, VCEs, Intermediate or Higher Diploma, Welsh Baccalaureate Intermediate Diploma, NVQ level 2, Intermediate GNVQ, City and Guilds Craft, BTEC First or General Diploma, RSA Diploma",1,Female,6397
E92000001,England,12,Aged 60 to 64 years,2,"Black, Black British, Black Welsh, Caribbean or African",2,"Level 2 qualifications: 5 or more GCSEs (A* to C or 9 to 4), O levels (passes), CSEs (grade 1), School Certification, 1 A level, 2 to 3 AS levels, VCEs, Intermediate or Higher Diploma, Welsh Baccalaureate Intermediate Diploma, NVQ level 2, Intermediate GNVQ, City and Guilds Craft, BTEC First or General Diploma, RSA Diploma",2,Male,4094
E92000001,England,12,Aged 60 to 64 years,2,"Black, Black British, Black Welsh, Caribbean or African",3,"Level 3 qualifications: 2 or more A levels or VCEs, 4 or more AS levels, Higher School Certificate, Progression or Advanced Diploma, Welsh Baccalaureate Advance Diploma, NVQ level 3; Advanced GNVQ, City and Guilds Advanced Craft, ONC, OND, BTEC National, RSA Advanced Diploma",1,Female,7270
E92000001,England,12,Aged 60 to 64 years,2,"Black, Black British, Black Welsh, Caribbean or African",3,"Level 3 qualifications: 2 or more A levels or VCEs, 4 or more AS levels, Higher School Certificate, Progression or Advanced Diploma, Welsh Baccalaureate Advance Diploma, NVQ level 3; Advanced GNVQ, City and Guilds Advanced Craft, ONC, OND, BTEC National, RSA Advanced Diploma",2,Male,5632
E92000001,England,12,Aged 60 to 64 years,2,"Black, Black British, Black Welsh, Caribbean or African",4,"Level 4 qualifications or above: degree (BA, BSc), higher degree (MA, PhD, PGCE), NVQ level 4 to 5, HNC, HND, RSA Higher Diploma, BTEC Higher level, professional qualifications (for example, teaching, nursing, accountancy)",1,Female,21154
E92000001,England,12,Aged 60 to 64 years,2,"Black, Black British, Black Welsh, Caribbean or African",4,"Level 4 qualifications or above: degree (BA, BSc), higher degree (MA, PhD, PGCE), NVQ level 4 to 5, HNC, HND, RSA Higher Diploma, BTEC Higher level, professional qualifications (for example, teaching, nursing, accountancy)",2,Male,19146
E92000001,England,12,Aged 60 to 64 years,2,"Black, Black British, Black Welsh, Caribbean or African",5,"Other: apprenticeships, vocational or work-related qualifications, other qualifications achieved in England or Wales, qualifications achieved outside England or Wales (equivalent not stated or unknown)",1,Female,3001
E92000001,England,12,Aged 60 to 64 years,2,"Black, Black British, Black Welsh, Caribbean or African",5,"Other: apprenticeships, vocational or work-related qualifications, other qualifications achieved in England or Wales, qualifications achieved outside England or Wales (equivalent not stated or unknown)",2,Male,5080
E92000001,England,12,Aged 60 to 64 years,3,Mixed or Multiple ethnic groups,-8,Does not apply,1,Female,0
E92000001,England,12,Aged 60 to 64 years,3,Mixed or Multiple ethnic groups,-8,Does not apply,2,Male,0
E92000001,England,12,Aged 60 to 64 years,3,Mixed or Multiple ethnic groups,0,No qualifications,1,Female,2645
E92000001,England,12,Aged 60 to 64 years,3,Mixed or Multiple ethnic groups,0,No qualifications,2,Male,2617
E92000001,England,12,Aged 60 to 64 years,3,Mixed or Multiple ethnic groups,1,"Level 1 and entry level qualifications: 1 to 4 GCSEs grade A* to C, Any GCSEs at other grades, O levels or CSEs (any grades), 1 AS level, NVQ level 1, Foundation GNVQ, Basic or Essential Skills",1,Female,1844
E92000001,England,12,Aged 60 to 64 years,3,Mixed or Multiple ethnic groups,1,"Level 1 and entry level qualifications: 1 to 4 GCSEs grade A* to C, Any GCSEs at other grades, O levels or CSEs (any grades), 1 AS level, NVQ level 1, Foundation GNVQ, Basic or Essential Skills",2,Male,1295
E92000001,England,12,Aged 60 to 64 years,3,Mixed or Multiple ethnic groups,2,"Level 2 qualifications: 5 or more GCSEs (A* to C or 9 to 4), O levels (passes), CSEs (grade 1), School Certification, 1 A level, 2 to 3 AS levels, VCEs, Intermediate or Higher Diploma, Welsh Baccalaureate Intermediate Diploma, NVQ level 2, Intermediate GNVQ, City and Guilds Craft, BTEC First or General Diploma, RSA Diploma",1,Female,1931
E92000001,England,12,Aged 60 to 64 years,3,Mixed or Multiple ethnic groups,2,"Level 2 qualifications: 5 or more GCSEs (A* to C or 9 to 4), O levels (passes), CSEs (grade 1), School Certification, 1 A level, 2 to 3 AS levels, VCEs, Intermediate or Higher Diploma, Welsh Baccalaureate Intermediate Diploma, NVQ level 2, Intermediate GNVQ, City and Guilds Craft, BTEC First or General Diploma, RSA Diploma",2,Male,1256
E92000001,England,12,Aged 60 to 64 years,3,Mixed or Multiple ethnic groups,3,"Level 3 qualifications: 2 or more A levels or VCEs, 4 or more AS levels, Higher School Certificate, Progression or Advanced Diploma, Welsh Baccalaureate Advance Diploma, NVQ level 3; Advanced GNVQ, City and Guilds Advanced Craft, ONC, OND, BTEC National, RSA Advanced Diploma",1,Female,2069
E92000001,England,12,Aged 60 to 64 years,3,Mixed or Multiple ethnic groups,3,"Level 3 qualifications: 2 or more A levels or VCEs, 4 or more AS levels, Higher School Certificate, Progression or Advanced Diploma, Welsh Baccalaureate Advance Diploma, NVQ level 3; Advanced GNVQ, City and Guilds Advanced Craft, ONC, OND, BTEC National, RSA Advanced Diploma",2,Male,1797
E92000001,England,12,Aged 60 to 64 years,3,Mixed or Multiple ethnic groups,4,"Level 4 qualifications or above: degree (BA, BSc), higher degree (MA, PhD, PGCE), NVQ level 4 to 5, HNC, HND, RSA Higher Diploma, BTEC Higher level, professional qualifications (for example, teaching, nursing, accountancy)",1,Female,5997
E92000001,England,12,Aged 60 to 64 years,3,Mixed or Multiple ethnic groups,4,"Level 4 qualifications or above: degree (BA, BSc), higher degree (MA, PhD, PGCE), NVQ level 4 to 5, HNC, HND, RSA Higher Diploma, BTEC Higher level, professional qualifications (for example, teaching, nursing, accountancy)",2,Male,4840
E92000001,England,12,Aged 60 to 64 years,3,Mixed or Multiple ethnic groups,5,"Other: apprenticeships, vocational or work-related qualifications, other qualifications achieved in England or Wales, qualifications achieved outside England or Wales (equivalent not stated or unknown)",1,Female,795
E92000001,England,12,Aged 60 to 64 years,3,Mixed or Multiple ethnic groups,5,"Other: apprenticeships, vocational or work-related qualifications, other qualifications achieved in England or Wales, qualifications achieved outside England or Wales (equivalent not stated or unknown)",2,Male,1455
E92000001,England,12,Aged 60 to 64 years,4,White,-8,Does not apply,1,Female,0
E92000001,England,12,Aged 60 to 64 years,4,White,-8,Does not apply,2,Male,0
E92000001,England,12,Aged 60 to 64 years,4,White,0,No qualifications,1,Female,292259
E92000001,England,12,Aged 60 to 64 years,4,White,0,No qualifications,2,Male,274368
E92000001,England,12,Aged 60 to 64 years,4,White,1,"Level 1 and entry level qualifications: 1 to 4 GCSEs grade A* to C, Any GCSEs at other grades, O levels or CSEs (any grades), 1 AS level, NVQ level 1, Foundation GNVQ, Basic or Essential Skills",1,Female,220076
E92000001,England,12,Aged 60 to 64 years,4,White,1,"Level 1 and entry level qualifications: 1 to 4 GCSEs grade A* to C, Any GCSEs at other grades, O levels or CSEs (any grades), 1 AS level, NVQ level 1, Foundation GNVQ, Basic or Essential Skills",2,Male,140360
E92000001,England,12,Aged 60 to 64 years,4,White,2,"Level 2 qualifications: 5 or more GCSEs (A* to C or 9 to 4), O levels (passes), CSEs (grade 1), School Certification, 1 A level, 2 to 3 AS levels, VCEs, Intermediate or Higher Diploma, Welsh Baccalaureate Intermediate Diploma, NVQ level 2, Intermediate GNVQ, City and Guilds Craft, BTEC First or General Diploma, RSA Diploma",1,Female,249976
E92000001,England,12,Aged 60 to 64 years,4,White,2,"Level 2 qualifications: 5 or more GCSEs (A* to C or 9 to 4), O levels (passes), CSEs (grade 1), School Certification, 1 A level, 2 to 3 AS levels, VCEs, Intermediate or Higher Diploma, Welsh Baccalaureate Intermediate Diploma, NVQ level 2, Intermediate GNVQ, City and Guilds Craft, BTEC First or General Diploma, RSA Diploma",2,Male,139892
E92000001,England,12,Aged 60 to 64 years,4,White,3,"Level 3 qualifications: 2 or more A levels or VCEs, 4 or more AS levels, Higher School Certificate, Progression or Advanced Diploma, Welsh Baccalaureate Advance Diploma, NVQ level 3; Advanced GNVQ, City and Guilds Advanced Craft, ONC, OND, BTEC National, RSA Advanced Diploma",1,Female,200609
E92000001,England,12,Aged 60 to 64 years,4,White,3,"Level 3 qualifications: 2 or more A levels or VCEs, 4 or more AS levels, Higher School Certificate, Progression or Advanced Diploma, Welsh Baccalaureate Advance Diploma, NVQ level 3; Advanced GNVQ, City and Guilds Advanced Craft, ONC, OND, BTEC National, RSA Advanced Diploma",2,Male,225362
E92000001,England,12,Aged 60 to 64 years,4,White,4,"Level 4 qualifications or above: degree (BA, BSc), higher degree (MA, PhD, PGCE), NVQ level 4 to 5, HNC, HND, RSA Higher Diploma, BTEC Higher level, professional qualifications (for example, teaching, nursing, accountancy)",1,Female,420253
E92000001,England,12,Aged 60 to 64 years,4,White,4,"Level 4 qualifications or above: degree (BA, BSc), higher degree (MA, PhD, PGCE), NVQ level 4 to 5, HNC, HND, RSA Higher Diploma, BTEC Higher level, professional qualifications (for example, teaching, nursing, accountancy)",2,Male,433097
E92000001,England,12,Aged 60 to 64 years,4,White,5,"Other: apprenticeships, vocational or work-related qualifications, other qualifications achieved in England or Wales, qualifications achieved outside England or Wales (equivalent not stated or unknown)",1,Female,76727
E92000001,England,12,Aged 60 to 64 years,4,White,5,"Other: apprenticeships, vocational or work-related qualifications, other qualifications achieved in England or Wales, qualifications achieved outside England or Wales (equivalent not stated or unknown)",2,Male,200814
E92000001,England,12,Aged 60 to 64 years,5,Other ethnic group,-8,Does not apply,1,Female,0
E92000001,England,12,Aged 60 to 64 years,5,Other ethnic group,-8,Does not apply,2,Male,0
E92000001,England,12,Aged 60 to 64 years,5,Other ethnic group,0,No qualifications,1,Female,6910
E92000001,England,12,Aged 60 to 64 years,5,Other ethnic group,0,No qualifications,2,Male,6442
E92000001,England,12,Aged 60 to 64 years,5,Other ethnic group,1,"Level 1 and entry level qualifications: 1 to 4 GCSEs grade A* to C, Any GCSEs at other grades, O levels or CSEs (any grades), 1 AS level, NVQ level 1, Foundation GNVQ, Basic or Essential Skills",1,Female,2269
E92000001,England,12,Aged 60 to 64 years,5,Other ethnic group,1,"Level 1 and entry level qualifications: 1 to 4 GCSEs grade A* to C, Any GCSEs at other grades, O levels or CSEs (any grades), 1 AS level, NVQ level 1, Foundation GNVQ, Basic or Essential Skills",2,Male,1961
E92000001,England,12,Aged 60 to 64 years,5,Other ethnic group,2,"Level 2 qualifications: 5 or more GCSEs (A* to C or 9 to 4), O levels (passes), CSEs (grade 1), School Certification, 1 A level, 2 to 3 AS levels, VCEs, Intermediate or Higher Diploma, Welsh Baccalaureate Intermediate Diploma, NVQ level 2, Intermediate GNVQ, City and Guilds Craft, BTEC First or General Diploma, RSA Diploma",1,Female,1634
E92000001,England,12,Aged 60 to 64 years,5,Other ethnic group,2,"Level 2 qualifications: 5 or more GCSEs (A* to C or 9 to 4), O levels (passes), CSEs (grade 1), School Certification, 1 A level, 2 to 3 AS levels, VCEs, Intermediate or Higher Diploma, Welsh Baccalaureate Intermediate Diploma, NVQ level 2, Intermediate GNVQ, City and Guilds Craft, BTEC First or General Diploma, RSA Diploma",2,Male,1331
E92000001,England,12,Aged 60 to 64 years,5,Other ethnic group,3,"Level 3 qualifications: 2 or more A levels or VCEs, 4 or more AS levels, Higher School Certificate, Progression or Advanced Diploma, Welsh Baccalaureate Advance Diploma, NVQ level 3; Advanced GNVQ, City and Guilds Advanced Craft, ONC, OND, BTEC National, RSA Advanced Diploma",1,Female,1902
E92000001,England,12,Aged 60 to 64 years,5,Other ethnic group,3,"Level 3 qualifications: 2 or more A levels or VCEs, 4 or more AS levels, Higher School Certificate, Progression or Advanced Diploma, Welsh Baccalaureate Advance Diploma, NVQ level 3; Advanced GNVQ, City and Guilds Advanced Craft, ONC, OND, BTEC National, RSA Advanced Diploma",2,Male,1961
E92000001,England,12,Aged 60 to 64 years,5,Other ethnic group,4,"Level 4 qualifications or above: degree (BA, BSc), higher degree (MA, PhD, PGCE), NVQ level 4 to 5, HNC, HND, RSA Higher Diploma, BTEC Higher level, professional qualifications (for example, teaching, nursing, accountancy)",1,Female,7326
E92000001,England,12,Aged 60 to 64 years,5,Other ethnic group,4,"Level 4 qualifications or above: degree (BA, BSc), higher degree (MA, PhD, PGCE), NVQ level 4 to 5, HNC, HND, RSA Higher Diploma, BTEC Higher level, professional qualifications (for example, teaching, nursing, accountancy)",2,Male,9511
E92000001,England,12,Aged 60 to 64 years,5,Other ethnic group,5,"Other: apprenticeships, vocational or work-related qualifications, other qualifications achieved in England or Wales, qualifications achieved outside England or Wales (equivalent not stated or unknown)",1,Female,1553
E92000001,England,12,Aged 60 to 64 years,5,Other ethnic group,5,"Other: apprenticeships, vocational or work-related qualifications, other qualifications achieved in England or Wales, qualifications achieved outside England or Wales (equivalent not stated or unknown)",2,Male,2079
E92000001,England,13,Aged 65 to 69 years,-8,Does not apply,-8,Does not apply,1,Female,0
E92000001,England,13,Aged 65 to 69 years,-8,Does not apply,-8,Does not apply,2,Male,0
E92000001,England,13,Aged 65 to 69 years,-8,Does not apply,0,No qualifications,1,Female,0
E92000001,England,13,Aged 65 to 69 years,-8,Does not apply,0,No qualifications,2,Male,0
E92000001,England,13,Aged 65 to 69 years,-8,Does not apply,1,"Level 1 and entry level qualifications: 1 to 4 GCSEs grade A* to C, Any GCSEs at other grades, O levels or CSEs (any grades), 1 AS level, NVQ level 1, Foundation GNVQ, Basic or Essential Skills",1,Female,0
E92000001,England,13,Aged 65 to 69 years,-8,Does not apply,1,"Level 1 and entry level qualifications: 1 to 4 GCSEs grade A* to C, Any GCSEs at other grades, O levels or CSEs (any grades), 1 AS level, NVQ level 1, Foundation GNVQ, Basic or Essential Skills",2,Male,0
E92000001,England,13,Aged 65 to 69 years,-8,Does not apply,2,"Level 2 qualifications: 5 or more GCSEs (A* to C or 9 to 4), O levels (passes), CSEs (grade 1), School Certification, 1 A level, 2 to 3 AS levels, VCEs, Intermediate or Higher Diploma, Welsh Baccalaureate Intermediate Diploma, NVQ level 2, Intermediate GNVQ, City and Guilds Craft, BTEC First or General Diploma, RSA Diploma",1,Female,0
E92000001,England,13,Aged 65 to 69 years,-8,Does not apply,2,"Level 2 qualifications: 5 or more GCSEs (A* to C or 9 to 4), O levels (passes), CSEs (grade 1), School Certification, 1 A level, 2 to 3 AS levels, VCEs, Intermediate or Higher Diploma, Welsh Baccalaureate Intermediate Diploma, NVQ level 2, Intermediate GNVQ, City and Guilds Craft, BTEC First or General Diploma, RSA Diploma",2,Male,0
E92000001,England,13,Aged 65 to 69 years,-8,Does not apply,3,"Level 3 qualifications: 2 or more A levels or VCEs, 4 or more AS levels, Higher School Certificate, Progression or Advanced Diploma, Welsh Baccalaureate Advance Diploma, NVQ level 3; Advanced GNVQ, City and Guilds Advanced Craft, ONC, OND, BTEC National, RSA Advanced Diploma",1,Female,0
E92000001,England,13,Aged 65 to 69 years,-8,Does not apply,3,"Level 3 qualifications: 2 or more A levels or VCEs, 4 or more AS levels, Higher School Certificate, Progression or Advanced Diploma, Welsh Baccalaureate Advance Diploma, NVQ level 3; Advanced GNVQ, City and Guilds Advanced Craft, ONC, OND, BTEC National, RSA Advanced Diploma",2,Male,0
E92000001,England,13,Aged 65 to 69 years,-8,Does not apply,4,"Level 4 qualifications or above: degree (BA, BSc), higher degree (MA, PhD, PGCE), NVQ level 4 to 5, HNC, HND, RSA Higher Diploma, BTEC Higher level, professional qualifications (for example, teaching, nursing, accountancy)",1,Female,0
E92000001,England,13,Aged 65 to 69 years,-8,Does not apply,4,"Level 4 qualifications or above: degree (BA, BSc), higher degree (MA, PhD, PGCE), NVQ level 4 to 5, HNC, HND, RSA Higher Diploma, BTEC Higher level, professional qualifications (for example, teaching, nursing, accountancy)",2,Male,0
E92000001,England,13,Aged 65 to 69 years,-8,Does not apply,5,"Other: apprenticeships, vocational or work-related qualifications, other qualifications achieved in England or Wales, qualifications achieved outside England or Wales (equivalent not stated or unknown)",1,Female,0
E92000001,England,13,Aged 65 to 69 years,-8,Does not apply,5,"Other: apprenticeships, vocational or work-related qualifications, other qualifications achieved in England or Wales, qualifications achieved outside England or Wales (equivalent not stated or unknown)",2,Male,0
E92000001,England,13,Aged 65 to 69 years,1,"Asian, Asian British or Asian Welsh",-8,Does not apply,1,Female,0
E92000001,England,13,Aged 65 to 69 years,1,"Asian, Asian British or Asian Welsh",-8,Does not apply,2,Male,0
E92000001,England,13,Aged 65 to 69 years,1,"Asian, Asian British or Asian Welsh",0,No qualifications,1,Female,39120
E92000001,England,13,Aged 65 to 69 years,1,"Asian, Asian British or Asian Welsh",0,No qualifications,2,Male,29450
E92000001,England,13,Aged 65 to 69 years,1,"Asian, Asian British or Asian Welsh",1,"Level 1 and entry level qualifications: 1 to 4 GCSEs grade A* to C, Any GCSEs at other grades, O levels or CSEs (any grades), 1 AS level, NVQ level 1, Foundation GNVQ, Basic or Essential Skills",1,Female,8928
E92000001,England,13,Aged 65 to 69 years,1,"Asian, Asian British or Asian Welsh",1,"Level 1 and entry level qualifications: 1 to 4 GCSEs grade A* to C, Any GCSEs at other grades, O levels or CSEs (any grades), 1 AS level, NVQ level 1, Foundation GNVQ, Basic or Essential Skills",2,Male,7586
E92000001,England,13,Aged 65 to 69 years,1,"Asian, Asian British or Asian Welsh",2,"Level 2 qualifications: 5 or more GCSEs (A* to C or 9 to 4), O levels (passes), CSEs (grade 1), School Certification, 1 A level, 2 to 3 AS levels, VCEs, Intermediate or Higher Diploma, Welsh Baccalaureate Intermediate Diploma, NVQ level 2, Intermediate GNVQ, City and Guilds Craft, BTEC First or General Diploma, RSA Diploma",1,Female,5501
E92000001,England,13,Aged 65 to 69 years,1,"Asian, Asian British or Asian Welsh",2,"Level 2 qualifications: 5 or more GCSEs (A* to C or 9 to 4), O levels (passes), CSEs (grade 1), School Certification, 1 A level, 2 to 3 AS levels, VCEs, Intermediate or Higher Diploma, Welsh Baccalaureate Intermediate Diploma, NVQ level 2, Intermediate GNVQ, City and Guilds Craft, BTEC First or General Diploma, RSA Diploma",2,Male,4078
E92000001,England,13,Aged 65 to 69 years,1,"Asian, Asian British or Asian Welsh",3,"Level 3 qualifications: 2 or more A levels or VCEs, 4 or more AS levels, Higher School Certificate, Progression or Advanced Diploma, Welsh Baccalaureate Advance Diploma, NVQ level 3; Advanced GNVQ, City and Guilds Advanced Craft, ONC, OND, BTEC National, RSA Advanced Diploma",1,Female,4374
E92000001,England,13,Aged 65 to 69 years,1,"Asian, Asian British or Asian Welsh",3,"Level 3 qualifications: 2 or more A levels or VCEs, 4 or more AS levels, Higher School Certificate, Progression or Advanced Diploma, Welsh Baccalaureate Advance Diploma, NVQ level 3; Advanced GNVQ, City and Guilds Advanced Craft, ONC, OND, BTEC National, RSA Advanced Diploma",2,Male,4925
E92000001,England,13,Aged 65 to 69 years,1,"Asian, Asian British or Asian Welsh",4,"Level 4 qualifications or above: degree (BA, BSc), higher degree (MA, PhD, PGCE), NVQ level 4 to 5, HNC, HND, RSA Higher Diploma, BTEC Higher level, professional qualifications (for example, teaching, nursing, accountancy)",1,Female,17829
E92000001,England,13,Aged 65 to 69 years,1,"Asian, Asian British or Asian Welsh",4,"Level 4 qualifications or above: degree (BA, BSc), higher degree (MA, PhD, PGCE), NVQ level 4 to 5, HNC, HND, RSA Higher Diploma, BTEC Higher level, professional qualifications (for example, teaching, nursing, accountancy)",2,Male,20634
E92000001,England,13,Aged 65 to 69 years,1,"Asian, Asian British or Asian Welsh",5,"Other: apprenticeships, vocational or work-related qualifications, other qualifications achieved in England or Wales, qualifications achieved outside England or Wales (equivalent not stated or unknown)",1,Female,4898
E92000001,England,13,Aged 65 to 69 years,1,"Asian, Asian British or Asian Welsh",5,"Other: apprenticeships, vocational or work-related qualifications, other qualifications achieved in England or Wales, qualifications achieved outside England or Wales (equivalent not stated or unknown)",2,Male,6560
E92000001,England,13,Aged 65 to 69 years,2,"Black, Black British, Black Welsh, Caribbean or African",-8,Does not apply,1,Female,0
E92000001,England,13,Aged 65 to 69 years,2,"Black, Black British, Black Welsh, Caribbean or African",-8,Does not apply,2,Male,0
E92000001,England,13,Aged 65 to 69 years,2,"Black, Black British, Black Welsh, Caribbean or African",0,No qualifications,1,Female,6128
E92000001,England,13,Aged 65 to 69 years,2,"Black, Black British, Black Welsh, Caribbean or African",0,No qualifications,2,Male,5308
E92000001,England,13,Aged 65 to 69 years,2,"Black, Black British, Black Welsh, Caribbean or African",1,"Level 1 and entry level qualifications: 1 to 4 GCSEs grade A* to C, Any GCSEs at other grades, O levels or CSEs (any grades), 1 AS level, NVQ level 1, Foundation GNVQ, Basic or Essential Skills",1,Female,3676
E92000001,England,13,Aged 65 to 69 years,2,"Black, Black British, Black Welsh, Caribbean or African",1,"Level 1 and entry level qualifications: 1 to 4 GCSEs grade A* to C, Any GCSEs at other grades, O levels or CSEs (any grades), 1 AS level, NVQ level 1, Foundation GNVQ, Basic or Essential Skills",2,Male,2087
E92000001,England,13,Aged 65 to 69 years,2,"Black, Black British, Black Welsh, Caribbean or African",2,"Level 2 qualifications: 5 or more GCSEs (A* to C or 9 to 4), O levels (passes), CSEs (grade 1), School Certification, 1 A level, 2 to 3 AS levels, VCEs, Intermediate or Higher Diploma, Welsh Baccalaureate Intermediate Diploma, NVQ level 2, Intermediate GNVQ, City and Guilds Craft, BTEC First or General Diploma, RSA Diploma",1,Female,3007
E92000001,England,13,Aged 65 to 69 years,2,"Black, Black British, Black Welsh, Caribbean or African",2,"Level 2 qualifications: 5 or more GCSEs (A* to C or 9 to 4), O levels (passes), CSEs (grade 1), School Certification, 1 A level, 2 to 3 AS levels, VCEs, Intermediate or Higher Diploma, Welsh Baccalaureate Intermediate Diploma, NVQ level 2, Intermediate GNVQ, City and Guilds Craft, BTEC First or General Diploma, RSA Diploma",2,Male,1582
E92000001,England,13,Aged 65 to 69 years,2,"Black, Black British, Black Welsh, Caribbean or African",3,"Level 3 qualifications: 2 or more A levels or VCEs, 4 or more AS levels, Higher School Certificate, Progression or Advanced Diploma, Welsh Baccalaureate Advance Diploma, NVQ level 3; Advanced GNVQ, City and Guilds Advanced Craft, ONC, OND, BTEC National, RSA Advanced Diploma",1,Female,3235
E92000001,England,13,Aged 65 to 69 years,2,"Black, Black British, Black Welsh, Caribbean or African",3,"Level 3 qualifications: 2 or more A levels or VCEs, 4 or more AS levels, Higher School Certificate, Progression or Advanced Diploma, Welsh Baccalaureate Advance Diploma, NVQ level 3; Advanced GNVQ, City and Guilds Advanced Craft, ONC, OND, BTEC National, RSA Advanced Diploma",2,Male,2464
E92000001,England,13,Aged 65 to 69 years,2,"Black, Black British, Black Welsh, Caribbean or African",4,"Level 4 qualifications or above: degree (BA, BSc), higher degree (MA, PhD, PGCE), NVQ level 4 to 5, HNC, HND, RSA Higher Diploma, BTEC Higher level, professional qualifications (for example, teaching, nursing, accountancy)",1,Female,10156
E92000001,England,13,Aged 65 to 69 years,2,"Black, Black British, Black Welsh, Caribbean or African",4,"Level 4 qualifications or above: degree (BA, BSc), higher degree (MA, PhD, PGCE), NVQ level 4 to 5, HNC, HND, RSA Higher Diploma, BTEC Higher level, professional qualifications (for example, teaching, nursing, accountancy)",2,Male,8977
E92000001,England,13,Aged 65 to 69 years,2,"Black, Black British, Black Welsh, Caribbean or African",5,"Other: apprenticeships, vocational or work-related qualifications, other qualifications achieved in England or Wales, qualifications achieved outside England or Wales (equivalent not stated or unknown)",1,Female,1959
E92000001,England,13,Aged 65 to 69 years,2,"Black, Black British, Black Welsh, Caribbean or African",5,"Other: apprenticeships, vocational or work-related qualifications, other qualifications achieved in England or Wales, qualifications achieved outside England or Wales (equivalent not stated or unknown)",2,Male,3068
E92000001,England,13,Aged 65 to 69 years,3,Mixed or Multiple ethnic groups,-8,Does not apply,1,Female,0
E92000001,England,13,Aged 65 to 69 years,3,Mixed or Multiple ethnic groups,-8,Does not apply,2,Male,0
E92000001,England,13,Aged 65 to 69 years,3,Mixed or Multiple ethnic groups,0,No qualifications,1,Female,1940
E92000001,England,13,Aged 65 to 69 years,3,Mixed or Multiple ethnic groups,0,No qualifications,2,Male,1580
E92000001,England,13,Aged 65 to 69 years,3,Mixed or Multiple ethnic groups,1,"Level 1 and entry level qualifications: 1 to 4 GCSEs grade A* to C, Any GCSEs at other grades, O levels or CSEs (any grades), 1 AS level, NVQ level 1, Foundation GNVQ, Basic or Essential Skills",1,Female,1089
E92000001,England,13,Aged 65 to 69 years,3,Mixed or Multiple ethnic groups,1,"Level 1 and entry level qualifications: 1 to 4 GCSEs grade A* to C, Any GCSEs at other grades, O levels or CSEs (any grades), 1 AS level, NVQ level 1, Foundation GNVQ, Basic or Essential Skills",2,Male,591
E92000001,England,13,Aged 65 to 69 years,3,Mixed or Multiple ethnic groups,2,"Level 2 qualifications: 5 or more GCSEs (A* to C or 9 to 4), O levels (passes), CSEs (grade 1), School Certification, 1 A level, 2 to 3 AS levels, VCEs, Intermediate or Higher Diploma, Welsh Baccalaureate Intermediate Diploma, NVQ level 2, Intermediate GNVQ, City and Guilds Craft, BTEC First or General Diploma, RSA Diploma",1,Female,1078
E92000001,England,13,Aged 65 to 69 years,3,Mixed or Multiple ethnic groups,2,"Level 2 qualifications: 5 or more GCSEs (A* to C or 9 to 4), O levels (passes), CSEs (grade 1), School Certification, 1 A level, 2 to 3 AS levels, VCEs, Intermediate or Higher Diploma, Welsh Baccalaureate Intermediate Diploma, NVQ level 2, Intermediate GNVQ, City and Guilds Craft, BTEC First or General Diploma, RSA Diploma",2,Male,607
E92000001,England,13,Aged 65 to 69 years,3,Mixed or Multiple ethnic groups,3,"Level 3 qualifications: 2 or more A levels or VCEs, 4 or more AS levels, Higher School Certificate, Progression or Advanced Diploma, Welsh Baccalaureate Advance Diploma, NVQ level 3; Advanced GNVQ, City and Guilds Advanced Craft, ONC, OND, BTEC National, RSA Advanced Diploma",1,Female,975
E92000001,England,13,Aged 65 to 69 years,3,Mixed or Multiple ethnic groups,3,"Level 3 qualifications: 2 or more A levels or VCEs, 4 or more AS levels, Higher School Certificate, Progression or Advanced Diploma, Welsh Baccalaureate Advance Diploma, NVQ level 3; Advanced GNVQ, City and Guilds Advanced Craft, ONC, OND, BTEC National, RSA Advanced Diploma",2,Male,858
E92000001,England,13,Aged 65 to 69 years,3,Mixed or Multiple ethnic groups,4,"Level 4 qualifications or above: degree (BA, BSc), higher degree (MA, PhD, PGCE), NVQ level 4 to 5, HNC, HND, RSA Higher Diploma, BTEC Higher level, professional qualifications (for example, teaching, nursing, accountancy)",1,Female,3326
E92000001,England,13,Aged 65 to 69 years,3,Mixed or Multiple ethnic groups,4,"Level 4 qualifications or above: degree (BA, BSc), higher degree (MA, PhD, PGCE), NVQ level 4 to 5, HNC, HND, RSA Higher Diploma, BTEC Higher level, professional qualifications (for example, teaching, nursing, accountancy)",2,Male,2762
E92000001,England,13,Aged 65 to 69 years,3,Mixed or Multiple ethnic groups,5,"Other: apprenticeships, vocational or work-related qualifications, other qualifications achieved in England or Wales, qualifications achieved outside England or Wales (equivalent not stated or unknown)",1,Female,557
E92000001,England,13,Aged 65 to 69 years,3,Mixed or Multiple ethnic groups,5,"Other: apprenticeships, vocational or work-related qualifications, other qualifications achieved in England or Wales, qualifications achieved outside England or Wales (equivalent not stated or unknown)",2,Male,889
E92000001,England,13,Aged 65 to 69 years,4,White,-8,Does not apply,1,Female,0
E92000001,England,13,Aged 65 to 69 years,4,White,-8,Does not apply,2,Male,0
E92000001,England,13,Aged 65 to 69 years,4,White,0,No qualifications,1,Female,366353
E92000001,England,13,Aged 65 to 69 years,4,White,0,No qualifications,2,Male,280550
E92000001,England,13,Aged 65 to 69 years,4,White,1,"Level 1 and entry level qualifications: 1 to 4 GCSEs grade A* to C, Any GCSEs at other grades, O levels or CSEs (any grades), 1 AS level, NVQ level 1, Foundation GNVQ, Basic or Essential Skills",1,Female,173358
E92000001,England,13,Aged 65 to 69 years,4,White,1,"Level 1 and entry level qualifications: 1 to 4 GCSEs grade A* to C, Any GCSEs at other grades, O levels or CSEs (any grades), 1 AS level, NVQ level 1, Foundation GNVQ, Basic or Essential Skills",2,Male,90120
E92000001,England,13,Aged 65 to 69 years,4,White,2,"Level 2 qualifications: 5 or more GCSEs (A* to C or 9 to 4), O levels (passes), CSEs (grade 1), School Certification, 1 A level, 2 to 3 AS levels, VCEs, Intermediate or Higher Diploma, Welsh Baccalaureate Intermediate Diploma, NVQ level 2, Intermediate GNVQ, City and Guilds Craft, BTEC First or General Diploma, RSA Diploma",1,Female,177698
E92000001,England,13,Aged 65 to 69 years,4,White,2,"Level 2 qualifications: 5 or more GCSEs (A* to C or 9 to 4), O levels (passes), CSEs (grade 1), School Certification, 1 A level, 2 to 3 AS levels, VCEs, Intermediate or Higher Diploma, Welsh Baccalaureate Intermediate Diploma, NVQ level 2, Intermediate GNVQ, City and Guilds Craft, BTEC First or General Diploma, RSA Diploma",2,Male,94253
E92000001,England,13,Aged 65 to 69 years,4,White,3,"Level 3 qualifications: 2 or more A levels or VCEs, 4 or more AS levels, Higher School Certificate, Progression or Advanced Diploma, Welsh Baccalaureate Advance Diploma, NVQ level 3; Advanced GNVQ, City and Guilds Advanced Craft, ONC, OND, BTEC National, RSA Advanced Diploma",1,Female,138209
E92000001,England,13,Aged 65 to 69 years,4,White,3,"Level 3 qualifications: 2 or more A levels or VCEs, 4 or more AS levels, Higher School Certificate, Progression or Advanced Diploma, Welsh Baccalaureate Advance Diploma, NVQ level 3; Advanced GNVQ, City and Guilds Advanced Craft, ONC, OND, BTEC National, RSA Advanced Diploma",2,Male,169688
E92000001,England,13,Aged 65 to 69 years,4,White,4,"Level 4 qualifications or above: degree (BA, BSc), higher degree (MA, PhD, PGCE), NVQ level 4 to 5, HNC, HND, RSA Higher Diploma, BTEC Higher level, professional qualifications (for example, teaching, nursing, accountancy)",1,Female,342963
E92000001,England,13,Aged 65 to 69 years,4,White,4,"Level 4 qualifications or above: degree (BA, BSc), higher degree (MA, PhD, PGCE), NVQ level 4 to 5, HNC, HND, RSA Higher Diploma, BTEC Higher level, professional qualifications (for example, teaching, nursing, accountancy)",2,Male,371051
E92000001,England,13,Aged 65 to 69 years,4,White,5,"Other: apprenticeships, vocational or work-related qualifications, other qualifications achieved in England or Wales, qualifications achieved outside England or Wales (equivalent not stated or unknown)",1,Female,84166
E92000001,England,13,Aged 65 to 69 years,4,White,5,"Other: apprenticeships, vocational or work-related qualifications, other qualifications achieved in England or Wales, qualifications achieved outside England or Wales (equivalent not stated or unknown)",2,Male,204643
E92000001,England,13,Aged 65 to 69 years,5,Other ethnic group,-8,Does not apply,1,Female,0
E92000001,England,13,Aged 65 to 69 years,5,Other ethnic group,-8,Does not apply,2,Male,0
E92000001,England,13,Aged 65 to 69 years,5,Other ethnic group,0,No qualifications,1,Female,6406
E92000001,England,13,Aged 65 to 69 years,5,Other ethnic group,0,No qualifications,2,Male,4917
E92000001,England,13,Aged 65 to 69 years,5,Other ethnic group,1,"Level 1 and entry level qualifications: 1 to 4 GCSEs grade A* to C, Any GCSEs at other grades, O levels or CSEs (any grades), 1 AS level, NVQ level 1, Foundation GNVQ, Basic or Essential Skills",1,Female,1630
E92000001,England,13,Aged 65 to 69 years,5,Other ethnic group,1,"Level 1 and entry level qualifications: 1 to 4 GCSEs grade A* to C, Any GCSEs at other grades, O levels or CSEs (any grades), 1 AS level, NVQ level 1, Foundation GNVQ, Basic or Essential Skills",2,Male,1238
E92000001,England,13,Aged 65 to 69 years,5,Other ethnic group,2,"Level 2 qualifications: 5 or more GCSEs (A* to C or 9 to 4), O levels (passes), CSEs (grade 1), School Certification, 1 A level, 2 to 3 AS levels, VCEs, Intermediate or Higher Diploma, Welsh Baccalaureate Intermediate Diploma, NVQ level 2, Intermediate GNVQ, City and Guilds Craft, BTEC First or General Diploma, RSA Diploma",1,Female,1133
E92000001,England,13,Aged 65 to 69 years,5,Other ethnic group,2,"Level 2 qualifications: 5 or more GCSEs (A* to C or 9 to 4), O levels (passes), CSEs (grade 1), School Certification, 1 A level, 2 to 3 AS levels, VCEs, Intermediate or Higher Diploma, Welsh Baccalaureate Intermediate Diploma, NVQ level 2, Intermediate GNVQ, City and Guilds Craft, BTEC First or General Diploma, RSA Diploma",2,Male,732
E92000001,England,13,Aged 65 to 69 years,5,Other ethnic group,3,"Level 3 qualifications: 2 or more A levels or VCEs, 4 or more AS levels, Higher School Certificate, Progression or Advanced Diploma, Welsh Baccalaureate Advance Diploma, NVQ level 3; Advanced GNVQ, City and Guilds Advanced Craft, ONC, OND, BTEC National, RSA Advanced Diploma",1,Female,1139
E92000001,England,13,Aged 65 to 69 years,5,Other ethnic group,3,"Level 3 qualifications: 2 or more A levels or VCEs, 4 or more AS levels, Higher School Certificate, Progression or Advanced Diploma, Welsh Baccalaureate Advance Diploma, NVQ level 3; Advanced GNVQ, City and Guilds Advanced Craft, ONC, OND, BTEC National, RSA Advanced Diploma",2,Male,1257
E92000001,England,13,Aged 65 to 69 years,5,Other ethnic group,4,"Level 4 qualifications or above: degree (BA, BSc), higher degree (MA, PhD, PGCE), NVQ level 4 to 5, HNC, HND, RSA Higher Diploma, BTEC Higher level, professional qualifications (for example, teaching, nursing, accountancy)",1,Female,5239
E92000001,England,13,Aged 65 to 69 years,5,Other ethnic group,4,"Level 4 qualifications or above: degree (BA, BSc), higher degree (MA, PhD, PGCE), NVQ level 4 to 5, HNC, HND, RSA Higher Diploma, BTEC Higher level, professional qualifications (for example, teaching, nursing, accountancy)",2,Male,7335
E92000001,England,13,Aged 65 to 69 years,5,Other ethnic group,5,"Other: apprenticeships, vocational or work-related qualifications, other qualifications achieved in England or Wales, qualifications achieved outside England or Wales (equivalent not stated or unknown)",1,Female,1154
E92000001,England,13,Aged 65 to 69 years,5,Other ethnic group,5,"Other: apprenticeships, vocational or work-related qualifications, other qualifications achieved in England or Wales, qualifications achieved outside England or Wales (equivalent not stated or unknown)",2,Male,1488
E92000001,England,14,Aged 70 to 74 years,-8,Does not apply,-8,Does not apply,1,Female,0
E92000001,England,14,Aged 70 to 74 years,-8,Does not apply,-8,Does not apply,2,Male,0
E92000001,England,14,Aged 70 to 74 years,-8,Does not apply,0,No qualifications,1,Female,0
E92000001,England,14,Aged 70 to 74 years,-8,Does not apply,0,No qualifications,2,Male,0
E92000001,England,14,Aged 70 to 74 years,-8,Does not apply,1,"Level 1 and entry level qualifications: 1 to 4 GCSEs grade A* to C, Any GCSEs at other grades, O levels or CSEs (any grades), 1 AS level, NVQ level 1, Foundation GNVQ, Basic or Essential Skills",1,Female,0
E92000001,England,14,Aged 70 to 74 years,-8,Does not apply,1,"Level 1 and entry level qualifications: 1 to 4 GCSEs grade A* to C, Any GCSEs at other grades, O levels or CSEs (any grades), 1 AS level, NVQ level 1, Foundation GNVQ, Basic or Essential Skills",2,Male,0
E92000001,England,14,Aged 70 to 74 years,-8,Does not apply,2,"Level 2 qualifications: 5 or more GCSEs (A* to C or 9 to 4), O levels (passes), CSEs (grade 1), School Certification, 1 A level, 2 to 3 AS levels, VCEs, Intermediate or Higher Diploma, Welsh Baccalaureate Intermediate Diploma, NVQ level 2, Intermediate GNVQ, City and Guilds Craft, BTEC First or General Diploma, RSA Diploma",1,Female,0
E92000001,England,14,Aged 70 to 74 years,-8,Does not apply,2,"Level 2 qualifications: 5 or more GCSEs (A* to C or 9 to 4), O levels (passes), CSEs (grade 1), School Certification, 1 A level, 2 to 3 AS levels, VCEs, Intermediate or Higher Diploma, Welsh Baccalaureate Intermediate Diploma, NVQ level 2, Intermediate GNVQ, City and Guilds Craft, BTEC First or General Diploma, RSA Diploma",2,Male,0
E92000001,England,14,Aged 70 to 74 years,-8,Does not apply,3,"Level 3 qualifications: 2 or more A levels or VCEs, 4 or more AS levels, Higher School Certificate, Progression or Advanced Diploma, Welsh Baccalaureate Advance Diploma, NVQ level 3; Advanced GNVQ, City and Guilds Advanced Craft, ONC, OND, BTEC National, RSA Advanced Diploma",1,Female,0
E92000001,England,14,Aged 70 to 74 years,-8,Does not apply,3,"Level 3 qualifications: 2 or more A levels or VCEs, 4 or more AS levels, Higher School Certificate, Progression or Advanced Diploma, Welsh Baccalaureate Advance Diploma, NVQ level 3; Advanced GNVQ, City and Guilds Advanced Craft, ONC, OND, BTEC National, RSA Advanced Diploma",2,Male,0
E92000001,England,14,Aged 70 to 74 years,-8,Does not apply,4,"Level 4 qualifications or above: degree (BA, BSc), higher degree (MA, PhD, PGCE), NVQ level 4 to 5, HNC, HND, RSA Higher Diploma, BTEC Higher level, professional qualifications (for example, teaching, nursing, accountancy)",1,Female,0
E92000001,England,14,Aged 70 to 74 years,-8,Does not apply,4,"Level 4 qualifications or above: degree (BA, BSc), higher degree (MA, PhD, PGCE), NVQ level 4 to 5, HNC, HND, RSA Higher Diploma, BTEC Higher level, professional qualifications (for example, teaching, nursing, accountancy)",2,Male,0
E92000001,England,14,Aged 70 to 74 years,-8,Does not apply,5,"Other: apprenticeships, vocational or work-related qualifications, other qualifications achieved in England or Wales, qualifications achieved outside England or Wales (equivalent not stated or unknown)",1,Female,0
E92000001,England,14,Aged 70 to 74 years,-8,Does not apply,5,"Other: apprenticeships, vocational or work-related qualifications, other qualifications achieved in England or Wales, qualifications achieved outside England or Wales (equivalent not stated or unknown)",2,Male,0
E92000001,England,14,Aged 70 to 74 years,1,"Asian, Asian British or Asian Welsh",-8,Does not apply,1,Female,0
E92000001,England,14,Aged 70 to 74 years,1,"Asian, Asian British or Asian Welsh",-8,Does not apply,2,Male,0
E92000001,England,14,Aged 70 to 74 years,1,"Asian, Asian British or Asian Welsh",0,No qualifications,1,Female,30053
E92000001,England,14,Aged 70 to 74 years,1,"Asian, Asian British or Asian Welsh",0,No qualifications,2,Male,17507
E92000001,England,14,Aged 70 to 74 years,1,"Asian, Asian British or Asian Welsh",1,"Level 1 and entry level qualifications: 1 to 4 GCSEs grade A* to C, Any GCSEs at other grades, O levels or CSEs (any grades), 1 AS level, NVQ level 1, Foundation GNVQ, Basic or Essential Skills",1,Female,5717
E92000001,England,14,Aged 70 to 74 years,1,"Asian, Asian British or Asian Welsh",1,"Level 1 and entry level qualifications: 1 to 4 GCSEs grade A* to C, Any GCSEs at other grades, O levels or CSEs (any grades), 1 AS level, NVQ level 1, Foundation GNVQ, Basic or Essential Skills",2,Male,3838
E92000001,England,14,Aged 70 to 74 years,1,"Asian, Asian British or Asian Welsh",2,"Level 2 qualifications: 5 or more GCSEs (A* to C or 9 to 4), O levels (passes), CSEs (grade 1), School Certification, 1 A level, 2 to 3 AS levels, VCEs, Intermediate or Higher Diploma, Welsh Baccalaureate Intermediate Diploma, NVQ level 2, Intermediate GNVQ, City and Guilds Craft, BTEC First or General Diploma, RSA Diploma",1,Female,3352
E92000001,England,14,Aged 70 to 74 years,1,"Asian, Asian British or Asian Welsh",2,"Level 2 qualifications: 5 or more GCSEs (A* to C or 9 to 4), O levels (passes), CSEs (grade 1), School Certification, 1 A level, 2 to 3 AS levels, VCEs, Intermediate or Higher Diploma, Welsh Baccalaureate Intermediate Diploma, NVQ level 2, Intermediate GNVQ, City and Guilds Craft, BTEC First or General Diploma, RSA Diploma",2,Male,2253
E92000001,England,14,Aged 70 to 74 years,1,"Asian, Asian British or Asian Welsh",3,"Level 3 qualifications: 2 or more A levels or VCEs, 4 or more AS levels, Higher School Certificate, Progression or Advanced Diploma, Welsh Baccalaureate Advance Diploma, NVQ level 3; Advanced GNVQ, City and Guilds Advanced Craft, ONC, OND, BTEC National, RSA Advanced Diploma",1,Female,2498
E92000001,England,14,Aged 70 to 74 years,1,"Asian, Asian British or Asian Welsh",3,"Level 3 qualifications: 2 or more A levels or VCEs, 4 or more AS levels, Higher School Certificate, Progression or Advanced Diploma, Welsh Baccalaureate Advance Diploma, NVQ level 3; Advanced GNVQ, City and Guilds Advanced Craft, ONC, OND, BTEC National, RSA Advanced Diploma",2,Male,2583
E92000001,England,14,Aged 70 to 74 years,1,"Asian, Asian British or Asian Welsh",4,"Level 4 qualifications or above: degree (BA, BSc), higher degree (MA, PhD, PGCE), NVQ level 4 to 5, HNC, HND, RSA Higher Diploma, BTEC Higher level, professional qualifications (for example, teaching, nursing, accountancy)",1,Female,13192
E92000001,England,14,Aged 70 to 74 years,1,"Asian, Asian British or Asian Welsh",4,"Level 4 qualifications or above: degree (BA, BSc), higher degree (MA, PhD, PGCE), NVQ level 4 to 5, HNC, HND, RSA Higher Diploma, BTEC Higher level, professional qualifications (for example, teaching, nursing, accountancy)",2,Male,14842
E92000001,England,14,Aged 70 to 74 years,1,"Asian, Asian British or Asian Welsh",5,"Other: apprenticeships, vocational or work-related qualifications, other qualifications achieved in England or Wales, qualifications achieved outside England or Wales (equivalent not stated or unknown)",1,Female,4036
E92000001,England,14,Aged 70 to 74 years,1,"Asian, Asian British or Asian Welsh",5,"Other: apprenticeships, vocational or work-related qualifications, other qualifications achieved in England or Wales, qualifications achieved outside England or Wales (equivalent not stated or unknown)",2,Male,4076
E92000001,England,14,Aged 70 to 74 years,2,"Black, Black British, Black Welsh, Caribbean or African",-8,Does not apply,1,Female,0
E92000001,England,14,Aged 70 to 74 years,2,"Black, Black British, Black Welsh, Caribbean or African",-8,Does not apply,2,Male,0
E92000001,England,14,Aged 70 to 74 years,2,"Black, Black British, Black Welsh, Caribbean or African",0,No qualifications,1,Female,5108
E92000001,England,14,Aged 70 to 74 years,2,"Black, Black British, Black Welsh, Caribbean or African",0,No qualifications,2,Male,3406
E92000001,England,14,Aged 70 to 74 years,2,"Black, Black British, Black Welsh, Caribbean or African",1,"Level 1 and entry level qualifications: 1 to 4 GCSEs grade A* to C, Any GCSEs at other grades, O levels or CSEs (any grades), 1 AS level, NVQ level 1, Foundation GNVQ, Basic or Essential Skills",1,Female,1984
E92000001,England,14,Aged 70 to 74 years,2,"Black, Black British, Black Welsh, Caribbean or African",1,"Level 1 and entry level qualifications: 1 to 4 GCSEs grade A* to C, Any GCSEs at other grades, O levels or CSEs (any grades), 1 AS level, NVQ level 1, Foundation GNVQ, Basic or Essential Skills",2,Male,930
E92000001,England,14,Aged 70 to 74 years,2,"Black, Black British, Black Welsh, Caribbean or African",2,"Level 2 qualifications: 5 or more GCSEs (A* to C or 9 to 4), O levels (passes), CSEs (grade 1), School Certification, 1 A level, 2 to 3 AS levels, VCEs, Intermediate or Higher Diploma, Welsh Baccalaureate Intermediate Diploma, NVQ level 2, Intermediate GNVQ, City and Guilds Craft, BTEC First or General Diploma, RSA Diploma",1,Female,1410
E92000001,England,14,Aged 70 to 74 years,2,"Black, Black British, Black Welsh, Caribbean or African",2,"Level 2 qualifications: 5 or more GCSEs (A* to C or 9 to 4), O levels (passes), CSEs (grade 1), School Certification, 1 A level, 2 to 3 AS levels, VCEs, Intermediate or Higher Diploma, Welsh Baccalaureate Intermediate Diploma, NVQ level 2, Intermediate GNVQ, City and Guilds Craft, BTEC First or General Diploma, RSA Diploma",2,Male,617
E92000001,England,14,Aged 70 to 74 years,2,"Black, Black British, Black Welsh, Caribbean or African",3,"Level 3 qualifications: 2 or more A levels or VCEs, 4 or more AS levels, Higher School Certificate, Progression or Advanced Diploma, Welsh Baccalaureate Advance Diploma, NVQ level 3; Advanced GNVQ, City and Guilds Advanced Craft, ONC, OND, BTEC National, RSA Advanced Diploma",1,Female,1428
E92000001,England,14,Aged 70 to 74 years,2,"Black, Black British, Black Welsh, Caribbean or African",3,"Level 3 qualifications: 2 or more A levels or VCEs, 4 or more AS levels, Higher School Certificate, Progression or Advanced Diploma, Welsh Baccalaureate Advance Diploma, NVQ level 3; Advanced GNVQ, City and Guilds Advanced Craft, ONC, OND, BTEC National, RSA Advanced Diploma",2,Male,929
E92000001,England,14,Aged 70 to 74 years,2,"Black, Black British, Black Welsh, Caribbean or African",4,"Level 4 qualifications or above: degree (BA, BSc), higher degree (MA, PhD, PGCE), NVQ level 4 to 5, HNC, HND, RSA Higher Diploma, BTEC Higher level, professional qualifications (for example, teaching, nursing, accountancy)",1,Female,6189
E92000001,England,14,Aged 70 to 74 years,2,"Black, Black British, Black Welsh, Caribbean or African",4,"Level 4 qualifications or above: degree (BA, BSc), higher degree (MA, PhD, PGCE), NVQ level 4 to 5, HNC, HND, RSA Higher Diploma, BTEC Higher level, professional qualifications (for example, teaching, nursing, accountancy)",2,Male,4540
E92000001,England,14,Aged 70 to 74 years,2,"Black, Black British, Black Welsh, Caribbean or African",5,"Other: apprenticeships, vocational or work-related qualifications, other qualifications achieved in England or Wales, qualifications achieved outside England or Wales (equivalent not stated or unknown)",1,Female,1635
E92000001,England,14,Aged 70 to 74 years,2,"Black, Black British, Black Welsh, Caribbean or African",5,"Other: apprenticeships, vocational or work-related qualifications, other qualifications achieved in England or Wales, qualifications achieved outside England or Wales (equivalent not stated or unknown)",2,Male,1656
E92000001,England,14,Aged 70 to 74 years,3,Mixed or Multiple ethnic groups,-8,Does not apply,1,Female,0
E92000001,England,14,Aged 70 to 74 years,3,Mixed or Multiple ethnic groups,-8,Does not apply,2,Male,0
E92000001,England,14,Aged 70 to 74 years,3,Mixed or Multiple ethnic groups,0,No qualifications,1,Female,1703
E92000001,England,14,Aged 70 to 74 years,3,Mixed or Multiple ethnic groups,0,No qualifications,2,Male,1202
E92000001,England,14,Aged 70 to 74 years,3,Mixed or Multiple ethnic groups,1,"Level 1 and entry level qualifications: 1 to 4 GCSEs grade A* to C, Any GCSEs at other grades, O levels or CSEs (any grades), 1 AS level, NVQ level 1, Foundation GNVQ, Basic or Essential Skills",1,Female,715
E92000001,England,14,Aged 70 to 74 years,3,Mixed or Multiple ethnic groups,1,"Level 1 and entry level qualifications: 1 to 4 GCSEs grade A* to C, Any GCSEs at other grades, O levels or CSEs (any grades), 1 AS level, NVQ level 1, Foundation GNVQ, Basic or Essential Skills",2,Male,338
E92000001,England,14,Aged 70 to 74 years,3,Mixed or Multiple ethnic groups,2,"Level 2 qualifications: 5 or more GCSEs (A* to C or 9 to 4), O levels (passes), CSEs (grade 1), School Certification, 1 A level, 2 to 3 AS levels, VCEs, Intermediate or Higher Diploma, Welsh Baccalaureate Intermediate Diploma, NVQ level 2, Intermediate GNVQ, City and Guilds Craft, BTEC First or General Diploma, RSA Diploma",1,Female,606
E92000001,England,14,Aged 70 to 74 years,3,Mixed or Multiple ethnic groups,2,"Level 2 qualifications: 5 or more GCSEs (A* to C or 9 to 4), O levels (passes), CSEs (grade 1), School Certification, 1 A level, 2 to 3 AS levels, VCEs, Intermediate or Higher Diploma, Welsh Baccalaureate Intermediate Diploma, NVQ level 2, Intermediate GNVQ, City and Guilds Craft, BTEC First or General Diploma, RSA Diploma",2,Male,281
E92000001,England,14,Aged 70 to 74 years,3,Mixed or Multiple ethnic groups,3,"Level 3 qualifications: 2 or more A levels or VCEs, 4 or more AS levels, Higher School Certificate, Progression or Advanced Diploma, Welsh Baccalaureate Advance Diploma, NVQ level 3; Advanced GNVQ, City and Guilds Advanced Craft, ONC, OND, BTEC National, RSA Advanced Diploma",1,Female,486
E92000001,England,14,Aged 70 to 74 years,3,Mixed or Multiple ethnic groups,3,"Level 3 qualifications: 2 or more A levels or VCEs, 4 or more AS levels, Higher School Certificate, Progression or Advanced Diploma, Welsh Baccalaureate Advance Diploma, NVQ level 3; Advanced GNVQ, City and Guilds Advanced Craft, ONC, OND, BTEC National, RSA Advanced Diploma",2,Male,463
E92000001,England,14,Aged 70 to 74 years,3,Mixed or Multiple ethnic groups,4,"Level 4 qualifications or above: degree (BA, BSc), higher degree (MA, PhD, PGCE), NVQ level 4 to 5, HNC, HND, RSA Higher Diploma, BTEC Higher level, professional qualifications (for example, teaching, nursing, accountancy)",1,Female,2173
E92000001,England,14,Aged 70 to 74 years,3,Mixed or Multiple ethnic groups,4,"Level 4 qualifications or above: degree (BA, BSc), higher degree (MA, PhD, PGCE), NVQ level 4 to 5, HNC, HND, RSA Higher Diploma, BTEC Higher level, professional qualifications (for example, teaching, nursing, accountancy)",2,Male,1657
E92000001,England,14,Aged 70 to 74 years,3,Mixed or Multiple ethnic groups,5,"Other: apprenticeships, vocational or work-related qualifications, other qualifications achieved in England or Wales, qualifications achieved outside England or Wales (equivalent not stated or unknown)",1,Female,519
E92000001,England,14,Aged 70 to 74 years,3,Mixed or Multiple ethnic groups,5,"Other: apprenticeships, vocational or work-related qualifications, other qualifications achieved in England or Wales, qualifications achieved outside England or Wales (equivalent not stated or unknown)",2,Male,674
E92000001,England,14,Aged 70 to 74 years,4,White,-8,Does not apply,1,Female,0
E92000001,England,14,Aged 70 to 74 years,4,White,-8,Does not apply,2,Male,0
E92000001,England,14,Aged 70 to 74 years,4,White,0,No qualifications,1,Female,516636
E92000001,England,14,Aged 70 to 74 years,4,White,0,No qualifications,2,Male,348443
E92000001,England,14,Aged 70 to 74 years,4,White,1,"Level 1 and entry level qualifications: 1 to 4 GCSEs grade A* to C, Any GCSEs at other grades, O levels or CSEs (any grades), 1 AS level, NVQ level 1, Foundation GNVQ, Basic or Essential Skills",1,Female,176668
E92000001,England,14,Aged 70 to 74 years,4,White,1,"Level 1 and entry level qualifications: 1 to 4 GCSEs grade A* to C, Any GCSEs at other grades, O levels or CSEs (any grades), 1 AS level, NVQ level 1, Foundation GNVQ, Basic or Essential Skills",2,Male,81199
E92000001,England,14,Aged 70 to 74 years,4,White,2,"Level 2 qualifications: 5 or more GCSEs (A* to C or 9 to 4), O levels (passes), CSEs (grade 1), School Certification, 1 A level, 2 to 3 AS levels, VCEs, Intermediate or Higher Diploma, Welsh Baccalaureate Intermediate Diploma, NVQ level 2, Intermediate GNVQ, City and Guilds Craft, BTEC First or General Diploma, RSA Diploma",1,Female,152455
E92000001,England,14,Aged 70 to 74 years,4,White,2,"Level 2 qualifications: 5 or more GCSEs (A* to C or 9 to 4), O levels (passes), CSEs (grade 1), School Certification, 1 A level, 2 to 3 AS levels, VCEs, Intermediate or Higher Diploma, Welsh Baccalaureate Intermediate Diploma, NVQ level 2, Intermediate GNVQ, City and Guilds Craft, BTEC First or General Diploma, RSA Diploma",2,Male,75845
E92000001,England,14,Aged 70 to 74 years,4,White,3,"Level 3 qualifications: 2 or more A levels or VCEs, 4 or more AS levels, Higher School Certificate, Progression or Advanced Diploma, Welsh Baccalaureate Advance Diploma, NVQ level 3; Advanced GNVQ, City and Guilds Advanced Craft, ONC, OND, BTEC National, RSA Advanced Diploma",1,Female,98636
E92000001,England,14,Aged 70 to 74 years,4,White,3,"Level 3 qualifications: 2 or more A levels or VCEs, 4 or more AS levels, Higher School Certificate, Progression or Advanced Diploma, Welsh Baccalaureate Advance Diploma, NVQ level 3; Advanced GNVQ, City and Guilds Advanced Craft, ONC, OND, BTEC National, RSA Advanced Diploma",2,Male,135972
E92000001,England,14,Aged 70 to 74 years,4,White,4,"Level 4 qualifications or above: degree (BA, BSc), higher degree (MA, PhD, PGCE), NVQ level 4 to 5, HNC, HND, RSA Higher Diploma, BTEC Higher level, professional qualifications (for example, teaching, nursing, accountancy)",1,Female,289288
E92000001,England,14,Aged 70 to 74 years,4,White,4,"Level 4 qualifications or above: degree (BA, BSc), higher degree (MA, PhD, PGCE), NVQ level 4 to 5, HNC, HND, RSA Higher Diploma, BTEC Higher level, professional qualifications (for example, teaching, nursing, accountancy)",2,Male,356438
E92000001,England,14,Aged 70 to 74 years,4,White,5,"Other: apprenticeships, vocational or work-related qualifications, other qualifications achieved in England or Wales, qualifications achieved outside England or Wales (equivalent not stated or unknown)",1,Female,124284
E92000001,England,14,Aged 70 to 74 years,4,White,5,"Other: apprenticeships, vocational or work-related qualifications, other qualifications achieved in England or Wales, qualifications achieved outside England or Wales (equivalent not stated or unknown)",2,Male,246649
E92000001,England,14,Aged 70 to 74 years,5,Other ethnic group,-8,Does not apply,1,Female,0
E92000001,England,14,Aged 70 to 74 years,5,Other ethnic group,-8,Does not apply,2,Male,0
E92000001,England,14,Aged 70 to 74 years,5,Other ethnic group,0,No qualifications,1,Female,5332
E92000001,England,14,Aged 70 to 74 years,5,Other ethnic group,0,No qualifications,2,Male,3881
E92000001,England,14,Aged 70 to 74 years,5,Other ethnic group,1,"Level 1 and entry level qualifications: 1 to 4 GCSEs grade A* to C, Any GCSEs at other grades, O levels or CSEs (any grades), 1 AS level, NVQ level 1, Foundation GNVQ, Basic or Essential Skills",1,Female,1025
E92000001,England,14,Aged 70 to 74 years,5,Other ethnic group,1,"Level 1 and entry level qualifications: 1 to 4 GCSEs grade A* to C, Any GCSEs at other grades, O levels or CSEs (any grades), 1 AS level, NVQ level 1, Foundation GNVQ, Basic or Essential Skills",2,Male,734
E92000001,England,14,Aged 70 to 74 years,5,Other ethnic group,2,"Level 2 qualifications: 5 or more GCSEs (A* to C or 9 to 4), O levels (passes), CSEs (grade 1), School Certification, 1 A level, 2 to 3 AS levels, VCEs, Intermediate or Higher Diploma, Welsh Baccalaureate Intermediate Diploma, NVQ level 2, Intermediate GNVQ, City and Guilds Craft, BTEC First or General Diploma, RSA Diploma",1,Female,663
E92000001,England,14,Aged 70 to 74 years,5,Other ethnic group,2,"Level 2 qualifications: 5 or more GCSEs (A* to C or 9 to 4), O levels (passes), CSEs (grade 1), School Certification, 1 A level, 2 to 3 AS levels, VCEs, Intermediate or Higher Diploma, Welsh Baccalaureate Intermediate Diploma, NVQ level 2, Intermediate GNVQ, City and Guilds Craft, BTEC First or General Diploma, RSA Diploma",2,Male,432
E92000001,England,14,Aged 70 to 74 years,5,Other ethnic group,3,"Level 3 qualifications: 2 or more A levels or VCEs, 4 or more AS levels, Higher School Certificate, Progression or Advanced Diploma, Welsh Baccalaureate Advance Diploma, NVQ level 3; Advanced GNVQ, City and Guilds Advanced Craft, ONC, OND, BTEC National, RSA Advanced Diploma",1,Female,657
E92000001,England,14,Aged 70 to 74 years,5,Other ethnic group,3,"Level 3 qualifications: 2 or more A levels or VCEs, 4 or more AS levels, Higher School Certificate, Progression or Advanced Diploma, Welsh Baccalaureate Advance Diploma, NVQ level 3; Advanced GNVQ, City and Guilds Advanced Craft, ONC, OND, BTEC National, RSA Advanced Diploma",2,Male,693
E92000001,England,14,Aged 70 to 74 years,5,Other ethnic group,4,"Level 4 qualifications or above: degree (BA, BSc), higher degree (MA, PhD, PGCE), NVQ level 4 to 5, HNC, HND, RSA Higher Diploma, BTEC Higher level, professional qualifications (for example, teaching, nursing, accountancy)",1,Female,3513
E92000001,England,14,Aged 70 to 74 years,5,Other ethnic group,4,"Level 4 qualifications or above: degree (BA, BSc), higher degree (MA, PhD, PGCE), NVQ level 4 to 5, HNC, HND, RSA Higher Diploma, BTEC Higher level, professional qualifications (for example, teaching, nursing, accountancy)",2,Male,4867
E92000001,England,14,Aged 70 to 74 years,5,Other ethnic group,5,"Other: apprenticeships, vocational or work-related qualifications, other qualifications achieved in England or Wales, qualifications achieved outside England or Wales (equivalent not stated or unknown)",1,Female,925
E92000001,England,14,Aged 70 to 74 years,5,Other ethnic group,5,"Other: apprenticeships, vocational or work-related qualifications, other qualifications achieved in England or Wales, qualifications achieved outside England or Wales (equivalent not stated or unknown)",2,Male,1084
E92000001,England,15,Aged 75 to 79 years,-8,Does not apply,-8,Does not apply,1,Female,0
E92000001,England,15,Aged 75 to 79 years,-8,Does not apply,-8,Does not apply,2,Male,0
E92000001,England,15,Aged 75 to 79 years,-8,Does not apply,0,No qualifications,1,Female,0
E92000001,England,15,Aged 75 to 79 years,-8,Does not apply,0,No qualifications,2,Male,0
E92000001,England,15,Aged 75 to 79 years,-8,Does not apply,1,"Level 1 and entry level qualifications: 1 to 4 GCSEs grade A* to C, Any GCSEs at other grades, O levels or CSEs (any grades), 1 AS level, NVQ level 1, Foundation GNVQ, Basic or Essential Skills",1,Female,0
E92000001,England,15,Aged 75 to 79 years,-8,Does not apply,1,"Level 1 and entry level qualifications: 1 to 4 GCSEs grade A* to C, Any GCSEs at other grades, O levels or CSEs (any grades), 1 AS level, NVQ level 1, Foundation GNVQ, Basic or Essential Skills",2,Male,0
E92000001,England,15,Aged 75 to 79 years,-8,Does not apply,2,"Level 2 qualifications: 5 or more GCSEs (A* to C or 9 to 4), O levels (passes), CSEs (grade 1), School Certification, 1 A level, 2 to 3 AS levels, VCEs, Intermediate or Higher Diploma, Welsh Baccalaureate Intermediate Diploma, NVQ level 2, Intermediate GNVQ, City and Guilds Craft, BTEC First or General Diploma, RSA Diploma",1,Female,0
E92000001,England,15,Aged 75 to 79 years,-8,Does not apply,2,"Level 2 qualifications: 5 or more GCSEs (A* to C or 9 to 4), O levels (passes), CSEs (grade 1), School Certification, 1 A level, 2 to 3 AS levels, VCEs, Intermediate or Higher Diploma, Welsh Baccalaureate Intermediate Diploma, NVQ level 2, Intermediate GNVQ, City and Guilds Craft, BTEC First or General Diploma, RSA Diploma",2,Male,0
E92000001,England,15,Aged 75 to 79 years,-8,Does not apply,3,"Level 3 qualifications: 2 or more A levels or VCEs, 4 or more AS levels, Higher School Certificate, Progression or Advanced Diploma, Welsh Baccalaureate Advance Diploma, NVQ level 3; Advanced GNVQ, City and Guilds Advanced Craft, ONC, OND, BTEC National, RSA Advanced Diploma",1,Female,0
E92000001,England,15,Aged 75 to 79 years,-8,Does not apply,3,"Level 3 qualifications: 2 or more A levels or VCEs, 4 or more AS levels, Higher School Certificate, Progression or Advanced Diploma, Welsh Baccalaureate Advance Diploma, NVQ level 3; Advanced GNVQ, City and Guilds Advanced Craft, ONC, OND, BTEC National, RSA Advanced Diploma",2,Male,0
E92000001,England,15,Aged 75 to 79 years,-8,Does not apply,4,"Level 4 qualifications or above: degree (BA, BSc), higher degree (MA, PhD, PGCE), NVQ level 4 to 5, HNC, HND, RSA Higher Diploma, BTEC Higher level, professional qualifications (for example, teaching, nursing, accountancy)",1,Female,0
E92000001,England,15,Aged 75 to 79 years,-8,Does not apply,4,"Level 4 qualifications or above: degree (BA, BSc), higher degree (MA, PhD, PGCE), NVQ level 4 to 5, HNC, HND, RSA Higher Diploma, BTEC Higher level, professional qualifications (for example, teaching, nursing, accountancy)",2,Male,0
E92000001,England,15,Aged 75 to 79 years,-8,Does not apply,5,"Other: apprenticeships, vocational or work-related qualifications, other qualifications achieved in England or Wales, qualifications achieved outside England or Wales (equivalent not stated or unknown)",1,Female,0
E92000001,England,15,Aged 75 to 79 years,-8,Does not apply,5,"Other: apprenticeships, vocational or work-related qualifications, other qualifications achieved in England or Wales, qualifications achieved outside England or Wales (equivalent not stated or unknown)",2,Male,0
E92000001,England,15,Aged 75 to 79 years,1,"Asian, Asian British or Asian Welsh",-8,Does not apply,1,Female,0
E92000001,England,15,Aged 75 to 79 years,1,"Asian, Asian British or Asian Welsh",-8,Does not apply,2,Male,0
E92000001,England,15,Aged 75 to 79 years,1,"Asian, Asian British or Asian Welsh",0,No qualifications,1,Female,20279
E92000001,England,15,Aged 75 to 79 years,1,"Asian, Asian British or Asian Welsh",0,No qualifications,2,Male,11914
E92000001,England,15,Aged 75 to 79 years,1,"Asian, Asian British or Asian Welsh",1,"Level 1 and entry level qualifications: 1 to 4 GCSEs grade A* to C, Any GCSEs at other grades, O levels or CSEs (any grades), 1 AS level, NVQ level 1, Foundation GNVQ, Basic or Essential Skills",1,Female,2953
E92000001,England,15,Aged 75 to 79 years,1,"Asian, Asian British or Asian Welsh",1,"Level 1 and entry level qualifications: 1 to 4 GCSEs grade A* to C, Any GCSEs at other grades, O levels or CSEs (any grades), 1 AS level, NVQ level 1, Foundation GNVQ, Basic or Essential Skills",2,Male,2253
E92000001,England,15,Aged 75 to 79 years,1,"Asian, Asian British or Asian Welsh",2,"Level 2 qualifications: 5 or more GCSEs (A* to C or 9 to 4), O levels (passes), CSEs (grade 1), School Certification, 1 A level, 2 to 3 AS levels, VCEs, Intermediate or Higher Diploma, Welsh Baccalaureate Intermediate Diploma, NVQ level 2, Intermediate GNVQ, City and Guilds Craft, BTEC First or General Diploma, RSA Diploma",1,Female,1702
E92000001,England,15,Aged 75 to 79 years,1,"Asian, Asian British or Asian Welsh",2,"Level 2 qualifications: 5 or more GCSEs (A* to C or 9 to 4), O levels (passes), CSEs (grade 1), School Certification, 1 A level, 2 to 3 AS levels, VCEs, Intermediate or Higher Diploma, Welsh Baccalaureate Intermediate Diploma, NVQ level 2, Intermediate GNVQ, City and Guilds Craft, BTEC First or General Diploma, RSA Diploma",2,Male,1251
E92000001,England,15,Aged 75 to 79 years,1,"Asian, Asian British or Asian Welsh",3,"Level 3 qualifications: 2 or more A levels or VCEs, 4 or more AS levels, Higher School Certificate, Progression or Advanced Diploma, Welsh Baccalaureate Advance Diploma, NVQ level 3; Advanced GNVQ, City and Guilds Advanced Craft, ONC, OND, BTEC National, RSA Advanced Diploma",1,Female,1192
E92000001,England,15,Aged 75 to 79 years,1,"Asian, Asian British or Asian Welsh",3,"Level 3 qualifications: 2 or more A levels or VCEs, 4 or more AS levels, Higher School Certificate, Progression or Advanced Diploma, Welsh Baccalaureate Advance Diploma, NVQ level 3; Advanced GNVQ, City and Guilds Advanced Craft, ONC, OND, BTEC National, RSA Advanced Diploma",2,Male,1436
E92000001,England,15,Aged 75 to 79 years,1,"Asian, Asian British or Asian Welsh",4,"Level 4 qualifications or above: degree (BA, BSc), higher degree (MA, PhD, PGCE), NVQ level 4 to 5, HNC, HND, RSA Higher Diploma, BTEC Higher level, professional qualifications (for example, teaching, nursing, accountancy)",1,Female,7026
E92000001,England,15,Aged 75 to 79 years,1,"Asian, Asian British or Asian Welsh",4,"Level 4 qualifications or above: degree (BA, BSc), higher degree (MA, PhD, PGCE), NVQ level 4 to 5, HNC, HND, RSA Higher Diploma, BTEC Higher level, professional qualifications (for example, teaching, nursing, accountancy)",2,Male,9002
E92000001,England,15,Aged 75 to 79 years,1,"Asian, Asian British or Asian Welsh",5,"Other: apprenticeships, vocational or work-related qualifications, other qualifications achieved in England or Wales, qualifications achieved outside England or Wales (equivalent not stated or unknown)",1,Female,2464
E92000001,England,15,Aged 75 to 79 years,1,"Asian, Asian British or Asian Welsh",5,"Other: apprenticeships, vocational or work-related qualifications, other qualifications achieved in England or Wales, qualifications achieved outside England or Wales (equivalent not stated or unknown)",2,Male,2744
E92000001,England,15,Aged 75 to 79 years,2,"Black, Black British, Black Welsh, Caribbean or African",-8,Does not apply,1,Female,0
E92000001,England,15,Aged 75 to 79 years,2,"Black, Black British, Black Welsh, Caribbean or African",-8,Does not apply,2,Male,0
E92000001,England,15,Aged 75 to 79 years,2,"Black, Black British, Black Welsh, Caribbean or African",0,No qualifications,1,Female,6453
E92000001,England,15,Aged 75 to 79 years,2,"Black, Black British, Black Welsh, Caribbean or African",0,No qualifications,2,Male,3808
E92000001,England,15,Aged 75 to 79 years,2,"Black, Black British, Black Welsh, Caribbean or African",1,"Level 1 and entry level qualifications: 1 to 4 GCSEs grade A* to C, Any GCSEs at other grades, O levels or CSEs (any grades), 1 AS level, NVQ level 1, Foundation GNVQ, Basic or Essential Skills",1,Female,1650
E92000001,England,15,Aged 75 to 79 years,2,"Black, Black British, Black Welsh, Caribbean or African",1,"Level 1 and entry level qualifications: 1 to 4 GCSEs grade A* to C, Any GCSEs at other grades, O levels or CSEs (any grades), 1 AS level, NVQ level 1, Foundation GNVQ, Basic or Essential Skills",2,Male,678
E92000001,England,15,Aged 75 to 79 years,2,"Black, Black British, Black Welsh, Caribbean or African",2,"Level 2 qualifications: 5 or more GCSEs (A* to C or 9 to 4), O levels (passes), CSEs (grade 1), School Certification, 1 A level, 2 to 3 AS levels, VCEs, Intermediate or Higher Diploma, Welsh Baccalaureate Intermediate Diploma, NVQ level 2, Intermediate GNVQ, City and Guilds Craft, BTEC First or General Diploma, RSA Diploma",1,Female,966
E92000001,England,15,Aged 75 to 79 years,2,"Black, Black British, Black Welsh, Caribbean or African",2,"Level 2 qualifications: 5 or more GCSEs (A* to C or 9 to 4), O levels (passes), CSEs (grade 1), School Certification, 1 A level, 2 to 3 AS levels, VCEs, Intermediate or Higher Diploma, Welsh Baccalaureate Intermediate Diploma, NVQ level 2, Intermediate GNVQ, City and Guilds Craft, BTEC First or General Diploma, RSA Diploma",2,Male,422
E92000001,England,15,Aged 75 to 79 years,2,"Black, Black British, Black Welsh, Caribbean or African",3,"Level 3 qualifications: 2 or more A levels or VCEs, 4 or more AS levels, Higher School Certificate, Progression or Advanced Diploma, Welsh Baccalaureate Advance Diploma, NVQ level 3; Advanced GNVQ, City and Guilds Advanced Craft, ONC, OND, BTEC National, RSA Advanced Diploma",1,Female,952
E92000001,England,15,Aged 75 to 79 years,2,"Black, Black British, Black Welsh, Caribbean or African",3,"Level 3 qualifications: 2 or more A levels or VCEs, 4 or more AS levels, Higher School Certificate, Progression or Advanced Diploma, Welsh Baccalaureate Advance Diploma, NVQ level 3; Advanced GNVQ, City and Guilds Advanced Craft, ONC, OND, BTEC National, RSA Advanced Diploma",2,Male,635
E92000001,England,15,Aged 75 to 79 years,2,"Black, Black British, Black Welsh, Caribbean or African",4,"Level 4 qualifications or above: degree (BA, BSc), higher degree (MA, PhD, PGCE), NVQ level 4 to 5, HNC, HND, RSA Higher Diploma, BTEC Higher level, professional qualifications (for example, teaching, nursing, accountancy)",1,Female,4127
E92000001,England,15,Aged 75 to 79 years,2,"Black, Black British, Black Welsh, Caribbean or African",4,"Level 4 qualifications or above: degree (BA, BSc), higher degree (MA, PhD, PGCE), NVQ level 4 to 5, HNC, HND, RSA Higher Diploma, BTEC Higher level, professional qualifications (for example, teaching, nursing, accountancy)",2,Male,2490
E92000001,England,15,Aged 75 to 79 years,2,"Black, Black British, Black Welsh, Caribbean or African",5,"Other: apprenticeships, vocational or work-related qualifications, other qualifications achieved in England or Wales, qualifications achieved outside England or Wales (equivalent not stated or unknown)",1,Female,1749
E92000001,England,15,Aged 75 to 79 years,2,"Black, Black British, Black Welsh, Caribbean or African",5,"Other: apprenticeships, vocational or work-related qualifications, other qualifications achieved in England or Wales, qualifications achieved outside England or Wales (equivalent not stated or unknown)",2,Male,1496
E92000001,England,15,Aged 75 to 79 years,3,Mixed or Multiple ethnic groups,-8,Does not apply,1,Female,0
E92000001,England,15,Aged 75 to 79 years,3,Mixed or Multiple ethnic groups,-8,Does not apply,2,Male,0
E92000001,England,15,Aged 75 to 79 years,3,Mixed or Multiple ethnic groups,0,No qualifications,1,Female,1497
E92000001,England,15,Aged 75 to 79 years,3,Mixed or Multiple ethnic groups,0,No qualifications,2,Male,1047
E92000001,England,15,Aged 75 to 79 years,3,Mixed or Multiple ethnic groups,1,"Level 1 and entry level qualifications: 1 to 4 GCSEs grade A* to C, Any GCSEs at other grades, O levels or CSEs (any grades), 1 AS level, NVQ level 1, Foundation GNVQ, Basic or Essential Skills",1,Female,451
E92000001,England,15,Aged 75 to 79 years,3,Mixed or Multiple ethnic groups,1,"Level 1 and entry level qualifications: 1 to 4 GCSEs grade A* to C, Any GCSEs at other grades, O levels or CSEs (any grades), 1 AS level, NVQ level 1, Foundation GNVQ, Basic or Essential Skills",2,Male,229
E92000001,England,15,Aged 75 to 79 years,3,Mixed or Multiple ethnic groups,2,"Level 2 qualifications: 5 or more GCSEs (A* to C or 9 to 4), O levels (passes), CSEs (grade 1), School Certification, 1 A level, 2 to 3 AS levels, VCEs, Intermediate or Higher Diploma, Welsh Baccalaureate Intermediate Diploma, NVQ level 2, Intermediate GNVQ, City and Guilds Craft, BTEC First or General Diploma, RSA Diploma",1,Female,370
E92000001,England,15,Aged 75 to 79 years,3,Mixed or Multiple ethnic groups,2,"Level 2 qualifications: 5 or more GCSEs (A* to C or 9 to 4), O levels (passes), CSEs (grade 1), School Certification, 1 A level, 2 to 3 AS levels, VCEs, Intermediate or Higher Diploma, Welsh Baccalaureate Intermediate Diploma, NVQ level 2, Intermediate GNVQ, City and Guilds Craft, BTEC First or General Diploma, RSA Diploma",2,Male,178
E92000001,England,15,Aged 75 to 79 years,3,Mixed or Multiple ethnic groups,3,"Level 3 qualifications: 2 or more A levels or VCEs, 4 or more AS levels, Higher School Certificate, Progression or Advanced Diploma, Welsh Baccalaureate Advance Diploma, NVQ level 3; Advanced GNVQ, City and Guilds Advanced Craft, ONC, OND, BTEC National, RSA Advanced Diploma",1,Female,265
E92000001,England,15,Aged 75 to 79 years,3,Mixed or Multiple ethnic groups,3,"Level 3 qualifications: 2 or more A levels or VCEs, 4 or more AS levels, Higher School Certificate, Progression or Advanced Diploma, Welsh Baccalaureate Advance Diploma, NVQ level 3; Advanced GNVQ, City and Guilds Advanced Craft, ONC, OND, BTEC National, RSA Advanced Diploma",2,Male,281
E92000001,England,15,Aged 75 to 79 years,3,Mixed or Multiple ethnic groups,4,"Level 4 qualifications or above: degree (BA, BSc), higher degree (MA, PhD, PGCE), NVQ level 4 to 5, HNC, HND, RSA Higher Diploma, BTEC Higher level, professional qualifications (for example, teaching, nursing, accountancy)",1,Female,1144
E92000001,England,15,Aged 75 to 79 years,3,Mixed or Multiple ethnic groups,4,"Level 4 qualifications or above: degree (BA, BSc), higher degree (MA, PhD, PGCE), NVQ level 4 to 5, HNC, HND, RSA Higher Diploma, BTEC Higher level, professional qualifications (for example, teaching, nursing, accountancy)",2,Male,1006
E92000001,England,15,Aged 75 to 79 years,3,Mixed or Multiple ethnic groups,5,"Other: apprenticeships, vocational or work-related qualifications, other qualifications achieved in England or Wales, qualifications achieved outside England or Wales (equivalent not stated or unknown)",1,Female,411
E92000001,England,15,Aged 75 to 79 years,3,Mixed or Multiple ethnic groups,5,"Other: apprenticeships, vocational or work-related qualifications, other qualifications achieved in England or Wales, qualifications achieved outside England or Wales (equivalent not stated or unknown)",2,Male,605
E92000001,England,15,Aged 75 to 79 years,4,White,-8,Does not apply,1,Female,0
E92000001,England,15,Aged 75 to 79 years,4,White,-8,Does not apply,2,Male,0
E92000001,England,15,Aged 75 to 79 years,4,White,0,No qualifications,1,Female,464619
E92000001,England,15,Aged 75 to 79 years,4,White,0,No qualifications,2,Male,287879
E92000001,England,15,Aged 75 to 79 years,4,White,1,"Level 1 and entry level qualifications: 1 to 4 GCSEs grade A* to C, Any GCSEs at other grades, O levels or CSEs (any grades), 1 AS level, NVQ level 1, Foundation GNVQ, Basic or Essential Skills",1,Female,116277
E92000001,England,15,Aged 75 to 79 years,4,White,1,"Level 1 and entry level qualifications: 1 to 4 GCSEs grade A* to C, Any GCSEs at other grades, O levels or CSEs (any grades), 1 AS level, NVQ level 1, Foundation GNVQ, Basic or Essential Skills",2,Male,52814
E92000001,England,15,Aged 75 to 79 years,4,White,2,"Level 2 qualifications: 5 or more GCSEs (A* to C or 9 to 4), O levels (passes), CSEs (grade 1), School Certification, 1 A level, 2 to 3 AS levels, VCEs, Intermediate or Higher Diploma, Welsh Baccalaureate Intermediate Diploma, NVQ level 2, Intermediate GNVQ, City and Guilds Craft, BTEC First or General Diploma, RSA Diploma",1,Female,100281
E92000001,England,15,Aged 75 to 79 years,4,White,2,"Level 2 qualifications: 5 or more GCSEs (A* to C or 9 to 4), O levels (passes), CSEs (grade 1), School Certification, 1 A level, 2 to 3 AS levels, VCEs, Intermediate or Higher Diploma, Welsh Baccalaureate Intermediate Diploma, NVQ level 2, Intermediate GNVQ, City and Guilds Craft, BTEC First or General Diploma, RSA Diploma",2,Male,46536
E92000001,England,15,Aged 75 to 79 years,4,White,3,"Level 3 qualifications: 2 or more A levels or VCEs, 4 or more AS levels, Higher School Certificate, Progression or Advanced Diploma, Welsh Baccalaureate Advance Diploma, NVQ level 3; Advanced GNVQ, City and Guilds Advanced Craft, ONC, OND, BTEC National, RSA Advanced Diploma",1,Female,51430
E92000001,England,15,Aged 75 to 79 years,4,White,3,"Level 3 qualifications: 2 or more A levels or VCEs, 4 or more AS levels, Higher School Certificate, Progression or Advanced Diploma, Welsh Baccalaureate Advance Diploma, NVQ level 3; Advanced GNVQ, City and Guilds Advanced Craft, ONC, OND, BTEC National, RSA Advanced Diploma",2,Male,76104
E92000001,England,15,Aged 75 to 79 years,4,White,4,"Level 4 qualifications or above: degree (BA, BSc), higher degree (MA, PhD, PGCE), NVQ level 4 to 5, HNC, HND, RSA Higher Diploma, BTEC Higher level, professional qualifications (for example, teaching, nursing, accountancy)",1,Female,171734
E92000001,England,15,Aged 75 to 79 years,4,White,4,"Level 4 qualifications or above: degree (BA, BSc), higher degree (MA, PhD, PGCE), NVQ level 4 to 5, HNC, HND, RSA Higher Diploma, BTEC Higher level, professional qualifications (for example, teaching, nursing, accountancy)",2,Male,223322
E92000001,England,15,Aged 75 to 79 years,4,White,5,"Other: apprenticeships, vocational or work-related qualifications, other qualifications achieved in England or Wales, qualifications achieved outside England or Wales (equivalent not stated or unknown)",1,Female,104395
E92000001,England,15,Aged 75 to 79 years,4,White,5,"Other: apprenticeships, vocational or work-related qualifications, other qualifications achieved in England or Wales, qualifications achieved outside England or Wales (equivalent not stated or unknown)",2,Male,196501
E92000001,England,15,Aged 75 to 79 years,5,Other ethnic group,-8,Does not apply,1,Female,0
E92000001,England,15,Aged 75 to 79 years,5,Other ethnic group,-8,Does not apply,2,Male,0
E92000001,England,15,Aged 75 to 79 years,5,Other ethnic group,0,No qualifications,1,Female,3935
E92000001,England,15,Aged 75 to 79 years,5,Other ethnic group,0,No qualifications,2,Male,2688
E92000001,England,15,Aged 75 to 79 years,5,Other ethnic group,1,"Level 1 and entry level qualifications: 1 to 4 GCSEs grade A* to C, Any GCSEs at other grades, O levels or CSEs (any grades), 1 AS level, NVQ level 1, Foundation GNVQ, Basic or Essential Skills",1,Female,574
E92000001,England,15,Aged 75 to 79 years,5,Other ethnic group,1,"Level 1 and entry level qualifications: 1 to 4 GCSEs grade A* to C, Any GCSEs at other grades, O levels or CSEs (any grades), 1 AS level, NVQ level 1, Foundation GNVQ, Basic or Essential Skills",2,Male,428
E92000001,England,15,Aged 75 to 79 years,5,Other ethnic group,2,"Level 2 qualifications: 5 or more GCSEs (A* to C or 9 to 4), O levels (passes), CSEs (grade 1), School Certification, 1 A level, 2 to 3 AS levels, VCEs, Intermediate or Higher Diploma, Welsh Baccalaureate Intermediate Diploma, NVQ level 2, Intermediate GNVQ, City and Guilds Craft, BTEC First or General Diploma, RSA Diploma",1,Female,344
E92000001,England,15,Aged 75 to 79 years,5,Other ethnic group,2,"Level 2 qualifications: 5 or more GCSEs (A* to C or 9 to 4), O levels (passes), CSEs (grade 1), School Certification, 1 A level, 2 to 3 AS levels, VCEs, Intermediate or Higher Diploma, Welsh Baccalaureate Intermediate Diploma, NVQ level 2, Intermediate GNVQ, City and Guilds Craft, BTEC First or General Diploma, RSA Diploma",2,Male,227
E92000001,England,15,Aged 75 to 79 years,5,Other ethnic group,3,"Level 3 qualifications: 2 or more A levels or VCEs, 4 or more AS levels, Higher School Certificate, Progression or Advanced Diploma, Welsh Baccalaureate Advance Diploma, NVQ level 3; Advanced GNVQ, City and Guilds Advanced Craft, ONC, OND, BTEC National, RSA Advanced Diploma",1,Female,326
E92000001,England,15,Aged 75 to 79 years,5,Other ethnic group,3,"Level 3 qualifications: 2 or more A levels or VCEs, 4 or more AS levels, Higher School Certificate, Progression or Advanced Diploma, Welsh Baccalaureate Advance Diploma, NVQ level 3; Advanced GNVQ, City and Guilds Advanced Craft, ONC, OND, BTEC National, RSA Advanced Diploma",2,Male,339
E92000001,England,15,Aged 75 to 79 years,5,Other ethnic group,4,"Level 4 qualifications or above: degree (BA, BSc), higher degree (MA, PhD, PGCE), NVQ level 4 to 5, HNC, HND, RSA Higher Diploma, BTEC Higher level, professional qualifications (for example, teaching, nursing, accountancy)",1,Female,1652
E92000001,England,15,Aged 75 to 79 years,5,Other ethnic group,4,"Level 4 qualifications or above: degree (BA, BSc), higher degree (MA, PhD, PGCE), NVQ level 4 to 5, HNC, HND, RSA Higher Diploma, BTEC Higher level, professional qualifications (for example, teaching, nursing, accountancy)",2,Male,2555
E92000001,England,15,Aged 75 to 79 years,5,Other ethnic group,5,"Other: apprenticeships, vocational or work-related qualifications, other qualifications achieved in England or Wales, qualifications achieved outside England or Wales (equivalent not stated or unknown)",1,Female,567
E92000001,England,15,Aged 75 to 79 years,5,Other ethnic group,5,"Other: apprenticeships, vocational or work-related qualifications, other qualifications achieved in England or Wales, qualifications achieved outside England or Wales (equivalent not stated or unknown)",2,Male,675
E92000001,England,16,Aged 80 to 84 years,-8,Does not apply,-8,Does not apply,1,Female,0
E92000001,England,16,Aged 80 to 84 years,-8,Does not apply,-8,Does not apply,2,Male,0
E92000001,England,16,Aged 80 to 84 years,-8,Does not apply,0,No qualifications,1,Female,0
E92000001,England,16,Aged 80 to 84 years,-8,Does not apply,0,No qualifications,2,Male,0
E92000001,England,16,Aged 80 to 84 years,-8,Does not apply,1,"Level 1 and entry level qualifications: 1 to 4 GCSEs grade A* to C, Any GCSEs at other grades, O levels or CSEs (any grades), 1 AS level, NVQ level 1, Foundation GNVQ, Basic or Essential Skills",1,Female,0
E92000001,England,16,Aged 80 to 84 years,-8,Does not apply,1,"Level 1 and entry level qualifications: 1 to 4 GCSEs grade A* to C, Any GCSEs at other grades, O levels or CSEs (any grades), 1 AS level, NVQ level 1, Foundation GNVQ, Basic or Essential Skills",2,Male,0
E92000001,England,16,Aged 80 to 84 years,-8,Does not apply,2,"Level 2 qualifications: 5 or more GCSEs (A* to C or 9 to 4), O levels (passes), CSEs (grade 1), School Certification, 1 A level, 2 to 3 AS levels, VCEs, Intermediate or Higher Diploma, Welsh Baccalaureate Intermediate Diploma, NVQ level 2, Intermediate GNVQ, City and Guilds Craft, BTEC First or General Diploma, RSA Diploma",1,Female,0
E92000001,England,16,Aged 80 to 84 years,-8,Does not apply,2,"Level 2 qualifications: 5 or more GCSEs (A* to C or 9 to 4), O levels (passes), CSEs (grade 1), School Certification, 1 A level, 2 to 3 AS levels, VCEs, Intermediate or Higher Diploma, Welsh Baccalaureate Intermediate Diploma, NVQ level 2, Intermediate GNVQ, City and Guilds Craft, BTEC First or General Diploma, RSA Diploma",2,Male,0
E92000001,England,16,Aged 80 to 84 years,-8,Does not apply,3,"Level 3 qualifications: 2 or more A levels or VCEs, 4 or more AS levels, Higher School Certificate, Progression or Advanced Diploma, Welsh Baccalaureate Advance Diploma, NVQ level 3; Advanced GNVQ, City and Guilds Advanced Craft, ONC, OND, BTEC National, RSA Advanced Diploma",1,Female,0
E92000001,England,16,Aged 80 to 84 years,-8,Does not apply,3,"Level 3 qualifications: 2 or more A levels or VCEs, 4 or more AS levels, Higher School Certificate, Progression or Advanced Diploma, Welsh Baccalaureate Advance Diploma, NVQ level 3; Advanced GNVQ, City and Guilds Advanced Craft, ONC, OND, BTEC National, RSA Advanced Diploma",2,Male,0
E92000001,England,16,Aged 80 to 84 years,-8,Does not apply,4,"Level 4 qualifications or above: degree (BA, BSc), higher degree (MA, PhD, PGCE), NVQ level 4 to 5, HNC, HND, RSA Higher Diploma, BTEC Higher level, professional qualifications (for example, teaching, nursing, accountancy)",1,Female,0
E92000001,England,16,Aged 80 to 84 years,-8,Does not apply,4,"Level 4 qualifications or above: degree (BA, BSc), higher degree (MA, PhD, PGCE), NVQ level 4 to 5, HNC, HND, RSA Higher Diploma, BTEC Higher level, professional qualifications (for example, teaching, nursing, accountancy)",2,Male,0
E92000001,England,16,Aged 80 to 84 years,-8,Does not apply,5,"Other: apprenticeships, vocational or work-related qualifications, other qualifications achieved in England or Wales, qualifications achieved outside England or Wales (equivalent not stated or unknown)",1,Female,0
E92000001,England,16,Aged 80 to 84 years,-8,Does not apply,5,"Other: apprenticeships, vocational or work-related qualifications, other qualifications achieved in England or Wales, qualifications achieved outside England or Wales (equivalent not stated or unknown)",2,Male,0
E92000001,England,16,Aged 80 to 84 years,1,"Asian, Asian British or Asian Welsh",-8,Does not apply,1,Female,0
E92000001,England,16,Aged 80 to 84 years,1,"Asian, Asian British or Asian Welsh",-8,Does not apply,2,Male,0
E92000001,England,16,Aged 80 to 84 years,1,"Asian, Asian British or Asian Welsh",0,No qualifications,1,Female,17494
E92000001,England,16,Aged 80 to 84 years,1,"Asian, Asian British or Asian Welsh",0,No qualifications,2,Male,10688
E92000001,England,16,Aged 80 to 84 years,1,"Asian, Asian British or Asian Welsh",1,"Level 1 and entry level qualifications: 1 to 4 GCSEs grade A* to C, Any GCSEs at other grades, O levels or CSEs (any grades), 1 AS level, NVQ level 1, Foundation GNVQ, Basic or Essential Skills",1,Female,1699
E92000001,England,16,Aged 80 to 84 years,1,"Asian, Asian British or Asian Welsh",1,"Level 1 and entry level qualifications: 1 to 4 GCSEs grade A* to C, Any GCSEs at other grades, O levels or CSEs (any grades), 1 AS level, NVQ level 1, Foundation GNVQ, Basic or Essential Skills",2,Male,1646
E92000001,England,16,Aged 80 to 84 years,1,"Asian, Asian British or Asian Welsh",2,"Level 2 qualifications: 5 or more GCSEs (A* to C or 9 to 4), O levels (passes), CSEs (grade 1), School Certification, 1 A level, 2 to 3 AS levels, VCEs, Intermediate or Higher Diploma, Welsh Baccalaureate Intermediate Diploma, NVQ level 2, Intermediate GNVQ, City and Guilds Craft, BTEC First or General Diploma, RSA Diploma",1,Female,901
E92000001,England,16,Aged 80 to 84 years,1,"Asian, Asian British or Asian Welsh",2,"Level 2 qualifications: 5 or more GCSEs (A* to C or 9 to 4), O levels (passes), CSEs (grade 1), School Certification, 1 A level, 2 to 3 AS levels, VCEs, Intermediate or Higher Diploma, Welsh Baccalaureate Intermediate Diploma, NVQ level 2, Intermediate GNVQ, City and Guilds Craft, BTEC First or General Diploma, RSA Diploma",2,Male,929
E92000001,England,16,Aged 80 to 84 years,1,"Asian, Asian British or Asian Welsh",3,"Level 3 qualifications: 2 or more A levels or VCEs, 4 or more AS levels, Higher School Certificate, Progression or Advanced Diploma, Welsh Baccalaureate Advance Diploma, NVQ level 3; Advanced GNVQ, City and Guilds Advanced Craft, ONC, OND, BTEC National, RSA Advanced Diploma",1,Female,653
E92000001,England,16,Aged 80 to 84 years,1,"Asian, Asian British or Asian Welsh",3,"Level 3 qualifications: 2 or more A levels or VCEs, 4 or more AS levels, Higher School Certificate, Progression or Advanced Diploma, Welsh Baccalaureate Advance Diploma, NVQ level 3; Advanced GNVQ, City and Guilds Advanced Craft, ONC, OND, BTEC National, RSA Advanced Diploma",2,Male,1029
E92000001,England,16,Aged 80 to 84 years,1,"Asian, Asian British or Asian Welsh",4,"Level 4 qualifications or above: degree (BA, BSc), higher degree (MA, PhD, PGCE), NVQ level 4 to 5, HNC, HND, RSA Higher Diploma, BTEC Higher level, professional qualifications (for example, teaching, nursing, accountancy)",1,Female,3683
E92000001,England,16,Aged 80 to 84 years,1,"Asian, Asian British or Asian Welsh",4,"Level 4 qualifications or above: degree (BA, BSc), higher degree (MA, PhD, PGCE), NVQ level 4 to 5, HNC, HND, RSA Higher Diploma, BTEC Higher level, professional qualifications (for example, teaching, nursing, accountancy)",2,Male,6972
E92000001,England,16,Aged 80 to 84 years,1,"Asian, Asian British or Asian Welsh",5,"Other: apprenticeships, vocational or work-related qualifications, other qualifications achieved in England or Wales, qualifications achieved outside England or Wales (equivalent not stated or unknown)",1,Female,1535
E92000001,England,16,Aged 80 to 84 years,1,"Asian, Asian British or Asian Welsh",5,"Other: apprenticeships, vocational or work-related qualifications, other qualifications achieved in England or Wales, qualifications achieved outside England or Wales (equivalent not stated or unknown)",2,Male,2373
E92000001,England,16,Aged 80 to 84 years,2,"Black, Black British, Black Welsh, Caribbean or African",-8,Does not apply,1,Female,0
E92000001,England,16,Aged 80 to 84 years,2,"Black, Black British, Black Welsh, Caribbean or African",-8,Does not apply,2,Male,0
E92000001,England,16,Aged 80 to 84 years,2,"Black, Black British, Black Welsh, Caribbean or African",0,No qualifications,1,Female,7353
E92000001,England,16,Aged 80 to 84 years,2,"Black, Black British, Black Welsh, Caribbean or African",0,No qualifications,2,Male,4735
E92000001,England,16,Aged 80 to 84 years,2,"Black, Black British, Black Welsh, Caribbean or African",1,"Level 1 and entry level qualifications: 1 to 4 GCSEs grade A* to C, Any GCSEs at other grades, O levels or CSEs (any grades), 1 AS level, NVQ level 1, Foundation GNVQ, Basic or Essential Skills",1,Female,1403
E92000001,England,16,Aged 80 to 84 years,2,"Black, Black British, Black Welsh, Caribbean or African",1,"Level 1 and entry level qualifications: 1 to 4 GCSEs grade A* to C, Any GCSEs at other grades, O levels or CSEs (any grades), 1 AS level, NVQ level 1, Foundation GNVQ, Basic or Essential Skills",2,Male,705
E92000001,England,16,Aged 80 to 84 years,2,"Black, Black British, Black Welsh, Caribbean or African",2,"Level 2 qualifications: 5 or more GCSEs (A* to C or 9 to 4), O levels (passes), CSEs (grade 1), School Certification, 1 A level, 2 to 3 AS levels, VCEs, Intermediate or Higher Diploma, Welsh Baccalaureate Intermediate Diploma, NVQ level 2, Intermediate GNVQ, City and Guilds Craft, BTEC First or General Diploma, RSA Diploma",1,Female,655
E92000001,England,16,Aged 80 to 84 years,2,"Black, Black British, Black Welsh, Caribbean or African",2,"Level 2 qualifications: 5 or more GCSEs (A* to C or 9 to 4), O levels (passes), CSEs (grade 1), School Certification, 1 A level, 2 to 3 AS levels, VCEs, Intermediate or Higher Diploma, Welsh Baccalaureate Intermediate Diploma, NVQ level 2, Intermediate GNVQ, City and Guilds Craft, BTEC First or General Diploma, RSA Diploma",2,Male,333
E92000001,England,16,Aged 80 to 84 years,2,"Black, Black British, Black Welsh, Caribbean or African",3,"Level 3 qualifications: 2 or more A levels or VCEs, 4 or more AS levels, Higher School Certificate, Progression or Advanced Diploma, Welsh Baccalaureate Advance Diploma, NVQ level 3; Advanced GNVQ, City and Guilds Advanced Craft, ONC, OND, BTEC National, RSA Advanced Diploma",1,Female,556
E92000001,England,16,Aged 80 to 84 years,2,"Black, Black British, Black Welsh, Caribbean or African",3,"Level 3 qualifications: 2 or more A levels or VCEs, 4 or more AS levels, Higher School Certificate, Progression or Advanced Diploma, Welsh Baccalaureate Advance Diploma, NVQ level 3; Advanced GNVQ, City and Guilds Advanced Craft, ONC, OND, BTEC National, RSA Advanced Diploma",2,Male,585
E92000001,England,16,Aged 80 to 84 years,2,"Black, Black British, Black Welsh, Caribbean or African",4,"Level 4 qualifications or above: degree (BA, BSc), higher degree (MA, PhD, PGCE), NVQ level 4 to 5, HNC, HND, RSA Higher Diploma, BTEC Higher level, professional qualifications (for example, teaching, nursing, accountancy)",1,Female,2709
E92000001,England,16,Aged 80 to 84 years,2,"Black, Black British, Black Welsh, Caribbean or African",4,"Level 4 qualifications or above: degree (BA, BSc), higher degree (MA, PhD, PGCE), NVQ level 4 to 5, HNC, HND, RSA Higher Diploma, BTEC Higher level, professional qualifications (for example, teaching, nursing, accountancy)",2,Male,1960
E92000001,England,16,Aged 80 to 84 years,2,"Black, Black British, Black Welsh, Caribbean or African",5,"Other: apprenticeships, vocational or work-related qualifications, other qualifications achieved in England or Wales, qualifications achieved outside England or Wales (equivalent not stated or unknown)",1,Female,1605
E92000001,England,16,Aged 80 to 84 years,2,"Black, Black British, Black Welsh, Caribbean or African",5,"Other: apprenticeships, vocational or work-related qualifications, other qualifications achieved in England or Wales, qualifications achieved outside England or Wales (equivalent not stated or unknown)",2,Male,1827
E92000001,England,16,Aged 80 to 84 years,3,Mixed or Multiple ethnic groups,-8,Does not apply,1,Female,0
E92000001,England,16,Aged 80 to 84 years,3,Mixed or Multiple ethnic groups,-8,Does not apply,2,Male,0
E92000001,England,16,Aged 80 to 84 years,3,Mixed or Multiple ethnic groups,0,No qualifications,1,Female,1006
E92000001,England,16,Aged 80 to 84 years,3,Mixed or Multiple ethnic groups,0,No qualifications,2,Male,674
E92000001,England,16,Aged 80 to 84 years,3,Mixed or Multiple ethnic groups,1,"Level 1 and entry level qualifications: 1 to 4 GCSEs grade A* to C, Any GCSEs at other grades, O levels or CSEs (any grades), 1 AS level, NVQ level 1, Foundation GNVQ, Basic or Essential Skills",1,Female,226
E92000001,England,16,Aged 80 to 84 years,3,Mixed or Multiple ethnic groups,1,"Level 1 and entry level qualifications: 1 to 4 GCSEs grade A* to C, Any GCSEs at other grades, O levels or CSEs (any grades), 1 AS level, NVQ level 1, Foundation GNVQ, Basic or Essential Skills",2,Male,130
E92000001,England,16,Aged 80 to 84 years,3,Mixed or Multiple ethnic groups,2,"Level 2 qualifications: 5 or more GCSEs (A* to C or 9 to 4), O levels (passes), CSEs (grade 1), School Certification, 1 A level, 2 to 3 AS levels, VCEs, Intermediate or Higher Diploma, Welsh Baccalaureate Intermediate Diploma, NVQ level 2, Intermediate GNVQ, City and Guilds Craft, BTEC First or General Diploma, RSA Diploma",1,Female,231
E92000001,England,16,Aged 80 to 84 years,3,Mixed or Multiple ethnic groups,2,"Level 2 qualifications: 5 or more GCSEs (A* to C or 9 to 4), O levels (passes), CSEs (grade 1), School Certification, 1 A level, 2 to 3 AS levels, VCEs, Intermediate or Higher Diploma, Welsh Baccalaureate Intermediate Diploma, NVQ level 2, Intermediate GNVQ, City and Guilds Craft, BTEC First or General Diploma, RSA Diploma",2,Male,98
E92000001,England,16,Aged 80 to 84 years,3,Mixed or Multiple ethnic groups,3,"Level 3 qualifications: 2 or more A levels or VCEs, 4 or more AS levels, Higher School Certificate, Progression or Advanced Diploma, Welsh Baccalaureate Advance Diploma, NVQ level 3; Advanced GNVQ, City and Guilds Advanced Craft, ONC, OND, BTEC National, RSA Advanced Diploma",1,Female,142
E92000001,England,16,Aged 80 to 84 years,3,Mixed or Multiple ethnic groups,3,"Level 3 qualifications: 2 or more A levels or VCEs, 4 or more AS levels, Higher School Certificate, Progression or Advanced Diploma, Welsh Baccalaureate Advance Diploma, NVQ level 3; Advanced GNVQ, City and Guilds Advanced Craft, ONC, OND, BTEC National, RSA Advanced Diploma",2,Male,147
E92000001,England,16,Aged 80 to 84 years,3,Mixed or Multiple ethnic groups,4,"Level 4 qualifications or above: degree (BA, BSc), higher degree (MA, PhD, PGCE), NVQ level 4 to 5, HNC, HND, RSA Higher Diploma, BTEC Higher level, professional qualifications (for example, teaching, nursing, accountancy)",1,Female,554
E92000001,England,16,Aged 80 to 84 years,3,Mixed or Multiple ethnic groups,4,"Level 4 qualifications or above: degree (BA, BSc), higher degree (MA, PhD, PGCE), NVQ level 4 to 5, HNC, HND, RSA Higher Diploma, BTEC Higher level, professional qualifications (for example, teaching, nursing, accountancy)",2,Male,586
E92000001,England,16,Aged 80 to 84 years,3,Mixed or Multiple ethnic groups,5,"Other: apprenticeships, vocational or work-related qualifications, other qualifications achieved in England or Wales, qualifications achieved outside England or Wales (equivalent not stated or unknown)",1,Female,267
E92000001,England,16,Aged 80 to 84 years,3,Mixed or Multiple ethnic groups,5,"Other: apprenticeships, vocational or work-related qualifications, other qualifications achieved in England or Wales, qualifications achieved outside England or Wales (equivalent not stated or unknown)",2,Male,394
E92000001,England,16,Aged 80 to 84 years,4,White,-8,Does not apply,1,Female,0
E92000001,England,16,Aged 80 to 84 years,4,White,-8,Does not apply,2,Male,0
E92000001,England,16,Aged 80 to 84 years,4,White,0,No qualifications,1,Female,383541
E92000001,England,16,Aged 80 to 84 years,4,White,0,No qualifications,2,Male,198941
E92000001,England,16,Aged 80 to 84 years,4,White,1,"Level 1 and entry level qualifications: 1 to 4 GCSEs grade A* to C, Any GCSEs at other grades, O levels or CSEs (any grades), 1 AS level, NVQ level 1, Foundation GNVQ, Basic or Essential Skills",1,Female,71243
E92000001,England,16,Aged 80 to 84 years,4,White,1,"Level 1 and entry level qualifications: 1 to 4 GCSEs grade A* to C, Any GCSEs at other grades, O levels or CSEs (any grades), 1 AS level, NVQ level 1, Foundation GNVQ, Basic or Essential Skills",2,Male,29914
E92000001,England,16,Aged 80 to 84 years,4,White,2,"Level 2 qualifications: 5 or more GCSEs (A* to C or 9 to 4), O levels (passes), CSEs (grade 1), School Certification, 1 A level, 2 to 3 AS levels, VCEs, Intermediate or Higher Diploma, Welsh Baccalaureate Intermediate Diploma, NVQ level 2, Intermediate GNVQ, City and Guilds Craft, BTEC First or General Diploma, RSA Diploma",1,Female,61967
E92000001,England,16,Aged 80 to 84 years,4,White,2,"Level 2 qualifications: 5 or more GCSEs (A* to C or 9 to 4), O levels (passes), CSEs (grade 1), School Certification, 1 A level, 2 to 3 AS levels, VCEs, Intermediate or Higher Diploma, Welsh Baccalaureate Intermediate Diploma, NVQ level 2, Intermediate GNVQ, City and Guilds Craft, BTEC First or General Diploma, RSA Diploma",2,Male,26517
E92000001,England,16,Aged 80 to 84 years,4,White,3,"Level 3 qualifications: 2 or more A levels or VCEs, 4 or more AS levels, Higher School Certificate, Progression or Advanced Diploma, Welsh Baccalaureate Advance Diploma, NVQ level 3; Advanced GNVQ, City and Guilds Advanced Craft, ONC, OND, BTEC National, RSA Advanced Diploma",1,Female,27342
E92000001,England,16,Aged 80 to 84 years,4,White,3,"Level 3 qualifications: 2 or more A levels or VCEs, 4 or more AS levels, Higher School Certificate, Progression or Advanced Diploma, Welsh Baccalaureate Advance Diploma, NVQ level 3; Advanced GNVQ, City and Guilds Advanced Craft, ONC, OND, BTEC National, RSA Advanced Diploma",2,Male,41908
E92000001,England,16,Aged 80 to 84 years,4,White,4,"Level 4 qualifications or above: degree (BA, BSc), higher degree (MA, PhD, PGCE), NVQ level 4 to 5, HNC, HND, RSA Higher Diploma, BTEC Higher level, professional qualifications (for example, teaching, nursing, accountancy)",1,Female,103982
E92000001,England,16,Aged 80 to 84 years,4,White,4,"Level 4 qualifications or above: degree (BA, BSc), higher degree (MA, PhD, PGCE), NVQ level 4 to 5, HNC, HND, RSA Higher Diploma, BTEC Higher level, professional qualifications (for example, teaching, nursing, accountancy)",2,Male,131501
E92000001,England,16,Aged 80 to 84 years,4,White,5,"Other: apprenticeships, vocational or work-related qualifications, other qualifications achieved in England or Wales, qualifications achieved outside England or Wales (equivalent not stated or unknown)",1,Female,70094
E92000001,England,16,Aged 80 to 84 years,4,White,5,"Other: apprenticeships, vocational or work-related qualifications, other qualifications achieved in England or Wales, qualifications achieved outside England or Wales (equivalent not stated or unknown)",2,Male,142175
E92000001,England,16,Aged 80 to 84 years,5,Other ethnic group,-8,Does not apply,1,Female,0
E92000001,England,16,Aged 80 to 84 years,5,Other ethnic group,-8,Does not apply,2,Male,0
E92000001,England,16,Aged 80 to 84 years,5,Other ethnic group,0,No qualifications,1,Female,3079
E92000001,England,16,Aged 80 to 84 years,5,Other ethnic group,0,No qualifications,2,Male,1792
E92000001,England,16,Aged 80 to 84 years,5,Other ethnic group,1,"Level 1 and entry level qualifications: 1 to 4 GCSEs grade A* to C, Any GCSEs at other grades, O levels or CSEs (any grades), 1 AS level, NVQ level 1, Foundation GNVQ, Basic or Essential Skills",1,Female,353
E92000001,England,16,Aged 80 to 84 years,5,Other ethnic group,1,"Level 1 and entry level qualifications: 1 to 4 GCSEs grade A* to C, Any GCSEs at other grades, O levels or CSEs (any grades), 1 AS level, NVQ level 1, Foundation GNVQ, Basic or Essential Skills",2,Male,264
E92000001,England,16,Aged 80 to 84 years,5,Other ethnic group,2,"Level 2 qualifications: 5 or more GCSEs (A* to C or 9 to 4), O levels (passes), CSEs (grade 1), School Certification, 1 A level, 2 to 3 AS levels, VCEs, Intermediate or Higher Diploma, Welsh Baccalaureate Intermediate Diploma, NVQ level 2, Intermediate GNVQ, City and Guilds Craft, BTEC First or General Diploma, RSA Diploma",1,Female,169
E92000001,England,16,Aged 80 to 84 years,5,Other ethnic group,2,"Level 2 qualifications: 5 or more GCSEs (A* to C or 9 to 4), O levels (passes), CSEs (grade 1), School Certification, 1 A level, 2 to 3 AS levels, VCEs, Intermediate or Higher Diploma, Welsh Baccalaureate Intermediate Diploma, NVQ level 2, Intermediate GNVQ, City and Guilds Craft, BTEC First or General Diploma, RSA Diploma",2,Male,137
E92000001,England,16,Aged 80 to 84 years,5,Other ethnic group,3,"Level 3 qualifications: 2 or more A levels or VCEs, 4 or more AS levels, Higher School Certificate, Progression or Advanced Diploma, Welsh Baccalaureate Advance Diploma, NVQ level 3; Advanced GNVQ, City and Guilds Advanced Craft, ONC, OND, BTEC National, RSA Advanced Diploma",1,Female,177
E92000001,England,16,Aged 80 to 84 years,5,Other ethnic group,3,"Level 3 qualifications: 2 or more A levels or VCEs, 4 or more AS levels, Higher School Certificate, Progression or Advanced Diploma, Welsh Baccalaureate Advance Diploma, NVQ level 3; Advanced GNVQ, City and Guilds Advanced Craft, ONC, OND, BTEC National, RSA Advanced Diploma",2,Male,224
E92000001,England,16,Aged 80 to 84 years,5,Other ethnic group,4,"Level 4 qualifications or above: degree (BA, BSc), higher degree (MA, PhD, PGCE), NVQ level 4 to 5, HNC, HND, RSA Higher Diploma, BTEC Higher level, professional qualifications (for example, teaching, nursing, accountancy)",1,Female,791
E92000001,England,16,Aged 80 to 84 years,5,Other ethnic group,4,"Level 4 qualifications or above: degree (BA, BSc), higher degree (MA, PhD, PGCE), NVQ level 4 to 5, HNC, HND, RSA Higher Diploma, BTEC Higher level, professional qualifications (for example, teaching, nursing, accountancy)",2,Male,1327
E92000001,England,16,Aged 80 to 84 years,5,Other ethnic group,5,"Other: apprenticeships, vocational or work-related qualifications, other qualifications achieved in England or Wales, qualifications achieved outside England or Wales (equivalent not stated or unknown)",1,Female,396
E92000001,England,16,Aged 80 to 84 years,5,Other ethnic group,5,"Other: apprenticeships, vocational or work-related qualifications, other qualifications achieved in England or Wales, qualifications achieved outside England or Wales (equivalent not stated or unknown)",2,Male,483
E92000001,England,17,Aged 85 years and over,-8,Does not apply,-8,Does not apply,1,Female,0
E92000001,England,17,Aged 85 years and over,-8,Does not apply,-8,Does not apply,2,Male,0
E92000001,England,17,Aged 85 years and over,-8,Does not apply,0,No qualifications,1,Female,0
E92000001,England,17,Aged 85 years and over,-8,Does not apply,0,No qualifications,2,Male,0
E92000001,England,17,Aged 85 years and over,-8,Does not apply,1,"Level 1 and entry level qualifications: 1 to 4 GCSEs grade A* to C, Any GCSEs at other grades, O levels or CSEs (any grades), 1 AS level, NVQ level 1, Foundation GNVQ, Basic or Essential Skills",1,Female,0
E92000001,England,17,Aged 85 years and over,-8,Does not apply,1,"Level 1 and entry level qualifications: 1 to 4 GCSEs grade A* to C, Any GCSEs at other grades, O levels or CSEs (any grades), 1 AS level, NVQ level 1, Foundation GNVQ, Basic or Essential Skills",2,Male,0
E92000001,England,17,Aged 85 years and over,-8,Does not apply,2,"Level 2 qualifications: 5 or more GCSEs (A* to C or 9 to 4), O levels (passes), CSEs (grade 1), School Certification, 1 A level, 2 to 3 AS levels, VCEs, Intermediate or Higher Diploma, Welsh Baccalaureate Intermediate Diploma, NVQ level 2, Intermediate GNVQ, City and Guilds Craft, BTEC First or General Diploma, RSA Diploma",1,Female,0
E92000001,England,17,Aged 85 years and over,-8,Does not apply,2,"Level 2 qualifications: 5 or more GCSEs (A* to C or 9 to 4), O levels (passes), CSEs (grade 1), School Certification, 1 A level, 2 to 3 AS levels, VCEs, Intermediate or Higher Diploma, Welsh Baccalaureate Intermediate Diploma, NVQ level 2, Intermediate GNVQ, City and Guilds Craft, BTEC First or General Diploma, RSA Diploma",2,Male,0
E92000001,England,17,Aged 85 years and over,-8,Does not apply,3,"Level 3 qualifications: 2 or more A levels or VCEs, 4 or more AS levels, Higher School Certificate, Progression or Advanced Diploma, Welsh Baccalaureate Advance Diploma, NVQ level 3; Advanced GNVQ, City and Guilds Advanced Craft, ONC, OND, BTEC National, RSA Advanced Diploma",1,Female,0
E92000001,England,17,Aged 85 years and over,-8,Does not apply,3,"Level 3 qualifications: 2 or more A levels or VCEs, 4 or more AS levels, Higher School Certificate, Progression or Advanced Diploma, Welsh Baccalaureate Advance Diploma, NVQ level 3; Advanced GNVQ, City and Guilds Advanced Craft, ONC, OND, BTEC National, RSA Advanced Diploma",2,Male,0
E92000001,England,17,Aged 85 years and over,-8,Does not apply,4,"Level 4 qualifications or above: degree (BA, BSc), higher degree (MA, PhD, PGCE), NVQ level 4 to 5, HNC, HND, RSA Higher Diploma, BTEC Higher level, professional qualifications (for example, teaching, nursing, accountancy)",1,Female,0
E92000001,England,17,Aged 85 years and over,-8,Does not apply,4,"Level 4 qualifications or above: degree (BA, BSc), higher degree (MA, PhD, PGCE), NVQ level 4 to 5, HNC, HND, RSA Higher Diploma, BTEC Higher level, professional qualifications (for example, teaching, nursing, accountancy)",2,Male,0
E92000001,England,17,Aged 85 years and over,-8,Does not apply,5,"Other: apprenticeships, vocational or work-related qualifications, other qualifications achieved in England or Wales, qualifications achieved outside England or Wales (equivalent not stated or unknown)",1,Female,0
E92000001,England,17,Aged 85 years and over,-8,Does not apply,5,"Other: apprenticeships, vocational or work-related qualifications, other qualifications achieved in England or Wales, qualifications achieved outside England or Wales (equivalent not stated or unknown)",2,Male,0
E92000001,England,17,Aged 85 years and over,1,"Asian, Asian British or Asian Welsh",-8,Does not apply,1,Female,0
E92000001,England,17,Aged 85 years and over,1,"Asian, Asian British or Asian Welsh",-8,Does not apply,2,Male,0
E92000001,England,17,Aged 85 years and over,1,"Asian, Asian British or Asian Welsh",0,No qualifications,1,Female,15404
E92000001,England,17,Aged 85 years and over,1,"Asian, Asian British or Asian Welsh",0,No qualifications,2,Male,8418
E92000001,England,17,Aged 85 years and over,1,"Asian, Asian British or Asian Welsh",1,"Level 1 and entry level qualifications: 1 to 4 GCSEs grade A* to C, Any GCSEs at other grades, O levels or CSEs (any grades), 1 AS level, NVQ level 1, Foundation GNVQ, Basic or Essential Skills",1,Female,867
E92000001,England,17,Aged 85 years and over,1,"Asian, Asian British or Asian Welsh",1,"Level 1 and entry level qualifications: 1 to 4 GCSEs grade A* to C, Any GCSEs at other grades, O levels or CSEs (any grades), 1 AS level, NVQ level 1, Foundation GNVQ, Basic or Essential Skills",2,Male,965
E92000001,England,17,Aged 85 years and over,1,"Asian, Asian British or Asian Welsh",2,"Level 2 qualifications: 5 or more GCSEs (A* to C or 9 to 4), O levels (passes), CSEs (grade 1), School Certification, 1 A level, 2 to 3 AS levels, VCEs, Intermediate or Higher Diploma, Welsh Baccalaureate Intermediate Diploma, NVQ level 2, Intermediate GNVQ, City and Guilds Craft, BTEC First or General Diploma, RSA Diploma",1,Female,462
E92000001,England,17,Aged 85 years and over,1,"Asian, Asian British or Asian Welsh",2,"Level 2 qualifications: 5 or more GCSEs (A* to C or 9 to 4), O levels (passes), CSEs (grade 1), School Certification, 1 A level, 2 to 3 AS levels, VCEs, Intermediate or Higher Diploma, Welsh Baccalaureate Intermediate Diploma, NVQ level 2, Intermediate GNVQ, City and Guilds Craft, BTEC First or General Diploma, RSA Diploma",2,Male,514
E92000001,England,17,Aged 85 years and over,1,"Asian, Asian British or Asian Welsh",3,"Level 3 qualifications: 2 or more A levels or VCEs, 4 or more AS levels, Higher School Certificate, Progression or Advanced Diploma, Welsh Baccalaureate Advance Diploma, NVQ level 3; Advanced GNVQ, City and Guilds Advanced Craft, ONC, OND, BTEC National, RSA Advanced Diploma",1,Female,352
E92000001,England,17,Aged 85 years and over,1,"Asian, Asian British or Asian Welsh",3,"Level 3 qualifications: 2 or more A levels or VCEs, 4 or more AS levels, Higher School Certificate, Progression or Advanced Diploma, Welsh Baccalaureate Advance Diploma, NVQ level 3; Advanced GNVQ, City and Guilds Advanced Craft, ONC, OND, BTEC National, RSA Advanced Diploma",2,Male,656
E92000001,England,17,Aged 85 years and over,1,"Asian, Asian British or Asian Welsh",4,"Level 4 qualifications or above: degree (BA, BSc), higher degree (MA, PhD, PGCE), NVQ level 4 to 5, HNC, HND, RSA Higher Diploma, BTEC Higher level, professional qualifications (for example, teaching, nursing, accountancy)",1,Female,1717
E92000001,England,17,Aged 85 years and over,1,"Asian, Asian British or Asian Welsh",4,"Level 4 qualifications or above: degree (BA, BSc), higher degree (MA, PhD, PGCE), NVQ level 4 to 5, HNC, HND, RSA Higher Diploma, BTEC Higher level, professional qualifications (for example, teaching, nursing, accountancy)",2,Male,3958
E92000001,England,17,Aged 85 years and over,1,"Asian, Asian British or Asian Welsh",5,"Other: apprenticeships, vocational or work-related qualifications, other qualifications achieved in England or Wales, qualifications achieved outside England or Wales (equivalent not stated or unknown)",1,Female,852
E92000001,England,17,Aged 85 years and over,1,"Asian, Asian British or Asian Welsh",5,"Other: apprenticeships, vocational or work-related qualifications, other qualifications achieved in England or Wales, qualifications achieved outside England or Wales (equivalent not stated or unknown)",2,Male,1605
E92000001,England,17,Aged 85 years and over,2,"Black, Black British, Black Welsh, Caribbean or African",-8,Does not apply,1,Female,0
E92000001,England,17,Aged 85 years and over,2,"Black, Black British, Black Welsh, Caribbean or African",-8,Does not apply,2,Male,0
E92000001,England,17,Aged 85 years and over,2,"Black, Black British, Black Welsh, Caribbean or African",0,No qualifications,1,Female,6872
E92000001,England,17,Aged 85 years and over,2,"Black, Black British, Black Welsh, Caribbean or African",0,No qualifications,2,Male,4355
E92000001,England,17,Aged 85 years and over,2,"Black, Black British, Black Welsh, Caribbean or African",1,"Level 1 and entry level qualifications: 1 to 4 GCSEs grade A* to C, Any GCSEs at other grades, O levels or CSEs (any grades), 1 AS level, NVQ level 1, Foundation GNVQ, Basic or Essential Skills",1,Female,1089
E92000001,England,17,Aged 85 years and over,2,"Black, Black British, Black Welsh, Caribbean or African",1,"Level 1 and entry level qualifications: 1 to 4 GCSEs grade A* to C, Any GCSEs at other grades, O levels or CSEs (any grades), 1 AS level, NVQ level 1, Foundation GNVQ, Basic or Essential Skills",2,Male,509
E92000001,England,17,Aged 85 years and over,2,"Black, Black British, Black Welsh, Caribbean or African",2,"Level 2 qualifications: 5 or more GCSEs (A* to C or 9 to 4), O levels (passes), CSEs (grade 1), School Certification, 1 A level, 2 to 3 AS levels, VCEs, Intermediate or Higher Diploma, Welsh Baccalaureate Intermediate Diploma, NVQ level 2, Intermediate GNVQ, City and Guilds Craft, BTEC First or General Diploma, RSA Diploma",1,Female,345
E92000001,England,17,Aged 85 years and over,2,"Black, Black British, Black Welsh, Caribbean or African",2,"Level 2 qualifications: 5 or more GCSEs (A* to C or 9 to 4), O levels (passes), CSEs (grade 1), School Certification, 1 A level, 2 to 3 AS levels, VCEs, Intermediate or Higher Diploma, Welsh Baccalaureate Intermediate Diploma, NVQ level 2, Intermediate GNVQ, City and Guilds Craft, BTEC First or General Diploma, RSA Diploma",2,Male,213
E92000001,England,17,Aged 85 years and over,2,"Black, Black British, Black Welsh, Caribbean or African",3,"Level 3 qualifications: 2 or more A levels or VCEs, 4 or more AS levels, Higher School Certificate, Progression or Advanced Diploma, Welsh Baccalaureate Advance Diploma, NVQ level 3; Advanced GNVQ, City and Guilds Advanced Craft, ONC, OND, BTEC National, RSA Advanced Diploma",1,Female,367
E92000001,England,17,Aged 85 years and over,2,"Black, Black British, Black Welsh, Caribbean or African",3,"Level 3 qualifications: 2 or more A levels or VCEs, 4 or more AS levels, Higher School Certificate, Progression or Advanced Diploma, Welsh Baccalaureate Advance Diploma, NVQ level 3; Advanced GNVQ, City and Guilds Advanced Craft, ONC, OND, BTEC National, RSA Advanced Diploma",2,Male,331
E92000001,England,17,Aged 85 years and over,2,"Black, Black British, Black Welsh, Caribbean or African",4,"Level 4 qualifications or above: degree (BA, BSc), higher degree (MA, PhD, PGCE), NVQ level 4 to 5, HNC, HND, RSA Higher Diploma, BTEC Higher level, professional qualifications (for example, teaching, nursing, accountancy)",1,Female,1595
E92000001,England,17,Aged 85 years and over,2,"Black, Black British, Black Welsh, Caribbean or African",4,"Level 4 qualifications or above: degree (BA, BSc), higher degree (MA, PhD, PGCE), NVQ level 4 to 5, HNC, HND, RSA Higher Diploma, BTEC Higher level, professional qualifications (for example, teaching, nursing, accountancy)",2,Male,1086
E92000001,England,17,Aged 85 years and over,2,"Black, Black British, Black Welsh, Caribbean or African",5,"Other: apprenticeships, vocational or work-related qualifications, other qualifications achieved in England or Wales, qualifications achieved outside England or Wales (equivalent not stated or unknown)",1,Female,1338
E92000001,England,17,Aged 85 years and over,2,"Black, Black British, Black Welsh, Caribbean or African",5,"Other: apprenticeships, vocational or work-related qualifications, other qualifications achieved in England or Wales, qualifications achieved outside England or Wales (equivalent not stated or unknown)",2,Male,1410
E92000001,England,17,Aged 85 years and over,3,Mixed or Multiple ethnic groups,-8,Does not apply,1,Female,0
E92000001,England,17,Aged 85 years and over,3,Mixed or Multiple ethnic groups,-8,Does not apply,2,Male,0
E92000001,England,17,Aged 85 years and over,3,Mixed or Multiple ethnic groups,0,No qualifications,1,Female,1135
E92000001,England,17,Aged 85 years and over,3,Mixed or Multiple ethnic groups,0,No qualifications,2,Male,518
E92000001,England,17,Aged 85 years and over,3,Mixed or Multiple ethnic groups,1,"Level 1 and entry level qualifications: 1 to 4 GCSEs grade A* to C, Any GCSEs at other grades, O levels or CSEs (any grades), 1 AS level, NVQ level 1, Foundation GNVQ, Basic or Essential Skills",1,Female,226
E92000001,England,17,Aged 85 years and over,3,Mixed or Multiple ethnic groups,1,"Level 1 and entry level qualifications: 1 to 4 GCSEs grade A* to C, Any GCSEs at other grades, O levels or CSEs (any grades), 1 AS level, NVQ level 1, Foundation GNVQ, Basic or Essential Skills",2,Male,82
E92000001,England,17,Aged 85 years and over,3,Mixed or Multiple ethnic groups,2,"Level 2 qualifications: 5 or more GCSEs (A* to C or 9 to 4), O levels (passes), CSEs (grade 1), School Certification, 1 A level, 2 to 3 AS levels, VCEs, Intermediate or Higher Diploma, Welsh Baccalaureate Intermediate Diploma, NVQ level 2, Intermediate GNVQ, City and Guilds Craft, BTEC First or General Diploma, RSA Diploma",1,Female,180
E92000001,England,17,Aged 85 years and over,3,Mixed or Multiple ethnic groups,2,"Level 2 qualifications: 5 or more GCSEs (A* to C or 9 to 4), O levels (passes), CSEs (grade 1), School Certification, 1 A level, 2 to 3 AS levels, VCEs, Intermediate or Higher Diploma, Welsh Baccalaureate Intermediate Diploma, NVQ level 2, Intermediate GNVQ, City and Guilds Craft, BTEC First or General Diploma, RSA Diploma",2,Male,72
E92000001,England,17,Aged 85 years and over,3,Mixed or Multiple ethnic groups,3,"Level 3 qualifications: 2 or more A levels or VCEs, 4 or more AS levels, Higher School Certificate, Progression or Advanced Diploma, Welsh Baccalaureate Advance Diploma, NVQ level 3; Advanced GNVQ, City and Guilds Advanced Craft, ONC, OND, BTEC National, RSA Advanced Diploma",1,Female,122
E92000001,England,17,Aged 85 years and over,3,Mixed or Multiple ethnic groups,3,"Level 3 qualifications: 2 or more A levels or VCEs, 4 or more AS levels, Higher School Certificate, Progression or Advanced Diploma, Welsh Baccalaureate Advance Diploma, NVQ level 3; Advanced GNVQ, City and Guilds Advanced Craft, ONC, OND, BTEC National, RSA Advanced Diploma",2,Male,109
E92000001,England,17,Aged 85 years and over,3,Mixed or Multiple ethnic groups,4,"Level 4 qualifications or above: degree (BA, BSc), higher degree (MA, PhD, PGCE), NVQ level 4 to 5, HNC, HND, RSA Higher Diploma, BTEC Higher level, professional qualifications (for example, teaching, nursing, accountancy)",1,Female,506
E92000001,England,17,Aged 85 years and over,3,Mixed or Multiple ethnic groups,4,"Level 4 qualifications or above: degree (BA, BSc), higher degree (MA, PhD, PGCE), NVQ level 4 to 5, HNC, HND, RSA Higher Diploma, BTEC Higher level, professional qualifications (for example, teaching, nursing, accountancy)",2,Male,362
E92000001,England,17,Aged 85 years and over,3,Mixed or Multiple ethnic groups,5,"Other: apprenticeships, vocational or work-related qualifications, other qualifications achieved in England or Wales, qualifications achieved outside England or Wales (equivalent not stated or unknown)",1,Female,310
E92000001,England,17,Aged 85 years and over,3,Mixed or Multiple ethnic groups,5,"Other: apprenticeships, vocational or work-related qualifications, other qualifications achieved in England or Wales, qualifications achieved outside England or Wales (equivalent not stated or unknown)",2,Male,294
E92000001,England,17,Aged 85 years and over,4,White,-8,Does not apply,1,Female,0
E92000001,England,17,Aged 85 years and over,4,White,-8,Does not apply,2,Male,0
E92000001,England,17,Aged 85 years and over,4,White,0,No qualifications,1,Female,420755
E92000001,England,17,Aged 85 years and over,4,White,0,No qualifications,2,Male,172609
E92000001,England,17,Aged 85 years and over,4,White,1,"Level 1 and entry level qualifications: 1 to 4 GCSEs grade A* to C, Any GCSEs at other grades, O levels or CSEs (any grades), 1 AS level, NVQ level 1, Foundation GNVQ, Basic or Essential Skills",1,Female,46914
E92000001,England,17,Aged 85 years and over,4,White,1,"Level 1 and entry level qualifications: 1 to 4 GCSEs grade A* to C, Any GCSEs at other grades, O levels or CSEs (any grades), 1 AS level, NVQ level 1, Foundation GNVQ, Basic or Essential Skills",2,Male,17206
E92000001,England,17,Aged 85 years and over,4,White,2,"Level 2 qualifications: 5 or more GCSEs (A* to C or 9 to 4), O levels (passes), CSEs (grade 1), School Certification, 1 A level, 2 to 3 AS levels, VCEs, Intermediate or Higher Diploma, Welsh Baccalaureate Intermediate Diploma, NVQ level 2, Intermediate GNVQ, City and Guilds Craft, BTEC First or General Diploma, RSA Diploma",1,Female,47416
E92000001,England,17,Aged 85 years and over,4,White,2,"Level 2 qualifications: 5 or more GCSEs (A* to C or 9 to 4), O levels (passes), CSEs (grade 1), School Certification, 1 A level, 2 to 3 AS levels, VCEs, Intermediate or Higher Diploma, Welsh Baccalaureate Intermediate Diploma, NVQ level 2, Intermediate GNVQ, City and Guilds Craft, BTEC First or General Diploma, RSA Diploma",2,Male,19439
E92000001,England,17,Aged 85 years and over,4,White,3,"Level 3 qualifications: 2 or more A levels or VCEs, 4 or more AS levels, Higher School Certificate, Progression or Advanced Diploma, Welsh Baccalaureate Advance Diploma, NVQ level 3; Advanced GNVQ, City and Guilds Advanced Craft, ONC, OND, BTEC National, RSA Advanced Diploma",1,Female,22409
E92000001,England,17,Aged 85 years and over,4,White,3,"Level 3 qualifications: 2 or more A levels or VCEs, 4 or more AS levels, Higher School Certificate, Progression or Advanced Diploma, Welsh Baccalaureate Advance Diploma, NVQ level 3; Advanced GNVQ, City and Guilds Advanced Craft, ONC, OND, BTEC National, RSA Advanced Diploma",2,Male,27606
E92000001,England,17,Aged 85 years and over,4,White,4,"Level 4 qualifications or above: degree (BA, BSc), higher degree (MA, PhD, PGCE), NVQ level 4 to 5, HNC, HND, RSA Higher Diploma, BTEC Higher level, professional qualifications (for example, teaching, nursing, accountancy)",1,Female,84370
E92000001,England,17,Aged 85 years and over,4,White,4,"Level 4 qualifications or above: degree (BA, BSc), higher degree (MA, PhD, PGCE), NVQ level 4 to 5, HNC, HND, RSA Higher Diploma, BTEC Higher level, professional qualifications (for example, teaching, nursing, accountancy)",2,Male,96531
E92000001,England,17,Aged 85 years and over,4,White,5,"Other: apprenticeships, vocational or work-related qualifications, other qualifications achieved in England or Wales, qualifications achieved outside England or Wales (equivalent not stated or unknown)",1,Female,78693
E92000001,England,17,Aged 85 years and over,4,White,5,"Other: apprenticeships, vocational or work-related qualifications, other qualifications achieved in England or Wales, qualifications achieved outside England or Wales (equivalent not stated or unknown)",2,Male,116181
E92000001,England,17,Aged 85 years and over,5,Other ethnic group,-8,Does not apply,1,Female,0
E92000001,England,17,Aged 85 years and over,5,Other ethnic group,-8,Does not apply,2,Male,0
E92000001,England,17,Aged 85 years and over,5,Other ethnic group,0,No qualifications,1,Female,2997
E92000001,England,17,Aged 85 years and over,5,Other ethnic group,0,No qualifications,2,Male,1478
E92000001,England,17,Aged 85 years and over,5,Other ethnic group,1,"Level 1 and entry level qualifications: 1 to 4 GCSEs grade A* to C, Any GCSEs at other grades, O levels or CSEs (any grades), 1 AS level, NVQ level 1, Foundation GNVQ, Basic or Essential Skills",1,Female,239
E92000001,England,17,Aged 85 years and over,5,Other ethnic group,1,"Level 1 and entry level qualifications: 1 to 4 GCSEs grade A* to C, Any GCSEs at other grades, O levels or CSEs (any grades), 1 AS level, NVQ level 1, Foundation GNVQ, Basic or Essential Skills",2,Male,141
E92000001,England,17,Aged 85 years and over,5,Other ethnic group,2,"Level 2 qualifications: 5 or more GCSEs (A* to C or 9 to 4), O levels (passes), CSEs (grade 1), School Certification, 1 A level, 2 to 3 AS levels, VCEs, Intermediate or Higher Diploma, Welsh Baccalaureate Intermediate Diploma, NVQ level 2, Intermediate GNVQ, City and Guilds Craft, BTEC First or General Diploma, RSA Diploma",1,Female,136
E92000001,England,17,Aged 85 years and over,5,Other ethnic group,2,"Level 2 qualifications: 5 or more GCSEs (A* to C or 9 to 4), O levels (passes), CSEs (grade 1), School Certification, 1 A level, 2 to 3 AS levels, VCEs, Intermediate or Higher Diploma, Welsh Baccalaureate Intermediate Diploma, NVQ level 2, Intermediate GNVQ, City and Guilds Craft, BTEC First or General Diploma, RSA Diploma",2,Male,74
E92000001,England,17,Aged 85 years and over,5,Other ethnic group,3,"Level 3 qualifications: 2 or more A levels or VCEs, 4 or more AS levels, Higher School Certificate, Progression or Advanced Diploma, Welsh Baccalaureate Advance Diploma, NVQ level 3; Advanced GNVQ, City and Guilds Advanced Craft, ONC, OND, BTEC National, RSA Advanced Diploma",1,Female,127
E92000001,England,17,Aged 85 years and over,5,Other ethnic group,3,"Level 3 qualifications: 2 or more A levels or VCEs, 4 or more AS levels, Higher School Certificate, Progression or Advanced Diploma, Welsh Baccalaureate Advance Diploma, NVQ level 3; Advanced GNVQ, City and Guilds Advanced Craft, ONC, OND, BTEC National, RSA Advanced Diploma",2,Male,130
E92000001,England,17,Aged 85 years and over,5,Other ethnic group,4,"Level 4 qualifications or above: degree (BA, BSc), higher degree (MA, PhD, PGCE), NVQ level 4 to 5, HNC, HND, RSA Higher Diploma, BTEC Higher level, professional qualifications (for example, teaching, nursing, accountancy)",1,Female,500
E92000001,England,17,Aged 85 years and over,5,Other ethnic group,4,"Level 4 qualifications or above: degree (BA, BSc), higher degree (MA, PhD, PGCE), NVQ level 4 to 5, HNC, HND, RSA Higher Diploma, BTEC Higher level, professional qualifications (for example, teaching, nursing, accountancy)",2,Male,791
E92000001,England,17,Aged 85 years and over,5,Other ethnic group,5,"Other: apprenticeships, vocational or work-related qualifications, other qualifications achieved in England or Wales, qualifications achieved outside England or Wales (equivalent not stated or unknown)",1,Female,304
E92000001,England,17,Aged 85 years and over,5,Other ethnic group,5,"Other: apprenticeships, vocational or work-related qualifications, other qualifications achieved in England or Wales, qualifications achieved outside England or Wales (equivalent not stated or unknown)",2,Male,359
