Regions Code,Regions,Age (17 categories) Code,Age (17 categories),Ethnic group (6 categories) Code,Ethnic group (6 categories),Highest level of qualification (7 categories) Code,Highest level of qualification (7 categories),Sex (2 categories) Code,Sex (2 categories),Observation
E12000007,London,1,Aged 15 years and under,-8,Does not apply,-8,Does not apply,1,Female,0
E12000007,London,1,Aged 15 years and under,-8,Does not apply,-8,Does not apply,2,Male,0
E12000007,London,1,Aged 15 years and under,-8,Does not apply,0,No qualifications,1,Female,0
E12000007,London,1,Aged 15 years and under,-8,Does not apply,0,No qualifications,2,Male,0
E12000007,London,1,Aged 15 years and under,-8,Does not apply,1,"Level 1 and entry level qualifications: 1 to 4 GCSEs grade A* to C, Any GCSEs at other grades, O levels or CSEs (any grades), 1 AS level, NVQ level 1, Foundation GNVQ, Basic or Essential Skills",1,Female,0
E12000007,London,1,Aged 15 years and under,-8,Does not apply,1,"Level 1 and entry level qualifications: 1 to 4 GCSEs grade A* to C, Any GCSEs at other grades, O levels or CSEs (any grades), 1 AS level, NVQ level 1, Foundation GNVQ, Basic or Essential Skills",2,Male,0
E12000007,London,1,Aged 15 years and under,-8,Does not apply,2,"Level 2 qualifications: 5 or more GCSEs (A* to C or 9 to 4), O levels (passes), CSEs (grade 1), School Certification, 1 A level, 2 to 3 AS levels, VCEs, Intermediate or Higher Diploma, Welsh Baccalaureate Intermediate Diploma, NVQ level 2, Intermediate GNVQ, City and Guilds Craft, BTEC First or General Diploma, RSA Diploma",1,Female,0
E12000007,London,1,Aged 15 years and under,-8,Does not apply,2,"Level 2 qualifications: 5 or more GCSEs (A* to C or 9 to 4), O levels (passes), CSEs (grade 1), School Certification, 1 A level, 2 to 3 AS levels, VCEs, Intermediate or Higher Diploma, Welsh Baccalaureate Intermediate Diploma, NVQ level 2, Intermediate GNVQ, City and Guilds Craft, BTEC First or General Diploma, RSA Diploma",2,Male,0
E12000007,London,1,Aged 15 years and under,-8,Does not apply,3,"Level 3 qualifications: 2 or more A levels or VCEs, 4 or more AS levels, Higher School Certificate, Progression or Advanced Diploma, Welsh Baccalaureate Advance Diploma, NVQ level 3; Advanced GNVQ, City and Guilds Advanced Craft, ONC, OND, BTEC National, RSA Advanced Diploma",1,Female,0
E12000007,London,1,Aged 15 years and under,-8,Does not apply,3,"Level 3 qualifications: 2 or more A levels or VCEs, 4 or more AS levels, Higher School Certificate, Progression or Advanced Diploma, Welsh Baccalaureate Advance Diploma, NVQ level 3; Advanced GNVQ, City and Guilds Advanced Craft, ONC, OND, BTEC National, RSA Advanced Diploma",2,Male,0
E12000007,London,1,Aged 15 years and under,-8,Does not apply,4,"Level 4 qualifications or above: degree (BA, BSc), higher degree (MA, PhD, PGCE), NVQ level 4 to 5, HNC, HND, RSA Higher Diploma, BTEC Higher level, professional qualifications (for example, teaching, nursing, accountancy)",1,Female,0
E12000007,London,1,Aged 15 years and under,-8,Does not apply,4,"Level 4 qualifications or above: degree (BA, BSc), higher degree (MA, PhD, PGCE), NVQ level 4 to 5, HNC, HND, RSA Higher Diploma, BTEC Higher level, professional qualifications (for example, teaching, nursing, accountancy)",2,Male,0
E12000007,London,1,Aged 15 years and under,-8,Does not apply,5,"Other: apprenticeships, vocational or work-related qualifications, other qualifications achieved in England or Wales, qualifications achieved outside England or Wales (equivalent not stated or unknown)",1,Female,0
E12000007,London,1,Aged 15 years and under,-8,Does not apply,5,"Other: apprenticeships, vocational or work-related qualifications, other qualifications achieved in England or Wales, qualifications achieved outside England or Wales (equivalent not stated or unknown)",2,Male,0
E12000007,London,1,Aged 15 years and under,1,"Asian, Asian British or Asian Welsh",-8,Does not apply,1,Female,189946
E12000007,London,1,Aged 15 years and under,1,"Asian, Asian British or Asian Welsh",-8,Does not apply,2,Male,198885
E12000007,London,1,Aged 15 years and under,1,"Asian, Asian British or Asian Welsh",0,No qualifications,1,Female,0
E12000007,London,1,Aged 15 years and under,1,"Asian, Asian British or Asian Welsh",0,No qualifications,2,Male,0
E12000007,London,1,Aged 15 years and under,1,"Asian, Asian British or Asian Welsh",1,"Level 1 and entry level qualifications: 1 to 4 GCSEs grade A* to C, Any GCSEs at other grades, O levels or CSEs (any grades), 1 AS level, NVQ level 1, Foundation GNVQ, Basic or Essential Skills",1,Female,0
E12000007,London,1,Aged 15 years and under,1,"Asian, Asian British or Asian Welsh",1,"Level 1 and entry level qualifications: 1 to 4 GCSEs grade A* to C, Any GCSEs at other grades, O levels or CSEs (any grades), 1 AS level, NVQ level 1, Foundation GNVQ, Basic or Essential Skills",2,Male,0
E12000007,London,1,Aged 15 years and under,1,"Asian, Asian British or Asian Welsh",2,"Level 2 qualifications: 5 or more GCSEs (A* to C or 9 to 4), O levels (passes), CSEs (grade 1), School Certification, 1 A level, 2 to 3 AS levels, VCEs, Intermediate or Higher Diploma, Welsh Baccalaureate Intermediate Diploma, NVQ level 2, Intermediate GNVQ, City and Guilds Craft, BTEC First or General Diploma, RSA Diploma",1,Female,0
E12000007,London,1,Aged 15 years and under,1,"Asian, Asian British or Asian Welsh",2,"Level 2 qualifications: 5 or more GCSEs (A* to C or 9 to 4), O levels (passes), CSEs (grade 1), School Certification, 1 A level, 2 to 3 AS levels, VCEs, Intermediate or Higher Diploma, Welsh Baccalaureate Intermediate Diploma, NVQ level 2, Intermediate GNVQ, City and Guilds Craft, BTEC First or General Diploma, RSA Diploma",2,Male,0
E12000007,London,1,Aged 15 years and under,1,"Asian, Asian British or Asian Welsh",3,"Level 3 qualifications: 2 or more A levels or VCEs, 4 or more AS levels, Higher School Certificate, Progression or Advanced Diploma, Welsh Baccalaureate Advance Diploma, NVQ level 3; Advanced GNVQ, City and Guilds Advanced Craft, ONC, OND, BTEC National, RSA Advanced Diploma",1,Female,0
E12000007,London,1,Aged 15 years and under,1,"Asian, Asian British or Asian Welsh",3,"Level 3 qualifications: 2 or more A levels or VCEs, 4 or more AS levels, Higher School Certificate, Progression or Advanced Diploma, Welsh Baccalaureate Advance Diploma, NVQ level 3; Advanced GNVQ, City and Guilds Advanced Craft, ONC, OND, BTEC National, RSA Advanced Diploma",2,Male,0
E12000007,London,1,Aged 15 years and under,1,"Asian, Asian British or Asian Welsh",4,"Level 4 qualifications or above: degree (BA, BSc), higher degree (MA, PhD, PGCE), NVQ level 4 to 5, HNC, HND, RSA Higher Diploma, BTEC Higher level, professional qualifications (for example, teaching, nursing, accountancy)",1,Female,0
E12000007,London,1,Aged 15 years and under,1,"Asian, Asian British or Asian Welsh",4,"Level 4 qualifications or above: degree (BA, BSc), higher degree (MA, PhD, PGCE), NVQ level 4 to 5, HNC, HND, RSA Higher Diploma, BTEC Higher level, professional qualifications (for example, teaching, nursing, accountancy)",2,Male,0
E12000007,London,1,Aged 15 years and under,1,"Asian, Asian British or Asian Welsh",5,"Other: apprenticeships, vocational or work-related qualifications, other qualifications achieved in England or Wales, qualifications achieved outside England or Wales (equivalent not stated or unknown)",1,Female,0
E12000007,London,1,Aged 15 years and under,1,"Asian, Asian British or Asian Welsh",5,"Other: apprenticeships, vocational or work-related qualifications, other qualifications achieved in England or Wales, qualifications achieved outside England or Wales (equivalent not stated or unknown)",2,Male,0
E12000007,London,1,Aged 15 years and under,2,"Black, Black British, Black Welsh, Caribbean or African",-8,Does not apply,1,Female,138091
E12000007,London,1,Aged 15 years and under,2,"Black, Black British, Black Welsh, Caribbean or African",-8,Does not apply,2,Male,139374
E12000007,London,1,Aged 15 years and under,2,"Black, Black British, Black Welsh, Caribbean or African",0,No qualifications,1,Female,0
E12000007,London,1,Aged 15 years and under,2,"Black, Black British, Black Welsh, Caribbean or African",0,No qualifications,2,Male,0
E12000007,London,1,Aged 15 years and under,2,"Black, Black British, Black Welsh, Caribbean or African",1,"Level 1 and entry level qualifications: 1 to 4 GCSEs grade A* to C, Any GCSEs at other grades, O levels or CSEs (any grades), 1 AS level, NVQ level 1, Foundation GNVQ, Basic or Essential Skills",1,Female,0
E12000007,London,1,Aged 15 years and under,2,"Black, Black British, Black Welsh, Caribbean or African",1,"Level 1 and entry level qualifications: 1 to 4 GCSEs grade A* to C, Any GCSEs at other grades, O levels or CSEs (any grades), 1 AS level, NVQ level 1, Foundation GNVQ, Basic or Essential Skills",2,Male,0
E12000007,London,1,Aged 15 years and under,2,"Black, Black British, Black Welsh, Caribbean or African",2,"Level 2 qualifications: 5 or more GCSEs (A* to C or 9 to 4), O levels (passes), CSEs (grade 1), School Certification, 1 A level, 2 to 3 AS levels, VCEs, Intermediate or Higher Diploma, Welsh Baccalaureate Intermediate Diploma, NVQ level 2, Intermediate GNVQ, City and Guilds Craft, BTEC First or General Diploma, RSA Diploma",1,Female,0
E12000007,London,1,Aged 15 years and under,2,"Black, Black British, Black Welsh, Caribbean or African",2,"Level 2 qualifications: 5 or more GCSEs (A* to C or 9 to 4), O levels (passes), CSEs (grade 1), School Certification, 1 A level, 2 to 3 AS levels, VCEs, Intermediate or Higher Diploma, Welsh Baccalaureate Intermediate Diploma, NVQ level 2, Intermediate GNVQ, City and Guilds Craft, BTEC First or General Diploma, RSA Diploma",2,Male,0
E12000007,London,1,Aged 15 years and under,2,"Black, Black British, Black Welsh, Caribbean or African",3,"Level 3 qualifications: 2 or more A levels or VCEs, 4 or more AS levels, Higher School Certificate, Progression or Advanced Diploma, Welsh Baccalaureate Advance Diploma, NVQ level 3; Advanced GNVQ, City and Guilds Advanced Craft, ONC, OND, BTEC National, RSA Advanced Diploma",1,Female,0
E12000007,London,1,Aged 15 years and under,2,"Black, Black British, Black Welsh, Caribbean or African",3,"Level 3 qualifications: 2 or more A levels or VCEs, 4 or more AS levels, Higher School Certificate, Progression or Advanced Diploma, Welsh Baccalaureate Advance Diploma, NVQ level 3; Advanced GNVQ, City and Guilds Advanced Craft, ONC, OND, BTEC National, RSA Advanced Diploma",2,Male,0
E12000007,London,1,Aged 15 years and under,2,"Black, Black British, Black Welsh, Caribbean or African",4,"Level 4 qualifications or above: degree (BA, BSc), higher degree (MA, PhD, PGCE), NVQ level 4 to 5, HNC, HND, RSA Higher Diploma, BTEC Higher level, professional qualifications (for example, teaching, nursing, accountancy)",1,Female,0
E12000007,London,1,Aged 15 years and under,2,"Black, Black British, Black Welsh, Caribbean or African",4,"Level 4 qualifications or above: degree (BA, BSc), higher degree (MA, PhD, PGCE), NVQ level 4 to 5, HNC, HND, RSA Higher Diploma, BTEC Higher level, professional qualifications (for example, teaching, nursing, accountancy)",2,Male,0
E12000007,London,1,Aged 15 years and under,2,"Black, Black British, Black Welsh, Caribbean or African",5,"Other: apprenticeships, vocational or work-related qualifications, other qualifications achieved in England or Wales, qualifications achieved outside England or Wales (equivalent not stated or unknown)",1,Female,0
E12000007,London,1,Aged 15 years and under,2,"Black, Black British, Black Welsh, Caribbean or African",5,"Other: apprenticeships, vocational or work-related qualifications, other qualifications achieved in England or Wales, qualifications achieved outside England or Wales (equivalent not stated or unknown)",2,Male,0
E12000007,London,1,Aged 15 years and under,3,Mixed or Multiple ethnic groups,-8,Does not apply,1,Female,100239
E12000007,London,1,Aged 15 years and under,3,Mixed or Multiple ethnic groups,-8,Does not apply,2,Male,103150
E12000007,London,1,Aged 15 years and under,3,Mixed or Multiple ethnic groups,0,No qualifications,1,Female,0
E12000007,London,1,Aged 15 years and under,3,Mixed or Multiple ethnic groups,0,No qualifications,2,Male,0
E12000007,London,1,Aged 15 years and under,3,Mixed or Multiple ethnic groups,1,"Level 1 and entry level qualifications: 1 to 4 GCSEs grade A* to C, Any GCSEs at other grades, O levels or CSEs (any grades), 1 AS level, NVQ level 1, Foundation GNVQ, Basic or Essential Skills",1,Female,0
E12000007,London,1,Aged 15 years and under,3,Mixed or Multiple ethnic groups,1,"Level 1 and entry level qualifications: 1 to 4 GCSEs grade A* to C, Any GCSEs at other grades, O levels or CSEs (any grades), 1 AS level, NVQ level 1, Foundation GNVQ, Basic or Essential Skills",2,Male,0
E12000007,London,1,Aged 15 years and under,3,Mixed or Multiple ethnic groups,2,"Level 2 qualifications: 5 or more GCSEs (A* to C or 9 to 4), O levels (passes), CSEs (grade 1), School Certification, 1 A level, 2 to 3 AS levels, VCEs, Intermediate or Higher Diploma, Welsh Baccalaureate Intermediate Diploma, NVQ level 2, Intermediate GNVQ, City and Guilds Craft, BTEC First or General Diploma, RSA Diploma",1,Female,0
E12000007,London,1,Aged 15 years and under,3,Mixed or Multiple ethnic groups,2,"Level 2 qualifications: 5 or more GCSEs (A* to C or 9 to 4), O levels (passes), CSEs (grade 1), School Certification, 1 A level, 2 to 3 AS levels, VCEs, Intermediate or Higher Diploma, Welsh Baccalaureate Intermediate Diploma, NVQ level 2, Intermediate GNVQ, City and Guilds Craft, BTEC First or General Diploma, RSA Diploma",2,Male,0
E12000007,London,1,Aged 15 years and under,3,Mixed or Multiple ethnic groups,3,"Level 3 qualifications: 2 or more A levels or VCEs, 4 or more AS levels, Higher School Certificate, Progression or Advanced Diploma, Welsh Baccalaureate Advance Diploma, NVQ level 3; Advanced GNVQ, City and Guilds Advanced Craft, ONC, OND, BTEC National, RSA Advanced Diploma",1,Female,0
E12000007,London,1,Aged 15 years and under,3,Mixed or Multiple ethnic groups,3,"Level 3 qualifications: 2 or more A levels or VCEs, 4 or more AS levels, Higher School Certificate, Progression or Advanced Diploma, Welsh Baccalaureate Advance Diploma, NVQ level 3; Advanced GNVQ, City and Guilds Advanced Craft, ONC, OND, BTEC National, RSA Advanced Diploma",2,Male,0
E12000007,London,1,Aged 15 years and under,3,Mixed or Multiple ethnic groups,4,"Level 4 qualifications or above: degree (BA, BSc), higher degree (MA, PhD, PGCE), NVQ level 4 to 5, HNC, HND, RSA Higher Diploma, BTEC Higher level, professional qualifications (for example, teaching, nursing, accountancy)",1,Female,0
E12000007,London,1,Aged 15 years and under,3,Mixed or Multiple ethnic groups,4,"Level 4 qualifications or above: degree (BA, BSc), higher degree (MA, PhD, PGCE), NVQ level 4 to 5, HNC, HND, RSA Higher Diploma, BTEC Higher level, professional qualifications (for example, teaching, nursing, accountancy)",2,Male,0
E12000007,London,1,Aged 15 years and under,3,Mixed or Multiple ethnic groups,5,"Other: apprenticeships, vocational or work-related qualifications, other qualifications achieved in England or Wales, qualifications achieved outside England or Wales (equivalent not stated or unknown)",1,Female,0
E12000007,London,1,Aged 15 years and under,3,Mixed or Multiple ethnic groups,5,"Other: apprenticeships, vocational or work-related qualifications, other qualifications achieved in England or Wales, qualifications achieved outside England or Wales (equivalent not stated or unknown)",2,Male,0
E12000007,London,1,Aged 15 years and under,4,White,-8,Does not apply,1,Female,346100
E12000007,London,1,Aged 15 years and under,4,White,-8,Does not apply,2,Male,365295
E12000007,London,1,Aged 15 years and under,4,White,0,No qualifications,1,Female,0
E12000007,London,1,Aged 15 years and under,4,White,0,No qualifications,2,Male,0
E12000007,London,1,Aged 15 years and under,4,White,1,"Level 1 and entry level qualifications: 1 to 4 GCSEs grade A* to C, Any GCSEs at other grades, O levels or CSEs (any grades), 1 AS level, NVQ level 1, Foundation GNVQ, Basic or Essential Skills",1,Female,0
E12000007,London,1,Aged 15 years and under,4,White,1,"Level 1 and entry level qualifications: 1 to 4 GCSEs grade A* to C, Any GCSEs at other grades, O levels or CSEs (any grades), 1 AS level, NVQ level 1, Foundation GNVQ, Basic or Essential Skills",2,Male,0
E12000007,London,1,Aged 15 years and under,4,White,2,"Level 2 qualifications: 5 or more GCSEs (A* to C or 9 to 4), O levels (passes), CSEs (grade 1), School Certification, 1 A level, 2 to 3 AS levels, VCEs, Intermediate or Higher Diploma, Welsh Baccalaureate Intermediate Diploma, NVQ level 2, Intermediate GNVQ, City and Guilds Craft, BTEC First or General Diploma, RSA Diploma",1,Female,0
E12000007,London,1,Aged 15 years and under,4,White,2,"Level 2 qualifications: 5 or more GCSEs (A* to C or 9 to 4), O levels (passes), CSEs (grade 1), School Certification, 1 A level, 2 to 3 AS levels, VCEs, Intermediate or Higher Diploma, Welsh Baccalaureate Intermediate Diploma, NVQ level 2, Intermediate GNVQ, City and Guilds Craft, BTEC First or General Diploma, RSA Diploma",2,Male,0
E12000007,London,1,Aged 15 years and under,4,White,3,"Level 3 qualifications: 2 or more A levels or VCEs, 4 or more AS levels, Higher School Certificate, Progression or Advanced Diploma, Welsh Baccalaureate Advance Diploma, NVQ level 3; Advanced GNVQ, City and Guilds Advanced Craft, ONC, OND, BTEC National, RSA Advanced Diploma",1,Female,0
E12000007,London,1,Aged 15 years and under,4,White,3,"Level 3 qualifications: 2 or more A levels or VCEs, 4 or more AS levels, Higher School Certificate, Progression or Advanced Diploma, Welsh Baccalaureate Advance Diploma, NVQ level 3; Advanced GNVQ, City and Guilds Advanced Craft, ONC, OND, BTEC National, RSA Advanced Diploma",2,Male,0
E12000007,London,1,Aged 15 years and under,4,White,4,"Level 4 qualifications or above: degree (BA, BSc), higher degree (MA, PhD, PGCE), NVQ level 4 to 5, HNC, HND, RSA Higher Diploma, BTEC Higher level, professional qualifications (for example, teaching, nursing, accountancy)",1,Female,0
E12000007,London,1,Aged 15 years and under,4,White,4,"Level 4 qualifications or above: degree (BA, BSc), higher degree (MA, PhD, PGCE), NVQ level 4 to 5, HNC, HND, RSA Higher Diploma, BTEC Higher level, professional qualifications (for example, teaching, nursing, accountancy)",2,Male,0
E12000007,London,1,Aged 15 years and under,4,White,5,"Other: apprenticeships, vocational or work-related qualifications, other qualifications achieved in England or Wales, qualifications achieved outside England or Wales (equivalent not stated or unknown)",1,Female,0
E12000007,London,1,Aged 15 years and under,4,White,5,"Other: apprenticeships, vocational or work-related qualifications, other qualifications achieved in England or Wales, qualifications achieved outside England or Wales (equivalent not stated or unknown)",2,Male,0
E12000007,London,1,Aged 15 years and under,5,Other ethnic group,-8,Does not apply,1,Female,54929
E12000007,London,1,Aged 15 years and under,5,Other ethnic group,-8,Does not apply,2,Male,57601
E12000007,London,1,Aged 15 years and under,5,Other ethnic group,0,No qualifications,1,Female,0
E12000007,London,1,Aged 15 years and under,5,Other ethnic group,0,No qualifications,2,Male,0
E12000007,London,1,Aged 15 years and under,5,Other ethnic group,1,"Level 1 and entry level qualifications: 1 to 4 GCSEs grade A* to C, Any GCSEs at other grades, O levels or CSEs (any grades), 1 AS level, NVQ level 1, Foundation GNVQ, Basic or Essential Skills",1,Female,0
E12000007,London,1,Aged 15 years and under,5,Other ethnic group,1,"Level 1 and entry level qualifications: 1 to 4 GCSEs grade A* to C, Any GCSEs at other grades, O levels or CSEs (any grades), 1 AS level, NVQ level 1, Foundation GNVQ, Basic or Essential Skills",2,Male,0
E12000007,London,1,Aged 15 years and under,5,Other ethnic group,2,"Level 2 qualifications: 5 or more GCSEs (A* to C or 9 to 4), O levels (passes), CSEs (grade 1), School Certification, 1 A level, 2 to 3 AS levels, VCEs, Intermediate or Higher Diploma, Welsh Baccalaureate Intermediate Diploma, NVQ level 2, Intermediate GNVQ, City and Guilds Craft, BTEC First or General Diploma, RSA Diploma",1,Female,0
E12000007,London,1,Aged 15 years and under,5,Other ethnic group,2,"Level 2 qualifications: 5 or more GCSEs (A* to C or 9 to 4), O levels (passes), CSEs (grade 1), School Certification, 1 A level, 2 to 3 AS levels, VCEs, Intermediate or Higher Diploma, Welsh Baccalaureate Intermediate Diploma, NVQ level 2, Intermediate GNVQ, City and Guilds Craft, BTEC First or General Diploma, RSA Diploma",2,Male,0
E12000007,London,1,Aged 15 years and under,5,Other ethnic group,3,"Level 3 qualifications: 2 or more A levels or VCEs, 4 or more AS levels, Higher School Certificate, Progression or Advanced Diploma, Welsh Baccalaureate Advance Diploma, NVQ level 3; Advanced GNVQ, City and Guilds Advanced Craft, ONC, OND, BTEC National, RSA Advanced Diploma",1,Female,0
E12000007,London,1,Aged 15 years and under,5,Other ethnic group,3,"Level 3 qualifications: 2 or more A levels or VCEs, 4 or more AS levels, Higher School Certificate, Progression or Advanced Diploma, Welsh Baccalaureate Advance Diploma, NVQ level 3; Advanced GNVQ, City and Guilds Advanced Craft, ONC, OND, BTEC National, RSA Advanced Diploma",2,Male,0
E12000007,London,1,Aged 15 years and under,5,Other ethnic group,4,"Level 4 qualifications or above: degree (BA, BSc), higher degree (MA, PhD, PGCE), NVQ level 4 to 5, HNC, HND, RSA Higher Diploma, BTEC Higher level, professional qualifications (for example, teaching, nursing, accountancy)",1,Female,0
E12000007,London,1,Aged 15 years and under,5,Other ethnic group,4,"Level 4 qualifications or above: degree (BA, BSc), higher degree (MA, PhD, PGCE), NVQ level 4 to 5, HNC, HND, RSA Higher Diploma, BTEC Higher level, professional qualifications (for example, teaching, nursing, accountancy)",2,Male,0
E12000007,London,1,Aged 15 years and under,5,Other ethnic group,5,"Other: apprenticeships, vocational or work-related qualifications, other qualifications achieved in England or Wales, qualifications achieved outside England or Wales (equivalent not stated or unknown)",1,Female,0
E12000007,London,1,Aged 15 years and under,5,Other ethnic group,5,"Other: apprenticeships, vocational or work-related qualifications, other qualifications achieved in England or Wales, qualifications achieved outside England or Wales (equivalent not stated or unknown)",2,Male,0
E12000007,London,2,Aged 16 to 17 years,-8,Does not apply,-8,Does not apply,1,Female,0
E12000007,London,2,Aged 16 to 17 years,-8,Does not apply,-8,Does not apply,2,Male,0
E12000007,London,2,Aged 16 to 17 years,-8,Does not apply,0,No qualifications,1,Female,0
E12000007,London,2,Aged 16 to 17 years,-8,Does not apply,0,No qualifications,2,Male,0
E12000007,London,2,Aged 16 to 17 years,-8,Does not apply,1,"Level 1 and entry level qualifications: 1 to 4 GCSEs grade A* to C, Any GCSEs at other grades, O levels or CSEs (any grades), 1 AS level, NVQ level 1, Foundation GNVQ, Basic or Essential Skills",1,Female,0
E12000007,London,2,Aged 16 to 17 years,-8,Does not apply,1,"Level 1 and entry level qualifications: 1 to 4 GCSEs grade A* to C, Any GCSEs at other grades, O levels or CSEs (any grades), 1 AS level, NVQ level 1, Foundation GNVQ, Basic or Essential Skills",2,Male,0
E12000007,London,2,Aged 16 to 17 years,-8,Does not apply,2,"Level 2 qualifications: 5 or more GCSEs (A* to C or 9 to 4), O levels (passes), CSEs (grade 1), School Certification, 1 A level, 2 to 3 AS levels, VCEs, Intermediate or Higher Diploma, Welsh Baccalaureate Intermediate Diploma, NVQ level 2, Intermediate GNVQ, City and Guilds Craft, BTEC First or General Diploma, RSA Diploma",1,Female,0
E12000007,London,2,Aged 16 to 17 years,-8,Does not apply,2,"Level 2 qualifications: 5 or more GCSEs (A* to C or 9 to 4), O levels (passes), CSEs (grade 1), School Certification, 1 A level, 2 to 3 AS levels, VCEs, Intermediate or Higher Diploma, Welsh Baccalaureate Intermediate Diploma, NVQ level 2, Intermediate GNVQ, City and Guilds Craft, BTEC First or General Diploma, RSA Diploma",2,Male,0
E12000007,London,2,Aged 16 to 17 years,-8,Does not apply,3,"Level 3 qualifications: 2 or more A levels or VCEs, 4 or more AS levels, Higher School Certificate, Progression or Advanced Diploma, Welsh Baccalaureate Advance Diploma, NVQ level 3; Advanced GNVQ, City and Guilds Advanced Craft, ONC, OND, BTEC National, RSA Advanced Diploma",1,Female,0
E12000007,London,2,Aged 16 to 17 years,-8,Does not apply,3,"Level 3 qualifications: 2 or more A levels or VCEs, 4 or more AS levels, Higher School Certificate, Progression or Advanced Diploma, Welsh Baccalaureate Advance Diploma, NVQ level 3; Advanced GNVQ, City and Guilds Advanced Craft, ONC, OND, BTEC National, RSA Advanced Diploma",2,Male,0
E12000007,London,2,Aged 16 to 17 years,-8,Does not apply,4,"Level 4 qualifications or above: degree (BA, BSc), higher degree (MA, PhD, PGCE), NVQ level 4 to 5, HNC, HND, RSA Higher Diploma, BTEC Higher level, professional qualifications (for example, teaching, nursing, accountancy)",1,Female,0
E12000007,London,2,Aged 16 to 17 years,-8,Does not apply,4,"Level 4 qualifications or above: degree (BA, BSc), higher degree (MA, PhD, PGCE), NVQ level 4 to 5, HNC, HND, RSA Higher Diploma, BTEC Higher level, professional qualifications (for example, teaching, nursing, accountancy)",2,Male,0
E12000007,London,2,Aged 16 to 17 years,-8,Does not apply,5,"Other: apprenticeships, vocational or work-related qualifications, other qualifications achieved in England or Wales, qualifications achieved outside England or Wales (equivalent not stated or unknown)",1,Female,0
E12000007,London,2,Aged 16 to 17 years,-8,Does not apply,5,"Other: apprenticeships, vocational or work-related qualifications, other qualifications achieved in England or Wales, qualifications achieved outside England or Wales (equivalent not stated or unknown)",2,Male,0
E12000007,London,2,Aged 16 to 17 years,1,"Asian, Asian British or Asian Welsh",-8,Does not apply,1,Female,0
E12000007,London,2,Aged 16 to 17 years,1,"Asian, Asian British or Asian Welsh",-8,Does not apply,2,Male,0
E12000007,London,2,Aged 16 to 17 years,1,"Asian, Asian British or Asian Welsh",0,No qualifications,1,Female,4985
E12000007,London,2,Aged 16 to 17 years,1,"Asian, Asian British or Asian Welsh",0,No qualifications,2,Male,5536
E12000007,London,2,Aged 16 to 17 years,1,"Asian, Asian British or Asian Welsh",1,"Level 1 and entry level qualifications: 1 to 4 GCSEs grade A* to C, Any GCSEs at other grades, O levels or CSEs (any grades), 1 AS level, NVQ level 1, Foundation GNVQ, Basic or Essential Skills",1,Female,1485
E12000007,London,2,Aged 16 to 17 years,1,"Asian, Asian British or Asian Welsh",1,"Level 1 and entry level qualifications: 1 to 4 GCSEs grade A* to C, Any GCSEs at other grades, O levels or CSEs (any grades), 1 AS level, NVQ level 1, Foundation GNVQ, Basic or Essential Skills",2,Male,2048
E12000007,London,2,Aged 16 to 17 years,1,"Asian, Asian British or Asian Welsh",2,"Level 2 qualifications: 5 or more GCSEs (A* to C or 9 to 4), O levels (passes), CSEs (grade 1), School Certification, 1 A level, 2 to 3 AS levels, VCEs, Intermediate or Higher Diploma, Welsh Baccalaureate Intermediate Diploma, NVQ level 2, Intermediate GNVQ, City and Guilds Craft, BTEC First or General Diploma, RSA Diploma",1,Female,12780
E12000007,London,2,Aged 16 to 17 years,1,"Asian, Asian British or Asian Welsh",2,"Level 2 qualifications: 5 or more GCSEs (A* to C or 9 to 4), O levels (passes), CSEs (grade 1), School Certification, 1 A level, 2 to 3 AS levels, VCEs, Intermediate or Higher Diploma, Welsh Baccalaureate Intermediate Diploma, NVQ level 2, Intermediate GNVQ, City and Guilds Craft, BTEC First or General Diploma, RSA Diploma",2,Male,12657
E12000007,London,2,Aged 16 to 17 years,1,"Asian, Asian British or Asian Welsh",3,"Level 3 qualifications: 2 or more A levels or VCEs, 4 or more AS levels, Higher School Certificate, Progression or Advanced Diploma, Welsh Baccalaureate Advance Diploma, NVQ level 3; Advanced GNVQ, City and Guilds Advanced Craft, ONC, OND, BTEC National, RSA Advanced Diploma",1,Female,2038
E12000007,London,2,Aged 16 to 17 years,1,"Asian, Asian British or Asian Welsh",3,"Level 3 qualifications: 2 or more A levels or VCEs, 4 or more AS levels, Higher School Certificate, Progression or Advanced Diploma, Welsh Baccalaureate Advance Diploma, NVQ level 3; Advanced GNVQ, City and Guilds Advanced Craft, ONC, OND, BTEC National, RSA Advanced Diploma",2,Male,1863
E12000007,London,2,Aged 16 to 17 years,1,"Asian, Asian British or Asian Welsh",4,"Level 4 qualifications or above: degree (BA, BSc), higher degree (MA, PhD, PGCE), NVQ level 4 to 5, HNC, HND, RSA Higher Diploma, BTEC Higher level, professional qualifications (for example, teaching, nursing, accountancy)",1,Female,498
E12000007,London,2,Aged 16 to 17 years,1,"Asian, Asian British or Asian Welsh",4,"Level 4 qualifications or above: degree (BA, BSc), higher degree (MA, PhD, PGCE), NVQ level 4 to 5, HNC, HND, RSA Higher Diploma, BTEC Higher level, professional qualifications (for example, teaching, nursing, accountancy)",2,Male,520
E12000007,London,2,Aged 16 to 17 years,1,"Asian, Asian British or Asian Welsh",5,"Other: apprenticeships, vocational or work-related qualifications, other qualifications achieved in England or Wales, qualifications achieved outside England or Wales (equivalent not stated or unknown)",1,Female,883
E12000007,London,2,Aged 16 to 17 years,1,"Asian, Asian British or Asian Welsh",5,"Other: apprenticeships, vocational or work-related qualifications, other qualifications achieved in England or Wales, qualifications achieved outside England or Wales (equivalent not stated or unknown)",2,Male,950
E12000007,London,2,Aged 16 to 17 years,2,"Black, Black British, Black Welsh, Caribbean or African",-8,Does not apply,1,Female,0
E12000007,London,2,Aged 16 to 17 years,2,"Black, Black British, Black Welsh, Caribbean or African",-8,Does not apply,2,Male,0
E12000007,London,2,Aged 16 to 17 years,2,"Black, Black British, Black Welsh, Caribbean or African",0,No qualifications,1,Female,5036
E12000007,London,2,Aged 16 to 17 years,2,"Black, Black British, Black Welsh, Caribbean or African",0,No qualifications,2,Male,5866
E12000007,London,2,Aged 16 to 17 years,2,"Black, Black British, Black Welsh, Caribbean or African",1,"Level 1 and entry level qualifications: 1 to 4 GCSEs grade A* to C, Any GCSEs at other grades, O levels or CSEs (any grades), 1 AS level, NVQ level 1, Foundation GNVQ, Basic or Essential Skills",1,Female,1588
E12000007,London,2,Aged 16 to 17 years,2,"Black, Black British, Black Welsh, Caribbean or African",1,"Level 1 and entry level qualifications: 1 to 4 GCSEs grade A* to C, Any GCSEs at other grades, O levels or CSEs (any grades), 1 AS level, NVQ level 1, Foundation GNVQ, Basic or Essential Skills",2,Male,2568
E12000007,London,2,Aged 16 to 17 years,2,"Black, Black British, Black Welsh, Caribbean or African",2,"Level 2 qualifications: 5 or more GCSEs (A* to C or 9 to 4), O levels (passes), CSEs (grade 1), School Certification, 1 A level, 2 to 3 AS levels, VCEs, Intermediate or Higher Diploma, Welsh Baccalaureate Intermediate Diploma, NVQ level 2, Intermediate GNVQ, City and Guilds Craft, BTEC First or General Diploma, RSA Diploma",1,Female,11029
E12000007,London,2,Aged 16 to 17 years,2,"Black, Black British, Black Welsh, Caribbean or African",2,"Level 2 qualifications: 5 or more GCSEs (A* to C or 9 to 4), O levels (passes), CSEs (grade 1), School Certification, 1 A level, 2 to 3 AS levels, VCEs, Intermediate or Higher Diploma, Welsh Baccalaureate Intermediate Diploma, NVQ level 2, Intermediate GNVQ, City and Guilds Craft, BTEC First or General Diploma, RSA Diploma",2,Male,10056
E12000007,London,2,Aged 16 to 17 years,2,"Black, Black British, Black Welsh, Caribbean or African",3,"Level 3 qualifications: 2 or more A levels or VCEs, 4 or more AS levels, Higher School Certificate, Progression or Advanced Diploma, Welsh Baccalaureate Advance Diploma, NVQ level 3; Advanced GNVQ, City and Guilds Advanced Craft, ONC, OND, BTEC National, RSA Advanced Diploma",1,Female,1716
E12000007,London,2,Aged 16 to 17 years,2,"Black, Black British, Black Welsh, Caribbean or African",3,"Level 3 qualifications: 2 or more A levels or VCEs, 4 or more AS levels, Higher School Certificate, Progression or Advanced Diploma, Welsh Baccalaureate Advance Diploma, NVQ level 3; Advanced GNVQ, City and Guilds Advanced Craft, ONC, OND, BTEC National, RSA Advanced Diploma",2,Male,1409
E12000007,London,2,Aged 16 to 17 years,2,"Black, Black British, Black Welsh, Caribbean or African",4,"Level 4 qualifications or above: degree (BA, BSc), higher degree (MA, PhD, PGCE), NVQ level 4 to 5, HNC, HND, RSA Higher Diploma, BTEC Higher level, professional qualifications (for example, teaching, nursing, accountancy)",1,Female,661
E12000007,London,2,Aged 16 to 17 years,2,"Black, Black British, Black Welsh, Caribbean or African",4,"Level 4 qualifications or above: degree (BA, BSc), higher degree (MA, PhD, PGCE), NVQ level 4 to 5, HNC, HND, RSA Higher Diploma, BTEC Higher level, professional qualifications (for example, teaching, nursing, accountancy)",2,Male,633
E12000007,London,2,Aged 16 to 17 years,2,"Black, Black British, Black Welsh, Caribbean or African",5,"Other: apprenticeships, vocational or work-related qualifications, other qualifications achieved in England or Wales, qualifications achieved outside England or Wales (equivalent not stated or unknown)",1,Female,763
E12000007,London,2,Aged 16 to 17 years,2,"Black, Black British, Black Welsh, Caribbean or African",5,"Other: apprenticeships, vocational or work-related qualifications, other qualifications achieved in England or Wales, qualifications achieved outside England or Wales (equivalent not stated or unknown)",2,Male,811
E12000007,London,2,Aged 16 to 17 years,3,Mixed or Multiple ethnic groups,-8,Does not apply,1,Female,0
E12000007,London,2,Aged 16 to 17 years,3,Mixed or Multiple ethnic groups,-8,Does not apply,2,Male,0
E12000007,London,2,Aged 16 to 17 years,3,Mixed or Multiple ethnic groups,0,No qualifications,1,Female,2455
E12000007,London,2,Aged 16 to 17 years,3,Mixed or Multiple ethnic groups,0,No qualifications,2,Male,2699
E12000007,London,2,Aged 16 to 17 years,3,Mixed or Multiple ethnic groups,1,"Level 1 and entry level qualifications: 1 to 4 GCSEs grade A* to C, Any GCSEs at other grades, O levels or CSEs (any grades), 1 AS level, NVQ level 1, Foundation GNVQ, Basic or Essential Skills",1,Female,847
E12000007,London,2,Aged 16 to 17 years,3,Mixed or Multiple ethnic groups,1,"Level 1 and entry level qualifications: 1 to 4 GCSEs grade A* to C, Any GCSEs at other grades, O levels or CSEs (any grades), 1 AS level, NVQ level 1, Foundation GNVQ, Basic or Essential Skills",2,Male,1208
E12000007,London,2,Aged 16 to 17 years,3,Mixed or Multiple ethnic groups,2,"Level 2 qualifications: 5 or more GCSEs (A* to C or 9 to 4), O levels (passes), CSEs (grade 1), School Certification, 1 A level, 2 to 3 AS levels, VCEs, Intermediate or Higher Diploma, Welsh Baccalaureate Intermediate Diploma, NVQ level 2, Intermediate GNVQ, City and Guilds Craft, BTEC First or General Diploma, RSA Diploma",1,Female,4987
E12000007,London,2,Aged 16 to 17 years,3,Mixed or Multiple ethnic groups,2,"Level 2 qualifications: 5 or more GCSEs (A* to C or 9 to 4), O levels (passes), CSEs (grade 1), School Certification, 1 A level, 2 to 3 AS levels, VCEs, Intermediate or Higher Diploma, Welsh Baccalaureate Intermediate Diploma, NVQ level 2, Intermediate GNVQ, City and Guilds Craft, BTEC First or General Diploma, RSA Diploma",2,Male,4615
E12000007,London,2,Aged 16 to 17 years,3,Mixed or Multiple ethnic groups,3,"Level 3 qualifications: 2 or more A levels or VCEs, 4 or more AS levels, Higher School Certificate, Progression or Advanced Diploma, Welsh Baccalaureate Advance Diploma, NVQ level 3; Advanced GNVQ, City and Guilds Advanced Craft, ONC, OND, BTEC National, RSA Advanced Diploma",1,Female,457
E12000007,London,2,Aged 16 to 17 years,3,Mixed or Multiple ethnic groups,3,"Level 3 qualifications: 2 or more A levels or VCEs, 4 or more AS levels, Higher School Certificate, Progression or Advanced Diploma, Welsh Baccalaureate Advance Diploma, NVQ level 3; Advanced GNVQ, City and Guilds Advanced Craft, ONC, OND, BTEC National, RSA Advanced Diploma",2,Male,454
E12000007,London,2,Aged 16 to 17 years,3,Mixed or Multiple ethnic groups,4,"Level 4 qualifications or above: degree (BA, BSc), higher degree (MA, PhD, PGCE), NVQ level 4 to 5, HNC, HND, RSA Higher Diploma, BTEC Higher level, professional qualifications (for example, teaching, nursing, accountancy)",1,Female,190
E12000007,London,2,Aged 16 to 17 years,3,Mixed or Multiple ethnic groups,4,"Level 4 qualifications or above: degree (BA, BSc), higher degree (MA, PhD, PGCE), NVQ level 4 to 5, HNC, HND, RSA Higher Diploma, BTEC Higher level, professional qualifications (for example, teaching, nursing, accountancy)",2,Male,173
E12000007,London,2,Aged 16 to 17 years,3,Mixed or Multiple ethnic groups,5,"Other: apprenticeships, vocational or work-related qualifications, other qualifications achieved in England or Wales, qualifications achieved outside England or Wales (equivalent not stated or unknown)",1,Female,255
E12000007,London,2,Aged 16 to 17 years,3,Mixed or Multiple ethnic groups,5,"Other: apprenticeships, vocational or work-related qualifications, other qualifications achieved in England or Wales, qualifications achieved outside England or Wales (equivalent not stated or unknown)",2,Male,294
E12000007,London,2,Aged 16 to 17 years,4,White,-8,Does not apply,1,Female,0
E12000007,London,2,Aged 16 to 17 years,4,White,-8,Does not apply,2,Male,0
E12000007,London,2,Aged 16 to 17 years,4,White,0,No qualifications,1,Female,10123
E12000007,London,2,Aged 16 to 17 years,4,White,0,No qualifications,2,Male,11731
E12000007,London,2,Aged 16 to 17 years,4,White,1,"Level 1 and entry level qualifications: 1 to 4 GCSEs grade A* to C, Any GCSEs at other grades, O levels or CSEs (any grades), 1 AS level, NVQ level 1, Foundation GNVQ, Basic or Essential Skills",1,Female,3602
E12000007,London,2,Aged 16 to 17 years,4,White,1,"Level 1 and entry level qualifications: 1 to 4 GCSEs grade A* to C, Any GCSEs at other grades, O levels or CSEs (any grades), 1 AS level, NVQ level 1, Foundation GNVQ, Basic or Essential Skills",2,Male,4749
E12000007,London,2,Aged 16 to 17 years,4,White,2,"Level 2 qualifications: 5 or more GCSEs (A* to C or 9 to 4), O levels (passes), CSEs (grade 1), School Certification, 1 A level, 2 to 3 AS levels, VCEs, Intermediate or Higher Diploma, Welsh Baccalaureate Intermediate Diploma, NVQ level 2, Intermediate GNVQ, City and Guilds Craft, BTEC First or General Diploma, RSA Diploma",1,Female,20501
E12000007,London,2,Aged 16 to 17 years,4,White,2,"Level 2 qualifications: 5 or more GCSEs (A* to C or 9 to 4), O levels (passes), CSEs (grade 1), School Certification, 1 A level, 2 to 3 AS levels, VCEs, Intermediate or Higher Diploma, Welsh Baccalaureate Intermediate Diploma, NVQ level 2, Intermediate GNVQ, City and Guilds Craft, BTEC First or General Diploma, RSA Diploma",2,Male,19855
E12000007,London,2,Aged 16 to 17 years,4,White,3,"Level 3 qualifications: 2 or more A levels or VCEs, 4 or more AS levels, Higher School Certificate, Progression or Advanced Diploma, Welsh Baccalaureate Advance Diploma, NVQ level 3; Advanced GNVQ, City and Guilds Advanced Craft, ONC, OND, BTEC National, RSA Advanced Diploma",1,Female,1753
E12000007,London,2,Aged 16 to 17 years,4,White,3,"Level 3 qualifications: 2 or more A levels or VCEs, 4 or more AS levels, Higher School Certificate, Progression or Advanced Diploma, Welsh Baccalaureate Advance Diploma, NVQ level 3; Advanced GNVQ, City and Guilds Advanced Craft, ONC, OND, BTEC National, RSA Advanced Diploma",2,Male,1659
E12000007,London,2,Aged 16 to 17 years,4,White,4,"Level 4 qualifications or above: degree (BA, BSc), higher degree (MA, PhD, PGCE), NVQ level 4 to 5, HNC, HND, RSA Higher Diploma, BTEC Higher level, professional qualifications (for example, teaching, nursing, accountancy)",1,Female,971
E12000007,London,2,Aged 16 to 17 years,4,White,4,"Level 4 qualifications or above: degree (BA, BSc), higher degree (MA, PhD, PGCE), NVQ level 4 to 5, HNC, HND, RSA Higher Diploma, BTEC Higher level, professional qualifications (for example, teaching, nursing, accountancy)",2,Male,994
E12000007,London,2,Aged 16 to 17 years,4,White,5,"Other: apprenticeships, vocational or work-related qualifications, other qualifications achieved in England or Wales, qualifications achieved outside England or Wales (equivalent not stated or unknown)",1,Female,1143
E12000007,London,2,Aged 16 to 17 years,4,White,5,"Other: apprenticeships, vocational or work-related qualifications, other qualifications achieved in England or Wales, qualifications achieved outside England or Wales (equivalent not stated or unknown)",2,Male,1246
E12000007,London,2,Aged 16 to 17 years,5,Other ethnic group,-8,Does not apply,1,Female,0
E12000007,London,2,Aged 16 to 17 years,5,Other ethnic group,-8,Does not apply,2,Male,0
E12000007,London,2,Aged 16 to 17 years,5,Other ethnic group,0,No qualifications,1,Female,1700
E12000007,London,2,Aged 16 to 17 years,5,Other ethnic group,0,No qualifications,2,Male,1981
E12000007,London,2,Aged 16 to 17 years,5,Other ethnic group,1,"Level 1 and entry level qualifications: 1 to 4 GCSEs grade A* to C, Any GCSEs at other grades, O levels or CSEs (any grades), 1 AS level, NVQ level 1, Foundation GNVQ, Basic or Essential Skills",1,Female,692
E12000007,London,2,Aged 16 to 17 years,5,Other ethnic group,1,"Level 1 and entry level qualifications: 1 to 4 GCSEs grade A* to C, Any GCSEs at other grades, O levels or CSEs (any grades), 1 AS level, NVQ level 1, Foundation GNVQ, Basic or Essential Skills",2,Male,1024
E12000007,London,2,Aged 16 to 17 years,5,Other ethnic group,2,"Level 2 qualifications: 5 or more GCSEs (A* to C or 9 to 4), O levels (passes), CSEs (grade 1), School Certification, 1 A level, 2 to 3 AS levels, VCEs, Intermediate or Higher Diploma, Welsh Baccalaureate Intermediate Diploma, NVQ level 2, Intermediate GNVQ, City and Guilds Craft, BTEC First or General Diploma, RSA Diploma",1,Female,3844
E12000007,London,2,Aged 16 to 17 years,5,Other ethnic group,2,"Level 2 qualifications: 5 or more GCSEs (A* to C or 9 to 4), O levels (passes), CSEs (grade 1), School Certification, 1 A level, 2 to 3 AS levels, VCEs, Intermediate or Higher Diploma, Welsh Baccalaureate Intermediate Diploma, NVQ level 2, Intermediate GNVQ, City and Guilds Craft, BTEC First or General Diploma, RSA Diploma",2,Male,3609
E12000007,London,2,Aged 16 to 17 years,5,Other ethnic group,3,"Level 3 qualifications: 2 or more A levels or VCEs, 4 or more AS levels, Higher School Certificate, Progression or Advanced Diploma, Welsh Baccalaureate Advance Diploma, NVQ level 3; Advanced GNVQ, City and Guilds Advanced Craft, ONC, OND, BTEC National, RSA Advanced Diploma",1,Female,641
E12000007,London,2,Aged 16 to 17 years,5,Other ethnic group,3,"Level 3 qualifications: 2 or more A levels or VCEs, 4 or more AS levels, Higher School Certificate, Progression or Advanced Diploma, Welsh Baccalaureate Advance Diploma, NVQ level 3; Advanced GNVQ, City and Guilds Advanced Craft, ONC, OND, BTEC National, RSA Advanced Diploma",2,Male,614
E12000007,London,2,Aged 16 to 17 years,5,Other ethnic group,4,"Level 4 qualifications or above: degree (BA, BSc), higher degree (MA, PhD, PGCE), NVQ level 4 to 5, HNC, HND, RSA Higher Diploma, BTEC Higher level, professional qualifications (for example, teaching, nursing, accountancy)",1,Female,319
E12000007,London,2,Aged 16 to 17 years,5,Other ethnic group,4,"Level 4 qualifications or above: degree (BA, BSc), higher degree (MA, PhD, PGCE), NVQ level 4 to 5, HNC, HND, RSA Higher Diploma, BTEC Higher level, professional qualifications (for example, teaching, nursing, accountancy)",2,Male,330
E12000007,London,2,Aged 16 to 17 years,5,Other ethnic group,5,"Other: apprenticeships, vocational or work-related qualifications, other qualifications achieved in England or Wales, qualifications achieved outside England or Wales (equivalent not stated or unknown)",1,Female,357
E12000007,London,2,Aged 16 to 17 years,5,Other ethnic group,5,"Other: apprenticeships, vocational or work-related qualifications, other qualifications achieved in England or Wales, qualifications achieved outside England or Wales (equivalent not stated or unknown)",2,Male,361
E12000007,London,3,Aged 18 to 19 years,-8,Does not apply,-8,Does not apply,1,Female,0
E12000007,London,3,Aged 18 to 19 years,-8,Does not apply,-8,Does not apply,2,Male,0
E12000007,London,3,Aged 18 to 19 years,-8,Does not apply,0,No qualifications,1,Female,0
E12000007,London,3,Aged 18 to 19 years,-8,Does not apply,0,No qualifications,2,Male,0
E12000007,London,3,Aged 18 to 19 years,-8,Does not apply,1,"Level 1 and entry level qualifications: 1 to 4 GCSEs grade A* to C, Any GCSEs at other grades, O levels or CSEs (any grades), 1 AS level, NVQ level 1, Foundation GNVQ, Basic or Essential Skills",1,Female,0
E12000007,London,3,Aged 18 to 19 years,-8,Does not apply,1,"Level 1 and entry level qualifications: 1 to 4 GCSEs grade A* to C, Any GCSEs at other grades, O levels or CSEs (any grades), 1 AS level, NVQ level 1, Foundation GNVQ, Basic or Essential Skills",2,Male,0
E12000007,London,3,Aged 18 to 19 years,-8,Does not apply,2,"Level 2 qualifications: 5 or more GCSEs (A* to C or 9 to 4), O levels (passes), CSEs (grade 1), School Certification, 1 A level, 2 to 3 AS levels, VCEs, Intermediate or Higher Diploma, Welsh Baccalaureate Intermediate Diploma, NVQ level 2, Intermediate GNVQ, City and Guilds Craft, BTEC First or General Diploma, RSA Diploma",1,Female,0
E12000007,London,3,Aged 18 to 19 years,-8,Does not apply,2,"Level 2 qualifications: 5 or more GCSEs (A* to C or 9 to 4), O levels (passes), CSEs (grade 1), School Certification, 1 A level, 2 to 3 AS levels, VCEs, Intermediate or Higher Diploma, Welsh Baccalaureate Intermediate Diploma, NVQ level 2, Intermediate GNVQ, City and Guilds Craft, BTEC First or General Diploma, RSA Diploma",2,Male,0
E12000007,London,3,Aged 18 to 19 years,-8,Does not apply,3,"Level 3 qualifications: 2 or more A levels or VCEs, 4 or more AS levels, Higher School Certificate, Progression or Advanced Diploma, Welsh Baccalaureate Advance Diploma, NVQ level 3; Advanced GNVQ, City and Guilds Advanced Craft, ONC, OND, BTEC National, RSA Advanced Diploma",1,Female,0
E12000007,London,3,Aged 18 to 19 years,-8,Does not apply,3,"Level 3 qualifications: 2 or more A levels or VCEs, 4 or more AS levels, Higher School Certificate, Progression or Advanced Diploma, Welsh Baccalaureate Advance Diploma, NVQ level 3; Advanced GNVQ, City and Guilds Advanced Craft, ONC, OND, BTEC National, RSA Advanced Diploma",2,Male,0
E12000007,London,3,Aged 18 to 19 years,-8,Does not apply,4,"Level 4 qualifications or above: degree (BA, BSc), higher degree (MA, PhD, PGCE), NVQ level 4 to 5, HNC, HND, RSA Higher Diploma, BTEC Higher level, professional qualifications (for example, teaching, nursing, accountancy)",1,Female,0
E12000007,London,3,Aged 18 to 19 years,-8,Does not apply,4,"Level 4 qualifications or above: degree (BA, BSc), higher degree (MA, PhD, PGCE), NVQ level 4 to 5, HNC, HND, RSA Higher Diploma, BTEC Higher level, professional qualifications (for example, teaching, nursing, accountancy)",2,Male,0
E12000007,London,3,Aged 18 to 19 years,-8,Does not apply,5,"Other: apprenticeships, vocational or work-related qualifications, other qualifications achieved in England or Wales, qualifications achieved outside England or Wales (equivalent not stated or unknown)",1,Female,0
E12000007,London,3,Aged 18 to 19 years,-8,Does not apply,5,"Other: apprenticeships, vocational or work-related qualifications, other qualifications achieved in England or Wales, qualifications achieved outside England or Wales (equivalent not stated or unknown)",2,Male,0
E12000007,London,3,Aged 18 to 19 years,1,"Asian, Asian British or Asian Welsh",-8,Does not apply,1,Female,0
E12000007,London,3,Aged 18 to 19 years,1,"Asian, Asian British or Asian Welsh",-8,Does not apply,2,Male,0
E12000007,London,3,Aged 18 to 19 years,1,"Asian, Asian British or Asian Welsh",0,No qualifications,1,Female,493
E12000007,London,3,Aged 18 to 19 years,1,"Asian, Asian British or Asian Welsh",0,No qualifications,2,Male,867
E12000007,London,3,Aged 18 to 19 years,1,"Asian, Asian British or Asian Welsh",1,"Level 1 and entry level qualifications: 1 to 4 GCSEs grade A* to C, Any GCSEs at other grades, O levels or CSEs (any grades), 1 AS level, NVQ level 1, Foundation GNVQ, Basic or Essential Skills",1,Female,884
E12000007,London,3,Aged 18 to 19 years,1,"Asian, Asian British or Asian Welsh",1,"Level 1 and entry level qualifications: 1 to 4 GCSEs grade A* to C, Any GCSEs at other grades, O levels or CSEs (any grades), 1 AS level, NVQ level 1, Foundation GNVQ, Basic or Essential Skills",2,Male,1686
E12000007,London,3,Aged 18 to 19 years,1,"Asian, Asian British or Asian Welsh",2,"Level 2 qualifications: 5 or more GCSEs (A* to C or 9 to 4), O levels (passes), CSEs (grade 1), School Certification, 1 A level, 2 to 3 AS levels, VCEs, Intermediate or Higher Diploma, Welsh Baccalaureate Intermediate Diploma, NVQ level 2, Intermediate GNVQ, City and Guilds Craft, BTEC First or General Diploma, RSA Diploma",1,Female,5954
E12000007,London,3,Aged 18 to 19 years,1,"Asian, Asian British or Asian Welsh",2,"Level 2 qualifications: 5 or more GCSEs (A* to C or 9 to 4), O levels (passes), CSEs (grade 1), School Certification, 1 A level, 2 to 3 AS levels, VCEs, Intermediate or Higher Diploma, Welsh Baccalaureate Intermediate Diploma, NVQ level 2, Intermediate GNVQ, City and Guilds Craft, BTEC First or General Diploma, RSA Diploma",2,Male,6573
E12000007,London,3,Aged 18 to 19 years,1,"Asian, Asian British or Asian Welsh",3,"Level 3 qualifications: 2 or more A levels or VCEs, 4 or more AS levels, Higher School Certificate, Progression or Advanced Diploma, Welsh Baccalaureate Advance Diploma, NVQ level 3; Advanced GNVQ, City and Guilds Advanced Craft, ONC, OND, BTEC National, RSA Advanced Diploma",1,Female,9917
E12000007,London,3,Aged 18 to 19 years,1,"Asian, Asian British or Asian Welsh",3,"Level 3 qualifications: 2 or more A levels or VCEs, 4 or more AS levels, Higher School Certificate, Progression or Advanced Diploma, Welsh Baccalaureate Advance Diploma, NVQ level 3; Advanced GNVQ, City and Guilds Advanced Craft, ONC, OND, BTEC National, RSA Advanced Diploma",2,Male,9375
E12000007,London,3,Aged 18 to 19 years,1,"Asian, Asian British or Asian Welsh",4,"Level 4 qualifications or above: degree (BA, BSc), higher degree (MA, PhD, PGCE), NVQ level 4 to 5, HNC, HND, RSA Higher Diploma, BTEC Higher level, professional qualifications (for example, teaching, nursing, accountancy)",1,Female,1556
E12000007,London,3,Aged 18 to 19 years,1,"Asian, Asian British or Asian Welsh",4,"Level 4 qualifications or above: degree (BA, BSc), higher degree (MA, PhD, PGCE), NVQ level 4 to 5, HNC, HND, RSA Higher Diploma, BTEC Higher level, professional qualifications (for example, teaching, nursing, accountancy)",2,Male,1519
E12000007,London,3,Aged 18 to 19 years,1,"Asian, Asian British or Asian Welsh",5,"Other: apprenticeships, vocational or work-related qualifications, other qualifications achieved in England or Wales, qualifications achieved outside England or Wales (equivalent not stated or unknown)",1,Female,472
E12000007,London,3,Aged 18 to 19 years,1,"Asian, Asian British or Asian Welsh",5,"Other: apprenticeships, vocational or work-related qualifications, other qualifications achieved in England or Wales, qualifications achieved outside England or Wales (equivalent not stated or unknown)",2,Male,622
E12000007,London,3,Aged 18 to 19 years,2,"Black, Black British, Black Welsh, Caribbean or African",-8,Does not apply,1,Female,0
E12000007,London,3,Aged 18 to 19 years,2,"Black, Black British, Black Welsh, Caribbean or African",-8,Does not apply,2,Male,0
E12000007,London,3,Aged 18 to 19 years,2,"Black, Black British, Black Welsh, Caribbean or African",0,No qualifications,1,Female,663
E12000007,London,3,Aged 18 to 19 years,2,"Black, Black British, Black Welsh, Caribbean or African",0,No qualifications,2,Male,1362
E12000007,London,3,Aged 18 to 19 years,2,"Black, Black British, Black Welsh, Caribbean or African",1,"Level 1 and entry level qualifications: 1 to 4 GCSEs grade A* to C, Any GCSEs at other grades, O levels or CSEs (any grades), 1 AS level, NVQ level 1, Foundation GNVQ, Basic or Essential Skills",1,Female,1146
E12000007,London,3,Aged 18 to 19 years,2,"Black, Black British, Black Welsh, Caribbean or African",1,"Level 1 and entry level qualifications: 1 to 4 GCSEs grade A* to C, Any GCSEs at other grades, O levels or CSEs (any grades), 1 AS level, NVQ level 1, Foundation GNVQ, Basic or Essential Skills",2,Male,2413
E12000007,London,3,Aged 18 to 19 years,2,"Black, Black British, Black Welsh, Caribbean or African",2,"Level 2 qualifications: 5 or more GCSEs (A* to C or 9 to 4), O levels (passes), CSEs (grade 1), School Certification, 1 A level, 2 to 3 AS levels, VCEs, Intermediate or Higher Diploma, Welsh Baccalaureate Intermediate Diploma, NVQ level 2, Intermediate GNVQ, City and Guilds Craft, BTEC First or General Diploma, RSA Diploma",1,Female,5773
E12000007,London,3,Aged 18 to 19 years,2,"Black, Black British, Black Welsh, Caribbean or African",2,"Level 2 qualifications: 5 or more GCSEs (A* to C or 9 to 4), O levels (passes), CSEs (grade 1), School Certification, 1 A level, 2 to 3 AS levels, VCEs, Intermediate or Higher Diploma, Welsh Baccalaureate Intermediate Diploma, NVQ level 2, Intermediate GNVQ, City and Guilds Craft, BTEC First or General Diploma, RSA Diploma",2,Male,6141
E12000007,London,3,Aged 18 to 19 years,2,"Black, Black British, Black Welsh, Caribbean or African",3,"Level 3 qualifications: 2 or more A levels or VCEs, 4 or more AS levels, Higher School Certificate, Progression or Advanced Diploma, Welsh Baccalaureate Advance Diploma, NVQ level 3; Advanced GNVQ, City and Guilds Advanced Craft, ONC, OND, BTEC National, RSA Advanced Diploma",1,Female,6742
E12000007,London,3,Aged 18 to 19 years,2,"Black, Black British, Black Welsh, Caribbean or African",3,"Level 3 qualifications: 2 or more A levels or VCEs, 4 or more AS levels, Higher School Certificate, Progression or Advanced Diploma, Welsh Baccalaureate Advance Diploma, NVQ level 3; Advanced GNVQ, City and Guilds Advanced Craft, ONC, OND, BTEC National, RSA Advanced Diploma",2,Male,5583
E12000007,London,3,Aged 18 to 19 years,2,"Black, Black British, Black Welsh, Caribbean or African",4,"Level 4 qualifications or above: degree (BA, BSc), higher degree (MA, PhD, PGCE), NVQ level 4 to 5, HNC, HND, RSA Higher Diploma, BTEC Higher level, professional qualifications (for example, teaching, nursing, accountancy)",1,Female,1473
E12000007,London,3,Aged 18 to 19 years,2,"Black, Black British, Black Welsh, Caribbean or African",4,"Level 4 qualifications or above: degree (BA, BSc), higher degree (MA, PhD, PGCE), NVQ level 4 to 5, HNC, HND, RSA Higher Diploma, BTEC Higher level, professional qualifications (for example, teaching, nursing, accountancy)",2,Male,1498
E12000007,London,3,Aged 18 to 19 years,2,"Black, Black British, Black Welsh, Caribbean or African",5,"Other: apprenticeships, vocational or work-related qualifications, other qualifications achieved in England or Wales, qualifications achieved outside England or Wales (equivalent not stated or unknown)",1,Female,435
E12000007,London,3,Aged 18 to 19 years,2,"Black, Black British, Black Welsh, Caribbean or African",5,"Other: apprenticeships, vocational or work-related qualifications, other qualifications achieved in England or Wales, qualifications achieved outside England or Wales (equivalent not stated or unknown)",2,Male,694
E12000007,London,3,Aged 18 to 19 years,3,Mixed or Multiple ethnic groups,-8,Does not apply,1,Female,0
E12000007,London,3,Aged 18 to 19 years,3,Mixed or Multiple ethnic groups,-8,Does not apply,2,Male,0
E12000007,London,3,Aged 18 to 19 years,3,Mixed or Multiple ethnic groups,0,No qualifications,1,Female,344
E12000007,London,3,Aged 18 to 19 years,3,Mixed or Multiple ethnic groups,0,No qualifications,2,Male,522
E12000007,London,3,Aged 18 to 19 years,3,Mixed or Multiple ethnic groups,1,"Level 1 and entry level qualifications: 1 to 4 GCSEs grade A* to C, Any GCSEs at other grades, O levels or CSEs (any grades), 1 AS level, NVQ level 1, Foundation GNVQ, Basic or Essential Skills",1,Female,617
E12000007,London,3,Aged 18 to 19 years,3,Mixed or Multiple ethnic groups,1,"Level 1 and entry level qualifications: 1 to 4 GCSEs grade A* to C, Any GCSEs at other grades, O levels or CSEs (any grades), 1 AS level, NVQ level 1, Foundation GNVQ, Basic or Essential Skills",2,Male,966
E12000007,London,3,Aged 18 to 19 years,3,Mixed or Multiple ethnic groups,2,"Level 2 qualifications: 5 or more GCSEs (A* to C or 9 to 4), O levels (passes), CSEs (grade 1), School Certification, 1 A level, 2 to 3 AS levels, VCEs, Intermediate or Higher Diploma, Welsh Baccalaureate Intermediate Diploma, NVQ level 2, Intermediate GNVQ, City and Guilds Craft, BTEC First or General Diploma, RSA Diploma",1,Female,2466
E12000007,London,3,Aged 18 to 19 years,3,Mixed or Multiple ethnic groups,2,"Level 2 qualifications: 5 or more GCSEs (A* to C or 9 to 4), O levels (passes), CSEs (grade 1), School Certification, 1 A level, 2 to 3 AS levels, VCEs, Intermediate or Higher Diploma, Welsh Baccalaureate Intermediate Diploma, NVQ level 2, Intermediate GNVQ, City and Guilds Craft, BTEC First or General Diploma, RSA Diploma",2,Male,2624
E12000007,London,3,Aged 18 to 19 years,3,Mixed or Multiple ethnic groups,3,"Level 3 qualifications: 2 or more A levels or VCEs, 4 or more AS levels, Higher School Certificate, Progression or Advanced Diploma, Welsh Baccalaureate Advance Diploma, NVQ level 3; Advanced GNVQ, City and Guilds Advanced Craft, ONC, OND, BTEC National, RSA Advanced Diploma",1,Female,2817
E12000007,London,3,Aged 18 to 19 years,3,Mixed or Multiple ethnic groups,3,"Level 3 qualifications: 2 or more A levels or VCEs, 4 or more AS levels, Higher School Certificate, Progression or Advanced Diploma, Welsh Baccalaureate Advance Diploma, NVQ level 3; Advanced GNVQ, City and Guilds Advanced Craft, ONC, OND, BTEC National, RSA Advanced Diploma",2,Male,2453
E12000007,London,3,Aged 18 to 19 years,3,Mixed or Multiple ethnic groups,4,"Level 4 qualifications or above: degree (BA, BSc), higher degree (MA, PhD, PGCE), NVQ level 4 to 5, HNC, HND, RSA Higher Diploma, BTEC Higher level, professional qualifications (for example, teaching, nursing, accountancy)",1,Female,532
E12000007,London,3,Aged 18 to 19 years,3,Mixed or Multiple ethnic groups,4,"Level 4 qualifications or above: degree (BA, BSc), higher degree (MA, PhD, PGCE), NVQ level 4 to 5, HNC, HND, RSA Higher Diploma, BTEC Higher level, professional qualifications (for example, teaching, nursing, accountancy)",2,Male,432
E12000007,London,3,Aged 18 to 19 years,3,Mixed or Multiple ethnic groups,5,"Other: apprenticeships, vocational or work-related qualifications, other qualifications achieved in England or Wales, qualifications achieved outside England or Wales (equivalent not stated or unknown)",1,Female,262
E12000007,London,3,Aged 18 to 19 years,3,Mixed or Multiple ethnic groups,5,"Other: apprenticeships, vocational or work-related qualifications, other qualifications achieved in England or Wales, qualifications achieved outside England or Wales (equivalent not stated or unknown)",2,Male,294
E12000007,London,3,Aged 18 to 19 years,4,White,-8,Does not apply,1,Female,0
E12000007,London,3,Aged 18 to 19 years,4,White,-8,Does not apply,2,Male,0
E12000007,London,3,Aged 18 to 19 years,4,White,0,No qualifications,1,Female,2143
E12000007,London,3,Aged 18 to 19 years,4,White,0,No qualifications,2,Male,3122
E12000007,London,3,Aged 18 to 19 years,4,White,1,"Level 1 and entry level qualifications: 1 to 4 GCSEs grade A* to C, Any GCSEs at other grades, O levels or CSEs (any grades), 1 AS level, NVQ level 1, Foundation GNVQ, Basic or Essential Skills",1,Female,2722
E12000007,London,3,Aged 18 to 19 years,4,White,1,"Level 1 and entry level qualifications: 1 to 4 GCSEs grade A* to C, Any GCSEs at other grades, O levels or CSEs (any grades), 1 AS level, NVQ level 1, Foundation GNVQ, Basic or Essential Skills",2,Male,4192
E12000007,London,3,Aged 18 to 19 years,4,White,2,"Level 2 qualifications: 5 or more GCSEs (A* to C or 9 to 4), O levels (passes), CSEs (grade 1), School Certification, 1 A level, 2 to 3 AS levels, VCEs, Intermediate or Higher Diploma, Welsh Baccalaureate Intermediate Diploma, NVQ level 2, Intermediate GNVQ, City and Guilds Craft, BTEC First or General Diploma, RSA Diploma",1,Female,10411
E12000007,London,3,Aged 18 to 19 years,4,White,2,"Level 2 qualifications: 5 or more GCSEs (A* to C or 9 to 4), O levels (passes), CSEs (grade 1), School Certification, 1 A level, 2 to 3 AS levels, VCEs, Intermediate or Higher Diploma, Welsh Baccalaureate Intermediate Diploma, NVQ level 2, Intermediate GNVQ, City and Guilds Craft, BTEC First or General Diploma, RSA Diploma",2,Male,10972
E12000007,London,3,Aged 18 to 19 years,4,White,3,"Level 3 qualifications: 2 or more A levels or VCEs, 4 or more AS levels, Higher School Certificate, Progression or Advanced Diploma, Welsh Baccalaureate Advance Diploma, NVQ level 3; Advanced GNVQ, City and Guilds Advanced Craft, ONC, OND, BTEC National, RSA Advanced Diploma",1,Female,12621
E12000007,London,3,Aged 18 to 19 years,4,White,3,"Level 3 qualifications: 2 or more A levels or VCEs, 4 or more AS levels, Higher School Certificate, Progression or Advanced Diploma, Welsh Baccalaureate Advance Diploma, NVQ level 3; Advanced GNVQ, City and Guilds Advanced Craft, ONC, OND, BTEC National, RSA Advanced Diploma",2,Male,10925
E12000007,London,3,Aged 18 to 19 years,4,White,4,"Level 4 qualifications or above: degree (BA, BSc), higher degree (MA, PhD, PGCE), NVQ level 4 to 5, HNC, HND, RSA Higher Diploma, BTEC Higher level, professional qualifications (for example, teaching, nursing, accountancy)",1,Female,2478
E12000007,London,3,Aged 18 to 19 years,4,White,4,"Level 4 qualifications or above: degree (BA, BSc), higher degree (MA, PhD, PGCE), NVQ level 4 to 5, HNC, HND, RSA Higher Diploma, BTEC Higher level, professional qualifications (for example, teaching, nursing, accountancy)",2,Male,2310
E12000007,London,3,Aged 18 to 19 years,4,White,5,"Other: apprenticeships, vocational or work-related qualifications, other qualifications achieved in England or Wales, qualifications achieved outside England or Wales (equivalent not stated or unknown)",1,Female,1564
E12000007,London,3,Aged 18 to 19 years,4,White,5,"Other: apprenticeships, vocational or work-related qualifications, other qualifications achieved in England or Wales, qualifications achieved outside England or Wales (equivalent not stated or unknown)",2,Male,1656
E12000007,London,3,Aged 18 to 19 years,5,Other ethnic group,-8,Does not apply,1,Female,0
E12000007,London,3,Aged 18 to 19 years,5,Other ethnic group,-8,Does not apply,2,Male,0
E12000007,London,3,Aged 18 to 19 years,5,Other ethnic group,0,No qualifications,1,Female,363
E12000007,London,3,Aged 18 to 19 years,5,Other ethnic group,0,No qualifications,2,Male,697
E12000007,London,3,Aged 18 to 19 years,5,Other ethnic group,1,"Level 1 and entry level qualifications: 1 to 4 GCSEs grade A* to C, Any GCSEs at other grades, O levels or CSEs (any grades), 1 AS level, NVQ level 1, Foundation GNVQ, Basic or Essential Skills",1,Female,479
E12000007,London,3,Aged 18 to 19 years,5,Other ethnic group,1,"Level 1 and entry level qualifications: 1 to 4 GCSEs grade A* to C, Any GCSEs at other grades, O levels or CSEs (any grades), 1 AS level, NVQ level 1, Foundation GNVQ, Basic or Essential Skills",2,Male,802
E12000007,London,3,Aged 18 to 19 years,5,Other ethnic group,2,"Level 2 qualifications: 5 or more GCSEs (A* to C or 9 to 4), O levels (passes), CSEs (grade 1), School Certification, 1 A level, 2 to 3 AS levels, VCEs, Intermediate or Higher Diploma, Welsh Baccalaureate Intermediate Diploma, NVQ level 2, Intermediate GNVQ, City and Guilds Craft, BTEC First or General Diploma, RSA Diploma",1,Female,1838
E12000007,London,3,Aged 18 to 19 years,5,Other ethnic group,2,"Level 2 qualifications: 5 or more GCSEs (A* to C or 9 to 4), O levels (passes), CSEs (grade 1), School Certification, 1 A level, 2 to 3 AS levels, VCEs, Intermediate or Higher Diploma, Welsh Baccalaureate Intermediate Diploma, NVQ level 2, Intermediate GNVQ, City and Guilds Craft, BTEC First or General Diploma, RSA Diploma",2,Male,2027
E12000007,London,3,Aged 18 to 19 years,5,Other ethnic group,3,"Level 3 qualifications: 2 or more A levels or VCEs, 4 or more AS levels, Higher School Certificate, Progression or Advanced Diploma, Welsh Baccalaureate Advance Diploma, NVQ level 3; Advanced GNVQ, City and Guilds Advanced Craft, ONC, OND, BTEC National, RSA Advanced Diploma",1,Female,3051
E12000007,London,3,Aged 18 to 19 years,5,Other ethnic group,3,"Level 3 qualifications: 2 or more A levels or VCEs, 4 or more AS levels, Higher School Certificate, Progression or Advanced Diploma, Welsh Baccalaureate Advance Diploma, NVQ level 3; Advanced GNVQ, City and Guilds Advanced Craft, ONC, OND, BTEC National, RSA Advanced Diploma",2,Male,2588
E12000007,London,3,Aged 18 to 19 years,5,Other ethnic group,4,"Level 4 qualifications or above: degree (BA, BSc), higher degree (MA, PhD, PGCE), NVQ level 4 to 5, HNC, HND, RSA Higher Diploma, BTEC Higher level, professional qualifications (for example, teaching, nursing, accountancy)",1,Female,777
E12000007,London,3,Aged 18 to 19 years,5,Other ethnic group,4,"Level 4 qualifications or above: degree (BA, BSc), higher degree (MA, PhD, PGCE), NVQ level 4 to 5, HNC, HND, RSA Higher Diploma, BTEC Higher level, professional qualifications (for example, teaching, nursing, accountancy)",2,Male,773
E12000007,London,3,Aged 18 to 19 years,5,Other ethnic group,5,"Other: apprenticeships, vocational or work-related qualifications, other qualifications achieved in England or Wales, qualifications achieved outside England or Wales (equivalent not stated or unknown)",1,Female,260
E12000007,London,3,Aged 18 to 19 years,5,Other ethnic group,5,"Other: apprenticeships, vocational or work-related qualifications, other qualifications achieved in England or Wales, qualifications achieved outside England or Wales (equivalent not stated or unknown)",2,Male,350
E12000007,London,4,Aged 20 to 24 years,-8,Does not apply,-8,Does not apply,1,Female,0
E12000007,London,4,Aged 20 to 24 years,-8,Does not apply,-8,Does not apply,2,Male,0
E12000007,London,4,Aged 20 to 24 years,-8,Does not apply,0,No qualifications,1,Female,0
E12000007,London,4,Aged 20 to 24 years,-8,Does not apply,0,No qualifications,2,Male,0
E12000007,London,4,Aged 20 to 24 years,-8,Does not apply,1,"Level 1 and entry level qualifications: 1 to 4 GCSEs grade A* to C, Any GCSEs at other grades, O levels or CSEs (any grades), 1 AS level, NVQ level 1, Foundation GNVQ, Basic or Essential Skills",1,Female,0
E12000007,London,4,Aged 20 to 24 years,-8,Does not apply,1,"Level 1 and entry level qualifications: 1 to 4 GCSEs grade A* to C, Any GCSEs at other grades, O levels or CSEs (any grades), 1 AS level, NVQ level 1, Foundation GNVQ, Basic or Essential Skills",2,Male,0
E12000007,London,4,Aged 20 to 24 years,-8,Does not apply,2,"Level 2 qualifications: 5 or more GCSEs (A* to C or 9 to 4), O levels (passes), CSEs (grade 1), School Certification, 1 A level, 2 to 3 AS levels, VCEs, Intermediate or Higher Diploma, Welsh Baccalaureate Intermediate Diploma, NVQ level 2, Intermediate GNVQ, City and Guilds Craft, BTEC First or General Diploma, RSA Diploma",1,Female,0
E12000007,London,4,Aged 20 to 24 years,-8,Does not apply,2,"Level 2 qualifications: 5 or more GCSEs (A* to C or 9 to 4), O levels (passes), CSEs (grade 1), School Certification, 1 A level, 2 to 3 AS levels, VCEs, Intermediate or Higher Diploma, Welsh Baccalaureate Intermediate Diploma, NVQ level 2, Intermediate GNVQ, City and Guilds Craft, BTEC First or General Diploma, RSA Diploma",2,Male,0
E12000007,London,4,Aged 20 to 24 years,-8,Does not apply,3,"Level 3 qualifications: 2 or more A levels or VCEs, 4 or more AS levels, Higher School Certificate, Progression or Advanced Diploma, Welsh Baccalaureate Advance Diploma, NVQ level 3; Advanced GNVQ, City and Guilds Advanced Craft, ONC, OND, BTEC National, RSA Advanced Diploma",1,Female,0
E12000007,London,4,Aged 20 to 24 years,-8,Does not apply,3,"Level 3 qualifications: 2 or more A levels or VCEs, 4 or more AS levels, Higher School Certificate, Progression or Advanced Diploma, Welsh Baccalaureate Advance Diploma, NVQ level 3; Advanced GNVQ, City and Guilds Advanced Craft, ONC, OND, BTEC National, RSA Advanced Diploma",2,Male,0
E12000007,London,4,Aged 20 to 24 years,-8,Does not apply,4,"Level 4 qualifications or above: degree (BA, BSc), higher degree (MA, PhD, PGCE), NVQ level 4 to 5, HNC, HND, RSA Higher Diploma, BTEC Higher level, professional qualifications (for example, teaching, nursing, accountancy)",1,Female,0
E12000007,London,4,Aged 20 to 24 years,-8,Does not apply,4,"Level 4 qualifications or above: degree (BA, BSc), higher degree (MA, PhD, PGCE), NVQ level 4 to 5, HNC, HND, RSA Higher Diploma, BTEC Higher level, professional qualifications (for example, teaching, nursing, accountancy)",2,Male,0
E12000007,London,4,Aged 20 to 24 years,-8,Does not apply,5,"Other: apprenticeships, vocational or work-related qualifications, other qualifications achieved in England or Wales, qualifications achieved outside England or Wales (equivalent not stated or unknown)",1,Female,0
E12000007,London,4,Aged 20 to 24 years,-8,Does not apply,5,"Other: apprenticeships, vocational or work-related qualifications, other qualifications achieved in England or Wales, qualifications achieved outside England or Wales (equivalent not stated or unknown)",2,Male,0
E12000007,London,4,Aged 20 to 24 years,1,"Asian, Asian British or Asian Welsh",-8,Does not apply,1,Female,0
E12000007,London,4,Aged 20 to 24 years,1,"Asian, Asian British or Asian Welsh",-8,Does not apply,2,Male,0
E12000007,London,4,Aged 20 to 24 years,1,"Asian, Asian British or Asian Welsh",0,No qualifications,1,Female,2294
E12000007,London,4,Aged 20 to 24 years,1,"Asian, Asian British or Asian Welsh",0,No qualifications,2,Male,2811
E12000007,London,4,Aged 20 to 24 years,1,"Asian, Asian British or Asian Welsh",1,"Level 1 and entry level qualifications: 1 to 4 GCSEs grade A* to C, Any GCSEs at other grades, O levels or CSEs (any grades), 1 AS level, NVQ level 1, Foundation GNVQ, Basic or Essential Skills",1,Female,2163
E12000007,London,4,Aged 20 to 24 years,1,"Asian, Asian British or Asian Welsh",1,"Level 1 and entry level qualifications: 1 to 4 GCSEs grade A* to C, Any GCSEs at other grades, O levels or CSEs (any grades), 1 AS level, NVQ level 1, Foundation GNVQ, Basic or Essential Skills",2,Male,2976
E12000007,London,4,Aged 20 to 24 years,1,"Asian, Asian British or Asian Welsh",2,"Level 2 qualifications: 5 or more GCSEs (A* to C or 9 to 4), O levels (passes), CSEs (grade 1), School Certification, 1 A level, 2 to 3 AS levels, VCEs, Intermediate or Higher Diploma, Welsh Baccalaureate Intermediate Diploma, NVQ level 2, Intermediate GNVQ, City and Guilds Craft, BTEC First or General Diploma, RSA Diploma",1,Female,3621
E12000007,London,4,Aged 20 to 24 years,1,"Asian, Asian British or Asian Welsh",2,"Level 2 qualifications: 5 or more GCSEs (A* to C or 9 to 4), O levels (passes), CSEs (grade 1), School Certification, 1 A level, 2 to 3 AS levels, VCEs, Intermediate or Higher Diploma, Welsh Baccalaureate Intermediate Diploma, NVQ level 2, Intermediate GNVQ, City and Guilds Craft, BTEC First or General Diploma, RSA Diploma",2,Male,5552
E12000007,London,4,Aged 20 to 24 years,1,"Asian, Asian British or Asian Welsh",3,"Level 3 qualifications: 2 or more A levels or VCEs, 4 or more AS levels, Higher School Certificate, Progression or Advanced Diploma, Welsh Baccalaureate Advance Diploma, NVQ level 3; Advanced GNVQ, City and Guilds Advanced Craft, ONC, OND, BTEC National, RSA Advanced Diploma",1,Female,18176
E12000007,London,4,Aged 20 to 24 years,1,"Asian, Asian British or Asian Welsh",3,"Level 3 qualifications: 2 or more A levels or VCEs, 4 or more AS levels, Higher School Certificate, Progression or Advanced Diploma, Welsh Baccalaureate Advance Diploma, NVQ level 3; Advanced GNVQ, City and Guilds Advanced Craft, ONC, OND, BTEC National, RSA Advanced Diploma",2,Male,20251
E12000007,London,4,Aged 20 to 24 years,1,"Asian, Asian British or Asian Welsh",4,"Level 4 qualifications or above: degree (BA, BSc), higher degree (MA, PhD, PGCE), NVQ level 4 to 5, HNC, HND, RSA Higher Diploma, BTEC Higher level, professional qualifications (for example, teaching, nursing, accountancy)",1,Female,30891
E12000007,London,4,Aged 20 to 24 years,1,"Asian, Asian British or Asian Welsh",4,"Level 4 qualifications or above: degree (BA, BSc), higher degree (MA, PhD, PGCE), NVQ level 4 to 5, HNC, HND, RSA Higher Diploma, BTEC Higher level, professional qualifications (for example, teaching, nursing, accountancy)",2,Male,25759
E12000007,London,4,Aged 20 to 24 years,1,"Asian, Asian British or Asian Welsh",5,"Other: apprenticeships, vocational or work-related qualifications, other qualifications achieved in England or Wales, qualifications achieved outside England or Wales (equivalent not stated or unknown)",1,Female,1988
E12000007,London,4,Aged 20 to 24 years,1,"Asian, Asian British or Asian Welsh",5,"Other: apprenticeships, vocational or work-related qualifications, other qualifications achieved in England or Wales, qualifications achieved outside England or Wales (equivalent not stated or unknown)",2,Male,2425
E12000007,London,4,Aged 20 to 24 years,2,"Black, Black British, Black Welsh, Caribbean or African",-8,Does not apply,1,Female,0
E12000007,London,4,Aged 20 to 24 years,2,"Black, Black British, Black Welsh, Caribbean or African",-8,Does not apply,2,Male,0
E12000007,London,4,Aged 20 to 24 years,2,"Black, Black British, Black Welsh, Caribbean or African",0,No qualifications,1,Female,1295
E12000007,London,4,Aged 20 to 24 years,2,"Black, Black British, Black Welsh, Caribbean or African",0,No qualifications,2,Male,2372
E12000007,London,4,Aged 20 to 24 years,2,"Black, Black British, Black Welsh, Caribbean or African",1,"Level 1 and entry level qualifications: 1 to 4 GCSEs grade A* to C, Any GCSEs at other grades, O levels or CSEs (any grades), 1 AS level, NVQ level 1, Foundation GNVQ, Basic or Essential Skills",1,Female,1738
E12000007,London,4,Aged 20 to 24 years,2,"Black, Black British, Black Welsh, Caribbean or African",1,"Level 1 and entry level qualifications: 1 to 4 GCSEs grade A* to C, Any GCSEs at other grades, O levels or CSEs (any grades), 1 AS level, NVQ level 1, Foundation GNVQ, Basic or Essential Skills",2,Male,3257
E12000007,London,4,Aged 20 to 24 years,2,"Black, Black British, Black Welsh, Caribbean or African",2,"Level 2 qualifications: 5 or more GCSEs (A* to C or 9 to 4), O levels (passes), CSEs (grade 1), School Certification, 1 A level, 2 to 3 AS levels, VCEs, Intermediate or Higher Diploma, Welsh Baccalaureate Intermediate Diploma, NVQ level 2, Intermediate GNVQ, City and Guilds Craft, BTEC First or General Diploma, RSA Diploma",1,Female,4022
E12000007,London,4,Aged 20 to 24 years,2,"Black, Black British, Black Welsh, Caribbean or African",2,"Level 2 qualifications: 5 or more GCSEs (A* to C or 9 to 4), O levels (passes), CSEs (grade 1), School Certification, 1 A level, 2 to 3 AS levels, VCEs, Intermediate or Higher Diploma, Welsh Baccalaureate Intermediate Diploma, NVQ level 2, Intermediate GNVQ, City and Guilds Craft, BTEC First or General Diploma, RSA Diploma",2,Male,5914
E12000007,London,4,Aged 20 to 24 years,2,"Black, Black British, Black Welsh, Caribbean or African",3,"Level 3 qualifications: 2 or more A levels or VCEs, 4 or more AS levels, Higher School Certificate, Progression or Advanced Diploma, Welsh Baccalaureate Advance Diploma, NVQ level 3; Advanced GNVQ, City and Guilds Advanced Craft, ONC, OND, BTEC National, RSA Advanced Diploma",1,Female,14471
E12000007,London,4,Aged 20 to 24 years,2,"Black, Black British, Black Welsh, Caribbean or African",3,"Level 3 qualifications: 2 or more A levels or VCEs, 4 or more AS levels, Higher School Certificate, Progression or Advanced Diploma, Welsh Baccalaureate Advance Diploma, NVQ level 3; Advanced GNVQ, City and Guilds Advanced Craft, ONC, OND, BTEC National, RSA Advanced Diploma",2,Male,14630
E12000007,London,4,Aged 20 to 24 years,2,"Black, Black British, Black Welsh, Caribbean or African",4,"Level 4 qualifications or above: degree (BA, BSc), higher degree (MA, PhD, PGCE), NVQ level 4 to 5, HNC, HND, RSA Higher Diploma, BTEC Higher level, professional qualifications (for example, teaching, nursing, accountancy)",1,Female,20152
E12000007,London,4,Aged 20 to 24 years,2,"Black, Black British, Black Welsh, Caribbean or African",4,"Level 4 qualifications or above: degree (BA, BSc), higher degree (MA, PhD, PGCE), NVQ level 4 to 5, HNC, HND, RSA Higher Diploma, BTEC Higher level, professional qualifications (for example, teaching, nursing, accountancy)",2,Male,14080
E12000007,London,4,Aged 20 to 24 years,2,"Black, Black British, Black Welsh, Caribbean or African",5,"Other: apprenticeships, vocational or work-related qualifications, other qualifications achieved in England or Wales, qualifications achieved outside England or Wales (equivalent not stated or unknown)",1,Female,1366
E12000007,London,4,Aged 20 to 24 years,2,"Black, Black British, Black Welsh, Caribbean or African",5,"Other: apprenticeships, vocational or work-related qualifications, other qualifications achieved in England or Wales, qualifications achieved outside England or Wales (equivalent not stated or unknown)",2,Male,2018
E12000007,London,4,Aged 20 to 24 years,3,Mixed or Multiple ethnic groups,-8,Does not apply,1,Female,0
E12000007,London,4,Aged 20 to 24 years,3,Mixed or Multiple ethnic groups,-8,Does not apply,2,Male,0
E12000007,London,4,Aged 20 to 24 years,3,Mixed or Multiple ethnic groups,0,No qualifications,1,Female,886
E12000007,London,4,Aged 20 to 24 years,3,Mixed or Multiple ethnic groups,0,No qualifications,2,Male,1265
E12000007,London,4,Aged 20 to 24 years,3,Mixed or Multiple ethnic groups,1,"Level 1 and entry level qualifications: 1 to 4 GCSEs grade A* to C, Any GCSEs at other grades, O levels or CSEs (any grades), 1 AS level, NVQ level 1, Foundation GNVQ, Basic or Essential Skills",1,Female,1043
E12000007,London,4,Aged 20 to 24 years,3,Mixed or Multiple ethnic groups,1,"Level 1 and entry level qualifications: 1 to 4 GCSEs grade A* to C, Any GCSEs at other grades, O levels or CSEs (any grades), 1 AS level, NVQ level 1, Foundation GNVQ, Basic or Essential Skills",2,Male,1489
E12000007,London,4,Aged 20 to 24 years,3,Mixed or Multiple ethnic groups,2,"Level 2 qualifications: 5 or more GCSEs (A* to C or 9 to 4), O levels (passes), CSEs (grade 1), School Certification, 1 A level, 2 to 3 AS levels, VCEs, Intermediate or Higher Diploma, Welsh Baccalaureate Intermediate Diploma, NVQ level 2, Intermediate GNVQ, City and Guilds Craft, BTEC First or General Diploma, RSA Diploma",1,Female,2311
E12000007,London,4,Aged 20 to 24 years,3,Mixed or Multiple ethnic groups,2,"Level 2 qualifications: 5 or more GCSEs (A* to C or 9 to 4), O levels (passes), CSEs (grade 1), School Certification, 1 A level, 2 to 3 AS levels, VCEs, Intermediate or Higher Diploma, Welsh Baccalaureate Intermediate Diploma, NVQ level 2, Intermediate GNVQ, City and Guilds Craft, BTEC First or General Diploma, RSA Diploma",2,Male,2670
E12000007,London,4,Aged 20 to 24 years,3,Mixed or Multiple ethnic groups,3,"Level 3 qualifications: 2 or more A levels or VCEs, 4 or more AS levels, Higher School Certificate, Progression or Advanced Diploma, Welsh Baccalaureate Advance Diploma, NVQ level 3; Advanced GNVQ, City and Guilds Advanced Craft, ONC, OND, BTEC National, RSA Advanced Diploma",1,Female,7224
E12000007,London,4,Aged 20 to 24 years,3,Mixed or Multiple ethnic groups,3,"Level 3 qualifications: 2 or more A levels or VCEs, 4 or more AS levels, Higher School Certificate, Progression or Advanced Diploma, Welsh Baccalaureate Advance Diploma, NVQ level 3; Advanced GNVQ, City and Guilds Advanced Craft, ONC, OND, BTEC National, RSA Advanced Diploma",2,Male,6414
E12000007,London,4,Aged 20 to 24 years,3,Mixed or Multiple ethnic groups,4,"Level 4 qualifications or above: degree (BA, BSc), higher degree (MA, PhD, PGCE), NVQ level 4 to 5, HNC, HND, RSA Higher Diploma, BTEC Higher level, professional qualifications (for example, teaching, nursing, accountancy)",1,Female,9980
E12000007,London,4,Aged 20 to 24 years,3,Mixed or Multiple ethnic groups,4,"Level 4 qualifications or above: degree (BA, BSc), higher degree (MA, PhD, PGCE), NVQ level 4 to 5, HNC, HND, RSA Higher Diploma, BTEC Higher level, professional qualifications (for example, teaching, nursing, accountancy)",2,Male,6890
E12000007,London,4,Aged 20 to 24 years,3,Mixed or Multiple ethnic groups,5,"Other: apprenticeships, vocational or work-related qualifications, other qualifications achieved in England or Wales, qualifications achieved outside England or Wales (equivalent not stated or unknown)",1,Female,994
E12000007,London,4,Aged 20 to 24 years,3,Mixed or Multiple ethnic groups,5,"Other: apprenticeships, vocational or work-related qualifications, other qualifications achieved in England or Wales, qualifications achieved outside England or Wales (equivalent not stated or unknown)",2,Male,1046
E12000007,London,4,Aged 20 to 24 years,4,White,-8,Does not apply,1,Female,0
E12000007,London,4,Aged 20 to 24 years,4,White,-8,Does not apply,2,Male,0
E12000007,London,4,Aged 20 to 24 years,4,White,0,No qualifications,1,Female,10002
E12000007,London,4,Aged 20 to 24 years,4,White,0,No qualifications,2,Male,10708
E12000007,London,4,Aged 20 to 24 years,4,White,1,"Level 1 and entry level qualifications: 1 to 4 GCSEs grade A* to C, Any GCSEs at other grades, O levels or CSEs (any grades), 1 AS level, NVQ level 1, Foundation GNVQ, Basic or Essential Skills",1,Female,6739
E12000007,London,4,Aged 20 to 24 years,4,White,1,"Level 1 and entry level qualifications: 1 to 4 GCSEs grade A* to C, Any GCSEs at other grades, O levels or CSEs (any grades), 1 AS level, NVQ level 1, Foundation GNVQ, Basic or Essential Skills",2,Male,9253
E12000007,London,4,Aged 20 to 24 years,4,White,2,"Level 2 qualifications: 5 or more GCSEs (A* to C or 9 to 4), O levels (passes), CSEs (grade 1), School Certification, 1 A level, 2 to 3 AS levels, VCEs, Intermediate or Higher Diploma, Welsh Baccalaureate Intermediate Diploma, NVQ level 2, Intermediate GNVQ, City and Guilds Craft, BTEC First or General Diploma, RSA Diploma",1,Female,12086
E12000007,London,4,Aged 20 to 24 years,4,White,2,"Level 2 qualifications: 5 or more GCSEs (A* to C or 9 to 4), O levels (passes), CSEs (grade 1), School Certification, 1 A level, 2 to 3 AS levels, VCEs, Intermediate or Higher Diploma, Welsh Baccalaureate Intermediate Diploma, NVQ level 2, Intermediate GNVQ, City and Guilds Craft, BTEC First or General Diploma, RSA Diploma",2,Male,13724
E12000007,London,4,Aged 20 to 24 years,4,White,3,"Level 3 qualifications: 2 or more A levels or VCEs, 4 or more AS levels, Higher School Certificate, Progression or Advanced Diploma, Welsh Baccalaureate Advance Diploma, NVQ level 3; Advanced GNVQ, City and Guilds Advanced Craft, ONC, OND, BTEC National, RSA Advanced Diploma",1,Female,39145
E12000007,London,4,Aged 20 to 24 years,4,White,3,"Level 3 qualifications: 2 or more A levels or VCEs, 4 or more AS levels, Higher School Certificate, Progression or Advanced Diploma, Welsh Baccalaureate Advance Diploma, NVQ level 3; Advanced GNVQ, City and Guilds Advanced Craft, ONC, OND, BTEC National, RSA Advanced Diploma",2,Male,36331
E12000007,London,4,Aged 20 to 24 years,4,White,4,"Level 4 qualifications or above: degree (BA, BSc), higher degree (MA, PhD, PGCE), NVQ level 4 to 5, HNC, HND, RSA Higher Diploma, BTEC Higher level, professional qualifications (for example, teaching, nursing, accountancy)",1,Female,72502
E12000007,London,4,Aged 20 to 24 years,4,White,4,"Level 4 qualifications or above: degree (BA, BSc), higher degree (MA, PhD, PGCE), NVQ level 4 to 5, HNC, HND, RSA Higher Diploma, BTEC Higher level, professional qualifications (for example, teaching, nursing, accountancy)",2,Male,55079
E12000007,London,4,Aged 20 to 24 years,4,White,5,"Other: apprenticeships, vocational or work-related qualifications, other qualifications achieved in England or Wales, qualifications achieved outside England or Wales (equivalent not stated or unknown)",1,Female,7444
E12000007,London,4,Aged 20 to 24 years,4,White,5,"Other: apprenticeships, vocational or work-related qualifications, other qualifications achieved in England or Wales, qualifications achieved outside England or Wales (equivalent not stated or unknown)",2,Male,8333
E12000007,London,4,Aged 20 to 24 years,5,Other ethnic group,-8,Does not apply,1,Female,0
E12000007,London,4,Aged 20 to 24 years,5,Other ethnic group,-8,Does not apply,2,Male,0
E12000007,London,4,Aged 20 to 24 years,5,Other ethnic group,0,No qualifications,1,Female,1739
E12000007,London,4,Aged 20 to 24 years,5,Other ethnic group,0,No qualifications,2,Male,1959
E12000007,London,4,Aged 20 to 24 years,5,Other ethnic group,1,"Level 1 and entry level qualifications: 1 to 4 GCSEs grade A* to C, Any GCSEs at other grades, O levels or CSEs (any grades), 1 AS level, NVQ level 1, Foundation GNVQ, Basic or Essential Skills",1,Female,1005
E12000007,London,4,Aged 20 to 24 years,5,Other ethnic group,1,"Level 1 and entry level qualifications: 1 to 4 GCSEs grade A* to C, Any GCSEs at other grades, O levels or CSEs (any grades), 1 AS level, NVQ level 1, Foundation GNVQ, Basic or Essential Skills",2,Male,1333
E12000007,London,4,Aged 20 to 24 years,5,Other ethnic group,2,"Level 2 qualifications: 5 or more GCSEs (A* to C or 9 to 4), O levels (passes), CSEs (grade 1), School Certification, 1 A level, 2 to 3 AS levels, VCEs, Intermediate or Higher Diploma, Welsh Baccalaureate Intermediate Diploma, NVQ level 2, Intermediate GNVQ, City and Guilds Craft, BTEC First or General Diploma, RSA Diploma",1,Female,1463
E12000007,London,4,Aged 20 to 24 years,5,Other ethnic group,2,"Level 2 qualifications: 5 or more GCSEs (A* to C or 9 to 4), O levels (passes), CSEs (grade 1), School Certification, 1 A level, 2 to 3 AS levels, VCEs, Intermediate or Higher Diploma, Welsh Baccalaureate Intermediate Diploma, NVQ level 2, Intermediate GNVQ, City and Guilds Craft, BTEC First or General Diploma, RSA Diploma",2,Male,1894
E12000007,London,4,Aged 20 to 24 years,5,Other ethnic group,3,"Level 3 qualifications: 2 or more A levels or VCEs, 4 or more AS levels, Higher School Certificate, Progression or Advanced Diploma, Welsh Baccalaureate Advance Diploma, NVQ level 3; Advanced GNVQ, City and Guilds Advanced Craft, ONC, OND, BTEC National, RSA Advanced Diploma",1,Female,5491
E12000007,London,4,Aged 20 to 24 years,5,Other ethnic group,3,"Level 3 qualifications: 2 or more A levels or VCEs, 4 or more AS levels, Higher School Certificate, Progression or Advanced Diploma, Welsh Baccalaureate Advance Diploma, NVQ level 3; Advanced GNVQ, City and Guilds Advanced Craft, ONC, OND, BTEC National, RSA Advanced Diploma",2,Male,5421
E12000007,London,4,Aged 20 to 24 years,5,Other ethnic group,4,"Level 4 qualifications or above: degree (BA, BSc), higher degree (MA, PhD, PGCE), NVQ level 4 to 5, HNC, HND, RSA Higher Diploma, BTEC Higher level, professional qualifications (for example, teaching, nursing, accountancy)",1,Female,8756
E12000007,London,4,Aged 20 to 24 years,5,Other ethnic group,4,"Level 4 qualifications or above: degree (BA, BSc), higher degree (MA, PhD, PGCE), NVQ level 4 to 5, HNC, HND, RSA Higher Diploma, BTEC Higher level, professional qualifications (for example, teaching, nursing, accountancy)",2,Male,6880
E12000007,London,4,Aged 20 to 24 years,5,Other ethnic group,5,"Other: apprenticeships, vocational or work-related qualifications, other qualifications achieved in England or Wales, qualifications achieved outside England or Wales (equivalent not stated or unknown)",1,Female,913
E12000007,London,4,Aged 20 to 24 years,5,Other ethnic group,5,"Other: apprenticeships, vocational or work-related qualifications, other qualifications achieved in England or Wales, qualifications achieved outside England or Wales (equivalent not stated or unknown)",2,Male,985
E12000007,London,5,Aged 25 to 29 years,-8,Does not apply,-8,Does not apply,1,Female,0
E12000007,London,5,Aged 25 to 29 years,-8,Does not apply,-8,Does not apply,2,Male,0
E12000007,London,5,Aged 25 to 29 years,-8,Does not apply,0,No qualifications,1,Female,0
E12000007,London,5,Aged 25 to 29 years,-8,Does not apply,0,No qualifications,2,Male,0
E12000007,London,5,Aged 25 to 29 years,-8,Does not apply,1,"Level 1 and entry level qualifications: 1 to 4 GCSEs grade A* to C, Any GCSEs at other grades, O levels or CSEs (any grades), 1 AS level, NVQ level 1, Foundation GNVQ, Basic or Essential Skills",1,Female,0
E12000007,London,5,Aged 25 to 29 years,-8,Does not apply,1,"Level 1 and entry level qualifications: 1 to 4 GCSEs grade A* to C, Any GCSEs at other grades, O levels or CSEs (any grades), 1 AS level, NVQ level 1, Foundation GNVQ, Basic or Essential Skills",2,Male,0
E12000007,London,5,Aged 25 to 29 years,-8,Does not apply,2,"Level 2 qualifications: 5 or more GCSEs (A* to C or 9 to 4), O levels (passes), CSEs (grade 1), School Certification, 1 A level, 2 to 3 AS levels, VCEs, Intermediate or Higher Diploma, Welsh Baccalaureate Intermediate Diploma, NVQ level 2, Intermediate GNVQ, City and Guilds Craft, BTEC First or General Diploma, RSA Diploma",1,Female,0
E12000007,London,5,Aged 25 to 29 years,-8,Does not apply,2,"Level 2 qualifications: 5 or more GCSEs (A* to C or 9 to 4), O levels (passes), CSEs (grade 1), School Certification, 1 A level, 2 to 3 AS levels, VCEs, Intermediate or Higher Diploma, Welsh Baccalaureate Intermediate Diploma, NVQ level 2, Intermediate GNVQ, City and Guilds Craft, BTEC First or General Diploma, RSA Diploma",2,Male,0
E12000007,London,5,Aged 25 to 29 years,-8,Does not apply,3,"Level 3 qualifications: 2 or more A levels or VCEs, 4 or more AS levels, Higher School Certificate, Progression or Advanced Diploma, Welsh Baccalaureate Advance Diploma, NVQ level 3; Advanced GNVQ, City and Guilds Advanced Craft, ONC, OND, BTEC National, RSA Advanced Diploma",1,Female,0
E12000007,London,5,Aged 25 to 29 years,-8,Does not apply,3,"Level 3 qualifications: 2 or more A levels or VCEs, 4 or more AS levels, Higher School Certificate, Progression or Advanced Diploma, Welsh Baccalaureate Advance Diploma, NVQ level 3; Advanced GNVQ, City and Guilds Advanced Craft, ONC, OND, BTEC National, RSA Advanced Diploma",2,Male,0
E12000007,London,5,Aged 25 to 29 years,-8,Does not apply,4,"Level 4 qualifications or above: degree (BA, BSc), higher degree (MA, PhD, PGCE), NVQ level 4 to 5, HNC, HND, RSA Higher Diploma, BTEC Higher level, professional qualifications (for example, teaching, nursing, accountancy)",1,Female,0
E12000007,London,5,Aged 25 to 29 years,-8,Does not apply,4,"Level 4 qualifications or above: degree (BA, BSc), higher degree (MA, PhD, PGCE), NVQ level 4 to 5, HNC, HND, RSA Higher Diploma, BTEC Higher level, professional qualifications (for example, teaching, nursing, accountancy)",2,Male,0
E12000007,London,5,Aged 25 to 29 years,-8,Does not apply,5,"Other: apprenticeships, vocational or work-related qualifications, other qualifications achieved in England or Wales, qualifications achieved outside England or Wales (equivalent not stated or unknown)",1,Female,0
E12000007,London,5,Aged 25 to 29 years,-8,Does not apply,5,"Other: apprenticeships, vocational or work-related qualifications, other qualifications achieved in England or Wales, qualifications achieved outside England or Wales (equivalent not stated or unknown)",2,Male,0
E12000007,London,5,Aged 25 to 29 years,1,"Asian, Asian British or Asian Welsh",-8,Does not apply,1,Female,0
E12000007,London,5,Aged 25 to 29 years,1,"Asian, Asian British or Asian Welsh",-8,Does not apply,2,Male,0
E12000007,London,5,Aged 25 to 29 years,1,"Asian, Asian British or Asian Welsh",0,No qualifications,1,Female,4399
E12000007,London,5,Aged 25 to 29 years,1,"Asian, Asian British or Asian Welsh",0,No qualifications,2,Male,4143
E12000007,London,5,Aged 25 to 29 years,1,"Asian, Asian British or Asian Welsh",1,"Level 1 and entry level qualifications: 1 to 4 GCSEs grade A* to C, Any GCSEs at other grades, O levels or CSEs (any grades), 1 AS level, NVQ level 1, Foundation GNVQ, Basic or Essential Skills",1,Female,2972
E12000007,London,5,Aged 25 to 29 years,1,"Asian, Asian British or Asian Welsh",1,"Level 1 and entry level qualifications: 1 to 4 GCSEs grade A* to C, Any GCSEs at other grades, O levels or CSEs (any grades), 1 AS level, NVQ level 1, Foundation GNVQ, Basic or Essential Skills",2,Male,3173
E12000007,London,5,Aged 25 to 29 years,1,"Asian, Asian British or Asian Welsh",2,"Level 2 qualifications: 5 or more GCSEs (A* to C or 9 to 4), O levels (passes), CSEs (grade 1), School Certification, 1 A level, 2 to 3 AS levels, VCEs, Intermediate or Higher Diploma, Welsh Baccalaureate Intermediate Diploma, NVQ level 2, Intermediate GNVQ, City and Guilds Craft, BTEC First or General Diploma, RSA Diploma",1,Female,3329
E12000007,London,5,Aged 25 to 29 years,1,"Asian, Asian British or Asian Welsh",2,"Level 2 qualifications: 5 or more GCSEs (A* to C or 9 to 4), O levels (passes), CSEs (grade 1), School Certification, 1 A level, 2 to 3 AS levels, VCEs, Intermediate or Higher Diploma, Welsh Baccalaureate Intermediate Diploma, NVQ level 2, Intermediate GNVQ, City and Guilds Craft, BTEC First or General Diploma, RSA Diploma",2,Male,4242
E12000007,London,5,Aged 25 to 29 years,1,"Asian, Asian British or Asian Welsh",3,"Level 3 qualifications: 2 or more A levels or VCEs, 4 or more AS levels, Higher School Certificate, Progression or Advanced Diploma, Welsh Baccalaureate Advance Diploma, NVQ level 3; Advanced GNVQ, City and Guilds Advanced Craft, ONC, OND, BTEC National, RSA Advanced Diploma",1,Female,7418
E12000007,London,5,Aged 25 to 29 years,1,"Asian, Asian British or Asian Welsh",3,"Level 3 qualifications: 2 or more A levels or VCEs, 4 or more AS levels, Higher School Certificate, Progression or Advanced Diploma, Welsh Baccalaureate Advance Diploma, NVQ level 3; Advanced GNVQ, City and Guilds Advanced Craft, ONC, OND, BTEC National, RSA Advanced Diploma",2,Male,8833
E12000007,London,5,Aged 25 to 29 years,1,"Asian, Asian British or Asian Welsh",4,"Level 4 qualifications or above: degree (BA, BSc), higher degree (MA, PhD, PGCE), NVQ level 4 to 5, HNC, HND, RSA Higher Diploma, BTEC Higher level, professional qualifications (for example, teaching, nursing, accountancy)",1,Female,53133
E12000007,London,5,Aged 25 to 29 years,1,"Asian, Asian British or Asian Welsh",4,"Level 4 qualifications or above: degree (BA, BSc), higher degree (MA, PhD, PGCE), NVQ level 4 to 5, HNC, HND, RSA Higher Diploma, BTEC Higher level, professional qualifications (for example, teaching, nursing, accountancy)",2,Male,43492
E12000007,London,5,Aged 25 to 29 years,1,"Asian, Asian British or Asian Welsh",5,"Other: apprenticeships, vocational or work-related qualifications, other qualifications achieved in England or Wales, qualifications achieved outside England or Wales (equivalent not stated or unknown)",1,Female,2864
E12000007,London,5,Aged 25 to 29 years,1,"Asian, Asian British or Asian Welsh",5,"Other: apprenticeships, vocational or work-related qualifications, other qualifications achieved in England or Wales, qualifications achieved outside England or Wales (equivalent not stated or unknown)",2,Male,2698
E12000007,London,5,Aged 25 to 29 years,2,"Black, Black British, Black Welsh, Caribbean or African",-8,Does not apply,1,Female,0
E12000007,London,5,Aged 25 to 29 years,2,"Black, Black British, Black Welsh, Caribbean or African",-8,Does not apply,2,Male,0
E12000007,London,5,Aged 25 to 29 years,2,"Black, Black British, Black Welsh, Caribbean or African",0,No qualifications,1,Female,1995
E12000007,London,5,Aged 25 to 29 years,2,"Black, Black British, Black Welsh, Caribbean or African",0,No qualifications,2,Male,2181
E12000007,London,5,Aged 25 to 29 years,2,"Black, Black British, Black Welsh, Caribbean or African",1,"Level 1 and entry level qualifications: 1 to 4 GCSEs grade A* to C, Any GCSEs at other grades, O levels or CSEs (any grades), 1 AS level, NVQ level 1, Foundation GNVQ, Basic or Essential Skills",1,Female,1636
E12000007,London,5,Aged 25 to 29 years,2,"Black, Black British, Black Welsh, Caribbean or African",1,"Level 1 and entry level qualifications: 1 to 4 GCSEs grade A* to C, Any GCSEs at other grades, O levels or CSEs (any grades), 1 AS level, NVQ level 1, Foundation GNVQ, Basic or Essential Skills",2,Male,2188
E12000007,London,5,Aged 25 to 29 years,2,"Black, Black British, Black Welsh, Caribbean or African",2,"Level 2 qualifications: 5 or more GCSEs (A* to C or 9 to 4), O levels (passes), CSEs (grade 1), School Certification, 1 A level, 2 to 3 AS levels, VCEs, Intermediate or Higher Diploma, Welsh Baccalaureate Intermediate Diploma, NVQ level 2, Intermediate GNVQ, City and Guilds Craft, BTEC First or General Diploma, RSA Diploma",1,Female,2862
E12000007,London,5,Aged 25 to 29 years,2,"Black, Black British, Black Welsh, Caribbean or African",2,"Level 2 qualifications: 5 or more GCSEs (A* to C or 9 to 4), O levels (passes), CSEs (grade 1), School Certification, 1 A level, 2 to 3 AS levels, VCEs, Intermediate or Higher Diploma, Welsh Baccalaureate Intermediate Diploma, NVQ level 2, Intermediate GNVQ, City and Guilds Craft, BTEC First or General Diploma, RSA Diploma",2,Male,3892
E12000007,London,5,Aged 25 to 29 years,2,"Black, Black British, Black Welsh, Caribbean or African",3,"Level 3 qualifications: 2 or more A levels or VCEs, 4 or more AS levels, Higher School Certificate, Progression or Advanced Diploma, Welsh Baccalaureate Advance Diploma, NVQ level 3; Advanced GNVQ, City and Guilds Advanced Craft, ONC, OND, BTEC National, RSA Advanced Diploma",1,Female,7361
E12000007,London,5,Aged 25 to 29 years,2,"Black, Black British, Black Welsh, Caribbean or African",3,"Level 3 qualifications: 2 or more A levels or VCEs, 4 or more AS levels, Higher School Certificate, Progression or Advanced Diploma, Welsh Baccalaureate Advance Diploma, NVQ level 3; Advanced GNVQ, City and Guilds Advanced Craft, ONC, OND, BTEC National, RSA Advanced Diploma",2,Male,7929
E12000007,London,5,Aged 25 to 29 years,2,"Black, Black British, Black Welsh, Caribbean or African",4,"Level 4 qualifications or above: degree (BA, BSc), higher degree (MA, PhD, PGCE), NVQ level 4 to 5, HNC, HND, RSA Higher Diploma, BTEC Higher level, professional qualifications (for example, teaching, nursing, accountancy)",1,Female,32031
E12000007,London,5,Aged 25 to 29 years,2,"Black, Black British, Black Welsh, Caribbean or African",4,"Level 4 qualifications or above: degree (BA, BSc), higher degree (MA, PhD, PGCE), NVQ level 4 to 5, HNC, HND, RSA Higher Diploma, BTEC Higher level, professional qualifications (for example, teaching, nursing, accountancy)",2,Male,22053
E12000007,London,5,Aged 25 to 29 years,2,"Black, Black British, Black Welsh, Caribbean or African",5,"Other: apprenticeships, vocational or work-related qualifications, other qualifications achieved in England or Wales, qualifications achieved outside England or Wales (equivalent not stated or unknown)",1,Female,1308
E12000007,London,5,Aged 25 to 29 years,2,"Black, Black British, Black Welsh, Caribbean or African",5,"Other: apprenticeships, vocational or work-related qualifications, other qualifications achieved in England or Wales, qualifications achieved outside England or Wales (equivalent not stated or unknown)",2,Male,1809
E12000007,London,5,Aged 25 to 29 years,3,Mixed or Multiple ethnic groups,-8,Does not apply,1,Female,0
E12000007,London,5,Aged 25 to 29 years,3,Mixed or Multiple ethnic groups,-8,Does not apply,2,Male,0
E12000007,London,5,Aged 25 to 29 years,3,Mixed or Multiple ethnic groups,0,No qualifications,1,Female,1137
E12000007,London,5,Aged 25 to 29 years,3,Mixed or Multiple ethnic groups,0,No qualifications,2,Male,1334
E12000007,London,5,Aged 25 to 29 years,3,Mixed or Multiple ethnic groups,1,"Level 1 and entry level qualifications: 1 to 4 GCSEs grade A* to C, Any GCSEs at other grades, O levels or CSEs (any grades), 1 AS level, NVQ level 1, Foundation GNVQ, Basic or Essential Skills",1,Female,896
E12000007,London,5,Aged 25 to 29 years,3,Mixed or Multiple ethnic groups,1,"Level 1 and entry level qualifications: 1 to 4 GCSEs grade A* to C, Any GCSEs at other grades, O levels or CSEs (any grades), 1 AS level, NVQ level 1, Foundation GNVQ, Basic or Essential Skills",2,Male,1161
E12000007,London,5,Aged 25 to 29 years,3,Mixed or Multiple ethnic groups,2,"Level 2 qualifications: 5 or more GCSEs (A* to C or 9 to 4), O levels (passes), CSEs (grade 1), School Certification, 1 A level, 2 to 3 AS levels, VCEs, Intermediate or Higher Diploma, Welsh Baccalaureate Intermediate Diploma, NVQ level 2, Intermediate GNVQ, City and Guilds Craft, BTEC First or General Diploma, RSA Diploma",1,Female,1777
E12000007,London,5,Aged 25 to 29 years,3,Mixed or Multiple ethnic groups,2,"Level 2 qualifications: 5 or more GCSEs (A* to C or 9 to 4), O levels (passes), CSEs (grade 1), School Certification, 1 A level, 2 to 3 AS levels, VCEs, Intermediate or Higher Diploma, Welsh Baccalaureate Intermediate Diploma, NVQ level 2, Intermediate GNVQ, City and Guilds Craft, BTEC First or General Diploma, RSA Diploma",2,Male,1865
E12000007,London,5,Aged 25 to 29 years,3,Mixed or Multiple ethnic groups,3,"Level 3 qualifications: 2 or more A levels or VCEs, 4 or more AS levels, Higher School Certificate, Progression or Advanced Diploma, Welsh Baccalaureate Advance Diploma, NVQ level 3; Advanced GNVQ, City and Guilds Advanced Craft, ONC, OND, BTEC National, RSA Advanced Diploma",1,Female,3748
E12000007,London,5,Aged 25 to 29 years,3,Mixed or Multiple ethnic groups,3,"Level 3 qualifications: 2 or more A levels or VCEs, 4 or more AS levels, Higher School Certificate, Progression or Advanced Diploma, Welsh Baccalaureate Advance Diploma, NVQ level 3; Advanced GNVQ, City and Guilds Advanced Craft, ONC, OND, BTEC National, RSA Advanced Diploma",2,Male,3536
E12000007,London,5,Aged 25 to 29 years,3,Mixed or Multiple ethnic groups,4,"Level 4 qualifications or above: degree (BA, BSc), higher degree (MA, PhD, PGCE), NVQ level 4 to 5, HNC, HND, RSA Higher Diploma, BTEC Higher level, professional qualifications (for example, teaching, nursing, accountancy)",1,Female,16885
E12000007,London,5,Aged 25 to 29 years,3,Mixed or Multiple ethnic groups,4,"Level 4 qualifications or above: degree (BA, BSc), higher degree (MA, PhD, PGCE), NVQ level 4 to 5, HNC, HND, RSA Higher Diploma, BTEC Higher level, professional qualifications (for example, teaching, nursing, accountancy)",2,Male,12178
E12000007,London,5,Aged 25 to 29 years,3,Mixed or Multiple ethnic groups,5,"Other: apprenticeships, vocational or work-related qualifications, other qualifications achieved in England or Wales, qualifications achieved outside England or Wales (equivalent not stated or unknown)",1,Female,964
E12000007,London,5,Aged 25 to 29 years,3,Mixed or Multiple ethnic groups,5,"Other: apprenticeships, vocational or work-related qualifications, other qualifications achieved in England or Wales, qualifications achieved outside England or Wales (equivalent not stated or unknown)",2,Male,1124
E12000007,London,5,Aged 25 to 29 years,4,White,-8,Does not apply,1,Female,0
E12000007,London,5,Aged 25 to 29 years,4,White,-8,Does not apply,2,Male,0
E12000007,London,5,Aged 25 to 29 years,4,White,0,No qualifications,1,Female,15613
E12000007,London,5,Aged 25 to 29 years,4,White,0,No qualifications,2,Male,16537
E12000007,London,5,Aged 25 to 29 years,4,White,1,"Level 1 and entry level qualifications: 1 to 4 GCSEs grade A* to C, Any GCSEs at other grades, O levels or CSEs (any grades), 1 AS level, NVQ level 1, Foundation GNVQ, Basic or Essential Skills",1,Female,8013
E12000007,London,5,Aged 25 to 29 years,4,White,1,"Level 1 and entry level qualifications: 1 to 4 GCSEs grade A* to C, Any GCSEs at other grades, O levels or CSEs (any grades), 1 AS level, NVQ level 1, Foundation GNVQ, Basic or Essential Skills",2,Male,10083
E12000007,London,5,Aged 25 to 29 years,4,White,2,"Level 2 qualifications: 5 or more GCSEs (A* to C or 9 to 4), O levels (passes), CSEs (grade 1), School Certification, 1 A level, 2 to 3 AS levels, VCEs, Intermediate or Higher Diploma, Welsh Baccalaureate Intermediate Diploma, NVQ level 2, Intermediate GNVQ, City and Guilds Craft, BTEC First or General Diploma, RSA Diploma",1,Female,12625
E12000007,London,5,Aged 25 to 29 years,4,White,2,"Level 2 qualifications: 5 or more GCSEs (A* to C or 9 to 4), O levels (passes), CSEs (grade 1), School Certification, 1 A level, 2 to 3 AS levels, VCEs, Intermediate or Higher Diploma, Welsh Baccalaureate Intermediate Diploma, NVQ level 2, Intermediate GNVQ, City and Guilds Craft, BTEC First or General Diploma, RSA Diploma",2,Male,14767
E12000007,London,5,Aged 25 to 29 years,4,White,3,"Level 3 qualifications: 2 or more A levels or VCEs, 4 or more AS levels, Higher School Certificate, Progression or Advanced Diploma, Welsh Baccalaureate Advance Diploma, NVQ level 3; Advanced GNVQ, City and Guilds Advanced Craft, ONC, OND, BTEC National, RSA Advanced Diploma",1,Female,27468
E12000007,London,5,Aged 25 to 29 years,4,White,3,"Level 3 qualifications: 2 or more A levels or VCEs, 4 or more AS levels, Higher School Certificate, Progression or Advanced Diploma, Welsh Baccalaureate Advance Diploma, NVQ level 3; Advanced GNVQ, City and Guilds Advanced Craft, ONC, OND, BTEC National, RSA Advanced Diploma",2,Male,28895
E12000007,London,5,Aged 25 to 29 years,4,White,4,"Level 4 qualifications or above: degree (BA, BSc), higher degree (MA, PhD, PGCE), NVQ level 4 to 5, HNC, HND, RSA Higher Diploma, BTEC Higher level, professional qualifications (for example, teaching, nursing, accountancy)",1,Female,165346
E12000007,London,5,Aged 25 to 29 years,4,White,4,"Level 4 qualifications or above: degree (BA, BSc), higher degree (MA, PhD, PGCE), NVQ level 4 to 5, HNC, HND, RSA Higher Diploma, BTEC Higher level, professional qualifications (for example, teaching, nursing, accountancy)",2,Male,139042
E12000007,London,5,Aged 25 to 29 years,4,White,5,"Other: apprenticeships, vocational or work-related qualifications, other qualifications achieved in England or Wales, qualifications achieved outside England or Wales (equivalent not stated or unknown)",1,Female,9779
E12000007,London,5,Aged 25 to 29 years,4,White,5,"Other: apprenticeships, vocational or work-related qualifications, other qualifications achieved in England or Wales, qualifications achieved outside England or Wales (equivalent not stated or unknown)",2,Male,11661
E12000007,London,5,Aged 25 to 29 years,5,Other ethnic group,-8,Does not apply,1,Female,0
E12000007,London,5,Aged 25 to 29 years,5,Other ethnic group,-8,Does not apply,2,Male,0
E12000007,London,5,Aged 25 to 29 years,5,Other ethnic group,0,No qualifications,1,Female,2894
E12000007,London,5,Aged 25 to 29 years,5,Other ethnic group,0,No qualifications,2,Male,2966
E12000007,London,5,Aged 25 to 29 years,5,Other ethnic group,1,"Level 1 and entry level qualifications: 1 to 4 GCSEs grade A* to C, Any GCSEs at other grades, O levels or CSEs (any grades), 1 AS level, NVQ level 1, Foundation GNVQ, Basic or Essential Skills",1,Female,1216
E12000007,London,5,Aged 25 to 29 years,5,Other ethnic group,1,"Level 1 and entry level qualifications: 1 to 4 GCSEs grade A* to C, Any GCSEs at other grades, O levels or CSEs (any grades), 1 AS level, NVQ level 1, Foundation GNVQ, Basic or Essential Skills",2,Male,1337
E12000007,London,5,Aged 25 to 29 years,5,Other ethnic group,2,"Level 2 qualifications: 5 or more GCSEs (A* to C or 9 to 4), O levels (passes), CSEs (grade 1), School Certification, 1 A level, 2 to 3 AS levels, VCEs, Intermediate or Higher Diploma, Welsh Baccalaureate Intermediate Diploma, NVQ level 2, Intermediate GNVQ, City and Guilds Craft, BTEC First or General Diploma, RSA Diploma",1,Female,1186
E12000007,London,5,Aged 25 to 29 years,5,Other ethnic group,2,"Level 2 qualifications: 5 or more GCSEs (A* to C or 9 to 4), O levels (passes), CSEs (grade 1), School Certification, 1 A level, 2 to 3 AS levels, VCEs, Intermediate or Higher Diploma, Welsh Baccalaureate Intermediate Diploma, NVQ level 2, Intermediate GNVQ, City and Guilds Craft, BTEC First or General Diploma, RSA Diploma",2,Male,1418
E12000007,London,5,Aged 25 to 29 years,5,Other ethnic group,3,"Level 3 qualifications: 2 or more A levels or VCEs, 4 or more AS levels, Higher School Certificate, Progression or Advanced Diploma, Welsh Baccalaureate Advance Diploma, NVQ level 3; Advanced GNVQ, City and Guilds Advanced Craft, ONC, OND, BTEC National, RSA Advanced Diploma",1,Female,2427
E12000007,London,5,Aged 25 to 29 years,5,Other ethnic group,3,"Level 3 qualifications: 2 or more A levels or VCEs, 4 or more AS levels, Higher School Certificate, Progression or Advanced Diploma, Welsh Baccalaureate Advance Diploma, NVQ level 3; Advanced GNVQ, City and Guilds Advanced Craft, ONC, OND, BTEC National, RSA Advanced Diploma",2,Male,2648
E12000007,London,5,Aged 25 to 29 years,5,Other ethnic group,4,"Level 4 qualifications or above: degree (BA, BSc), higher degree (MA, PhD, PGCE), NVQ level 4 to 5, HNC, HND, RSA Higher Diploma, BTEC Higher level, professional qualifications (for example, teaching, nursing, accountancy)",1,Female,14360
E12000007,London,5,Aged 25 to 29 years,5,Other ethnic group,4,"Level 4 qualifications or above: degree (BA, BSc), higher degree (MA, PhD, PGCE), NVQ level 4 to 5, HNC, HND, RSA Higher Diploma, BTEC Higher level, professional qualifications (for example, teaching, nursing, accountancy)",2,Male,11455
E12000007,London,5,Aged 25 to 29 years,5,Other ethnic group,5,"Other: apprenticeships, vocational or work-related qualifications, other qualifications achieved in England or Wales, qualifications achieved outside England or Wales (equivalent not stated or unknown)",1,Female,1349
E12000007,London,5,Aged 25 to 29 years,5,Other ethnic group,5,"Other: apprenticeships, vocational or work-related qualifications, other qualifications achieved in England or Wales, qualifications achieved outside England or Wales (equivalent not stated or unknown)",2,Male,1397
E12000007,London,6,Aged 30 to 34 years,-8,Does not apply,-8,Does not apply,1,Female,0
E12000007,London,6,Aged 30 to 34 years,-8,Does not apply,-8,Does not apply,2,Male,0
E12000007,London,6,Aged 30 to 34 years,-8,Does not apply,0,No qualifications,1,Female,0
E12000007,London,6,Aged 30 to 34 years,-8,Does not apply,0,No qualifications,2,Male,0
E12000007,London,6,Aged 30 to 34 years,-8,Does not apply,1,"Level 1 and entry level qualifications: 1 to 4 GCSEs grade A* to C, Any GCSEs at other grades, O levels or CSEs (any grades), 1 AS level, NVQ level 1, Foundation GNVQ, Basic or Essential Skills",1,Female,0
E12000007,London,6,Aged 30 to 34 years,-8,Does not apply,1,"Level 1 and entry level qualifications: 1 to 4 GCSEs grade A* to C, Any GCSEs at other grades, O levels or CSEs (any grades), 1 AS level, NVQ level 1, Foundation GNVQ, Basic or Essential Skills",2,Male,0
E12000007,London,6,Aged 30 to 34 years,-8,Does not apply,2,"Level 2 qualifications: 5 or more GCSEs (A* to C or 9 to 4), O levels (passes), CSEs (grade 1), School Certification, 1 A level, 2 to 3 AS levels, VCEs, Intermediate or Higher Diploma, Welsh Baccalaureate Intermediate Diploma, NVQ level 2, Intermediate GNVQ, City and Guilds Craft, BTEC First or General Diploma, RSA Diploma",1,Female,0
E12000007,London,6,Aged 30 to 34 years,-8,Does not apply,2,"Level 2 qualifications: 5 or more GCSEs (A* to C or 9 to 4), O levels (passes), CSEs (grade 1), School Certification, 1 A level, 2 to 3 AS levels, VCEs, Intermediate or Higher Diploma, Welsh Baccalaureate Intermediate Diploma, NVQ level 2, Intermediate GNVQ, City and Guilds Craft, BTEC First or General Diploma, RSA Diploma",2,Male,0
E12000007,London,6,Aged 30 to 34 years,-8,Does not apply,3,"Level 3 qualifications: 2 or more A levels or VCEs, 4 or more AS levels, Higher School Certificate, Progression or Advanced Diploma, Welsh Baccalaureate Advance Diploma, NVQ level 3; Advanced GNVQ, City and Guilds Advanced Craft, ONC, OND, BTEC National, RSA Advanced Diploma",1,Female,0
E12000007,London,6,Aged 30 to 34 years,-8,Does not apply,3,"Level 3 qualifications: 2 or more A levels or VCEs, 4 or more AS levels, Higher School Certificate, Progression or Advanced Diploma, Welsh Baccalaureate Advance Diploma, NVQ level 3; Advanced GNVQ, City and Guilds Advanced Craft, ONC, OND, BTEC National, RSA Advanced Diploma",2,Male,0
E12000007,London,6,Aged 30 to 34 years,-8,Does not apply,4,"Level 4 qualifications or above: degree (BA, BSc), higher degree (MA, PhD, PGCE), NVQ level 4 to 5, HNC, HND, RSA Higher Diploma, BTEC Higher level, professional qualifications (for example, teaching, nursing, accountancy)",1,Female,0
E12000007,London,6,Aged 30 to 34 years,-8,Does not apply,4,"Level 4 qualifications or above: degree (BA, BSc), higher degree (MA, PhD, PGCE), NVQ level 4 to 5, HNC, HND, RSA Higher Diploma, BTEC Higher level, professional qualifications (for example, teaching, nursing, accountancy)",2,Male,0
E12000007,London,6,Aged 30 to 34 years,-8,Does not apply,5,"Other: apprenticeships, vocational or work-related qualifications, other qualifications achieved in England or Wales, qualifications achieved outside England or Wales (equivalent not stated or unknown)",1,Female,0
E12000007,London,6,Aged 30 to 34 years,-8,Does not apply,5,"Other: apprenticeships, vocational or work-related qualifications, other qualifications achieved in England or Wales, qualifications achieved outside England or Wales (equivalent not stated or unknown)",2,Male,0
E12000007,London,6,Aged 30 to 34 years,1,"Asian, Asian British or Asian Welsh",-8,Does not apply,1,Female,0
E12000007,London,6,Aged 30 to 34 years,1,"Asian, Asian British or Asian Welsh",-8,Does not apply,2,Male,0
E12000007,London,6,Aged 30 to 34 years,1,"Asian, Asian British or Asian Welsh",0,No qualifications,1,Female,8219
E12000007,London,6,Aged 30 to 34 years,1,"Asian, Asian British or Asian Welsh",0,No qualifications,2,Male,6461
E12000007,London,6,Aged 30 to 34 years,1,"Asian, Asian British or Asian Welsh",1,"Level 1 and entry level qualifications: 1 to 4 GCSEs grade A* to C, Any GCSEs at other grades, O levels or CSEs (any grades), 1 AS level, NVQ level 1, Foundation GNVQ, Basic or Essential Skills",1,Female,5305
E12000007,London,6,Aged 30 to 34 years,1,"Asian, Asian British or Asian Welsh",1,"Level 1 and entry level qualifications: 1 to 4 GCSEs grade A* to C, Any GCSEs at other grades, O levels or CSEs (any grades), 1 AS level, NVQ level 1, Foundation GNVQ, Basic or Essential Skills",2,Male,4715
E12000007,London,6,Aged 30 to 34 years,1,"Asian, Asian British or Asian Welsh",2,"Level 2 qualifications: 5 or more GCSEs (A* to C or 9 to 4), O levels (passes), CSEs (grade 1), School Certification, 1 A level, 2 to 3 AS levels, VCEs, Intermediate or Higher Diploma, Welsh Baccalaureate Intermediate Diploma, NVQ level 2, Intermediate GNVQ, City and Guilds Craft, BTEC First or General Diploma, RSA Diploma",1,Female,4750
E12000007,London,6,Aged 30 to 34 years,1,"Asian, Asian British or Asian Welsh",2,"Level 2 qualifications: 5 or more GCSEs (A* to C or 9 to 4), O levels (passes), CSEs (grade 1), School Certification, 1 A level, 2 to 3 AS levels, VCEs, Intermediate or Higher Diploma, Welsh Baccalaureate Intermediate Diploma, NVQ level 2, Intermediate GNVQ, City and Guilds Craft, BTEC First or General Diploma, RSA Diploma",2,Male,5190
E12000007,London,6,Aged 30 to 34 years,1,"Asian, Asian British or Asian Welsh",3,"Level 3 qualifications: 2 or more A levels or VCEs, 4 or more AS levels, Higher School Certificate, Progression or Advanced Diploma, Welsh Baccalaureate Advance Diploma, NVQ level 3; Advanced GNVQ, City and Guilds Advanced Craft, ONC, OND, BTEC National, RSA Advanced Diploma",1,Female,7411
E12000007,London,6,Aged 30 to 34 years,1,"Asian, Asian British or Asian Welsh",3,"Level 3 qualifications: 2 or more A levels or VCEs, 4 or more AS levels, Higher School Certificate, Progression or Advanced Diploma, Welsh Baccalaureate Advance Diploma, NVQ level 3; Advanced GNVQ, City and Guilds Advanced Craft, ONC, OND, BTEC National, RSA Advanced Diploma",2,Male,7306
E12000007,London,6,Aged 30 to 34 years,1,"Asian, Asian British or Asian Welsh",4,"Level 4 qualifications or above: degree (BA, BSc), higher degree (MA, PhD, PGCE), NVQ level 4 to 5, HNC, HND, RSA Higher Diploma, BTEC Higher level, professional qualifications (for example, teaching, nursing, accountancy)",1,Female,60337
E12000007,London,6,Aged 30 to 34 years,1,"Asian, Asian British or Asian Welsh",4,"Level 4 qualifications or above: degree (BA, BSc), higher degree (MA, PhD, PGCE), NVQ level 4 to 5, HNC, HND, RSA Higher Diploma, BTEC Higher level, professional qualifications (for example, teaching, nursing, accountancy)",2,Male,49609
E12000007,London,6,Aged 30 to 34 years,1,"Asian, Asian British or Asian Welsh",5,"Other: apprenticeships, vocational or work-related qualifications, other qualifications achieved in England or Wales, qualifications achieved outside England or Wales (equivalent not stated or unknown)",1,Female,4024
E12000007,London,6,Aged 30 to 34 years,1,"Asian, Asian British or Asian Welsh",5,"Other: apprenticeships, vocational or work-related qualifications, other qualifications achieved in England or Wales, qualifications achieved outside England or Wales (equivalent not stated or unknown)",2,Male,3850
E12000007,London,6,Aged 30 to 34 years,2,"Black, Black British, Black Welsh, Caribbean or African",-8,Does not apply,1,Female,0
E12000007,London,6,Aged 30 to 34 years,2,"Black, Black British, Black Welsh, Caribbean or African",-8,Does not apply,2,Male,0
E12000007,London,6,Aged 30 to 34 years,2,"Black, Black British, Black Welsh, Caribbean or African",0,No qualifications,1,Female,3505
E12000007,London,6,Aged 30 to 34 years,2,"Black, Black British, Black Welsh, Caribbean or African",0,No qualifications,2,Male,2939
E12000007,London,6,Aged 30 to 34 years,2,"Black, Black British, Black Welsh, Caribbean or African",1,"Level 1 and entry level qualifications: 1 to 4 GCSEs grade A* to C, Any GCSEs at other grades, O levels or CSEs (any grades), 1 AS level, NVQ level 1, Foundation GNVQ, Basic or Essential Skills",1,Female,2816
E12000007,London,6,Aged 30 to 34 years,2,"Black, Black British, Black Welsh, Caribbean or African",1,"Level 1 and entry level qualifications: 1 to 4 GCSEs grade A* to C, Any GCSEs at other grades, O levels or CSEs (any grades), 1 AS level, NVQ level 1, Foundation GNVQ, Basic or Essential Skills",2,Male,2458
E12000007,London,6,Aged 30 to 34 years,2,"Black, Black British, Black Welsh, Caribbean or African",2,"Level 2 qualifications: 5 or more GCSEs (A* to C or 9 to 4), O levels (passes), CSEs (grade 1), School Certification, 1 A level, 2 to 3 AS levels, VCEs, Intermediate or Higher Diploma, Welsh Baccalaureate Intermediate Diploma, NVQ level 2, Intermediate GNVQ, City and Guilds Craft, BTEC First or General Diploma, RSA Diploma",1,Female,3432
E12000007,London,6,Aged 30 to 34 years,2,"Black, Black British, Black Welsh, Caribbean or African",2,"Level 2 qualifications: 5 or more GCSEs (A* to C or 9 to 4), O levels (passes), CSEs (grade 1), School Certification, 1 A level, 2 to 3 AS levels, VCEs, Intermediate or Higher Diploma, Welsh Baccalaureate Intermediate Diploma, NVQ level 2, Intermediate GNVQ, City and Guilds Craft, BTEC First or General Diploma, RSA Diploma",2,Male,3288
E12000007,London,6,Aged 30 to 34 years,2,"Black, Black British, Black Welsh, Caribbean or African",3,"Level 3 qualifications: 2 or more A levels or VCEs, 4 or more AS levels, Higher School Certificate, Progression or Advanced Diploma, Welsh Baccalaureate Advance Diploma, NVQ level 3; Advanced GNVQ, City and Guilds Advanced Craft, ONC, OND, BTEC National, RSA Advanced Diploma",1,Female,6375
E12000007,London,6,Aged 30 to 34 years,2,"Black, Black British, Black Welsh, Caribbean or African",3,"Level 3 qualifications: 2 or more A levels or VCEs, 4 or more AS levels, Higher School Certificate, Progression or Advanced Diploma, Welsh Baccalaureate Advance Diploma, NVQ level 3; Advanced GNVQ, City and Guilds Advanced Craft, ONC, OND, BTEC National, RSA Advanced Diploma",2,Male,5668
E12000007,London,6,Aged 30 to 34 years,2,"Black, Black British, Black Welsh, Caribbean or African",4,"Level 4 qualifications or above: degree (BA, BSc), higher degree (MA, PhD, PGCE), NVQ level 4 to 5, HNC, HND, RSA Higher Diploma, BTEC Higher level, professional qualifications (for example, teaching, nursing, accountancy)",1,Female,28750
E12000007,London,6,Aged 30 to 34 years,2,"Black, Black British, Black Welsh, Caribbean or African",4,"Level 4 qualifications or above: degree (BA, BSc), higher degree (MA, PhD, PGCE), NVQ level 4 to 5, HNC, HND, RSA Higher Diploma, BTEC Higher level, professional qualifications (for example, teaching, nursing, accountancy)",2,Male,18653
E12000007,London,6,Aged 30 to 34 years,2,"Black, Black British, Black Welsh, Caribbean or African",5,"Other: apprenticeships, vocational or work-related qualifications, other qualifications achieved in England or Wales, qualifications achieved outside England or Wales (equivalent not stated or unknown)",1,Female,1670
E12000007,London,6,Aged 30 to 34 years,2,"Black, Black British, Black Welsh, Caribbean or African",5,"Other: apprenticeships, vocational or work-related qualifications, other qualifications achieved in England or Wales, qualifications achieved outside England or Wales (equivalent not stated or unknown)",2,Male,1748
E12000007,London,6,Aged 30 to 34 years,3,Mixed or Multiple ethnic groups,-8,Does not apply,1,Female,0
E12000007,London,6,Aged 30 to 34 years,3,Mixed or Multiple ethnic groups,-8,Does not apply,2,Male,0
E12000007,London,6,Aged 30 to 34 years,3,Mixed or Multiple ethnic groups,0,No qualifications,1,Female,1327
E12000007,London,6,Aged 30 to 34 years,3,Mixed or Multiple ethnic groups,0,No qualifications,2,Male,1503
E12000007,London,6,Aged 30 to 34 years,3,Mixed or Multiple ethnic groups,1,"Level 1 and entry level qualifications: 1 to 4 GCSEs grade A* to C, Any GCSEs at other grades, O levels or CSEs (any grades), 1 AS level, NVQ level 1, Foundation GNVQ, Basic or Essential Skills",1,Female,1023
E12000007,London,6,Aged 30 to 34 years,3,Mixed or Multiple ethnic groups,1,"Level 1 and entry level qualifications: 1 to 4 GCSEs grade A* to C, Any GCSEs at other grades, O levels or CSEs (any grades), 1 AS level, NVQ level 1, Foundation GNVQ, Basic or Essential Skills",2,Male,1188
E12000007,London,6,Aged 30 to 34 years,3,Mixed or Multiple ethnic groups,2,"Level 2 qualifications: 5 or more GCSEs (A* to C or 9 to 4), O levels (passes), CSEs (grade 1), School Certification, 1 A level, 2 to 3 AS levels, VCEs, Intermediate or Higher Diploma, Welsh Baccalaureate Intermediate Diploma, NVQ level 2, Intermediate GNVQ, City and Guilds Craft, BTEC First or General Diploma, RSA Diploma",1,Female,1775
E12000007,London,6,Aged 30 to 34 years,3,Mixed or Multiple ethnic groups,2,"Level 2 qualifications: 5 or more GCSEs (A* to C or 9 to 4), O levels (passes), CSEs (grade 1), School Certification, 1 A level, 2 to 3 AS levels, VCEs, Intermediate or Higher Diploma, Welsh Baccalaureate Intermediate Diploma, NVQ level 2, Intermediate GNVQ, City and Guilds Craft, BTEC First or General Diploma, RSA Diploma",2,Male,1643
E12000007,London,6,Aged 30 to 34 years,3,Mixed or Multiple ethnic groups,3,"Level 3 qualifications: 2 or more A levels or VCEs, 4 or more AS levels, Higher School Certificate, Progression or Advanced Diploma, Welsh Baccalaureate Advance Diploma, NVQ level 3; Advanced GNVQ, City and Guilds Advanced Craft, ONC, OND, BTEC National, RSA Advanced Diploma",1,Female,2920
E12000007,London,6,Aged 30 to 34 years,3,Mixed or Multiple ethnic groups,3,"Level 3 qualifications: 2 or more A levels or VCEs, 4 or more AS levels, Higher School Certificate, Progression or Advanced Diploma, Welsh Baccalaureate Advance Diploma, NVQ level 3; Advanced GNVQ, City and Guilds Advanced Craft, ONC, OND, BTEC National, RSA Advanced Diploma",2,Male,2617
E12000007,London,6,Aged 30 to 34 years,3,Mixed or Multiple ethnic groups,4,"Level 4 qualifications or above: degree (BA, BSc), higher degree (MA, PhD, PGCE), NVQ level 4 to 5, HNC, HND, RSA Higher Diploma, BTEC Higher level, professional qualifications (for example, teaching, nursing, accountancy)",1,Female,14834
E12000007,London,6,Aged 30 to 34 years,3,Mixed or Multiple ethnic groups,4,"Level 4 qualifications or above: degree (BA, BSc), higher degree (MA, PhD, PGCE), NVQ level 4 to 5, HNC, HND, RSA Higher Diploma, BTEC Higher level, professional qualifications (for example, teaching, nursing, accountancy)",2,Male,11236
E12000007,London,6,Aged 30 to 34 years,3,Mixed or Multiple ethnic groups,5,"Other: apprenticeships, vocational or work-related qualifications, other qualifications achieved in England or Wales, qualifications achieved outside England or Wales (equivalent not stated or unknown)",1,Female,857
E12000007,London,6,Aged 30 to 34 years,3,Mixed or Multiple ethnic groups,5,"Other: apprenticeships, vocational or work-related qualifications, other qualifications achieved in England or Wales, qualifications achieved outside England or Wales (equivalent not stated or unknown)",2,Male,933
E12000007,London,6,Aged 30 to 34 years,4,White,-8,Does not apply,1,Female,0
E12000007,London,6,Aged 30 to 34 years,4,White,-8,Does not apply,2,Male,0
E12000007,London,6,Aged 30 to 34 years,4,White,0,No qualifications,1,Female,18101
E12000007,London,6,Aged 30 to 34 years,4,White,0,No qualifications,2,Male,19600
E12000007,London,6,Aged 30 to 34 years,4,White,1,"Level 1 and entry level qualifications: 1 to 4 GCSEs grade A* to C, Any GCSEs at other grades, O levels or CSEs (any grades), 1 AS level, NVQ level 1, Foundation GNVQ, Basic or Essential Skills",1,Female,9798
E12000007,London,6,Aged 30 to 34 years,4,White,1,"Level 1 and entry level qualifications: 1 to 4 GCSEs grade A* to C, Any GCSEs at other grades, O levels or CSEs (any grades), 1 AS level, NVQ level 1, Foundation GNVQ, Basic or Essential Skills",2,Male,11332
E12000007,London,6,Aged 30 to 34 years,4,White,2,"Level 2 qualifications: 5 or more GCSEs (A* to C or 9 to 4), O levels (passes), CSEs (grade 1), School Certification, 1 A level, 2 to 3 AS levels, VCEs, Intermediate or Higher Diploma, Welsh Baccalaureate Intermediate Diploma, NVQ level 2, Intermediate GNVQ, City and Guilds Craft, BTEC First or General Diploma, RSA Diploma",1,Female,13934
E12000007,London,6,Aged 30 to 34 years,4,White,2,"Level 2 qualifications: 5 or more GCSEs (A* to C or 9 to 4), O levels (passes), CSEs (grade 1), School Certification, 1 A level, 2 to 3 AS levels, VCEs, Intermediate or Higher Diploma, Welsh Baccalaureate Intermediate Diploma, NVQ level 2, Intermediate GNVQ, City and Guilds Craft, BTEC First or General Diploma, RSA Diploma",2,Male,15722
E12000007,London,6,Aged 30 to 34 years,4,White,3,"Level 3 qualifications: 2 or more A levels or VCEs, 4 or more AS levels, Higher School Certificate, Progression or Advanced Diploma, Welsh Baccalaureate Advance Diploma, NVQ level 3; Advanced GNVQ, City and Guilds Advanced Craft, ONC, OND, BTEC National, RSA Advanced Diploma",1,Female,24296
E12000007,London,6,Aged 30 to 34 years,4,White,3,"Level 3 qualifications: 2 or more A levels or VCEs, 4 or more AS levels, Higher School Certificate, Progression or Advanced Diploma, Welsh Baccalaureate Advance Diploma, NVQ level 3; Advanced GNVQ, City and Guilds Advanced Craft, ONC, OND, BTEC National, RSA Advanced Diploma",2,Male,26835
E12000007,London,6,Aged 30 to 34 years,4,White,4,"Level 4 qualifications or above: degree (BA, BSc), higher degree (MA, PhD, PGCE), NVQ level 4 to 5, HNC, HND, RSA Higher Diploma, BTEC Higher level, professional qualifications (for example, teaching, nursing, accountancy)",1,Female,159317
E12000007,London,6,Aged 30 to 34 years,4,White,4,"Level 4 qualifications or above: degree (BA, BSc), higher degree (MA, PhD, PGCE), NVQ level 4 to 5, HNC, HND, RSA Higher Diploma, BTEC Higher level, professional qualifications (for example, teaching, nursing, accountancy)",2,Male,143008
E12000007,London,6,Aged 30 to 34 years,4,White,5,"Other: apprenticeships, vocational or work-related qualifications, other qualifications achieved in England or Wales, qualifications achieved outside England or Wales (equivalent not stated or unknown)",1,Female,9931
E12000007,London,6,Aged 30 to 34 years,4,White,5,"Other: apprenticeships, vocational or work-related qualifications, other qualifications achieved in England or Wales, qualifications achieved outside England or Wales (equivalent not stated or unknown)",2,Male,12884
E12000007,London,6,Aged 30 to 34 years,5,Other ethnic group,-8,Does not apply,1,Female,0
E12000007,London,6,Aged 30 to 34 years,5,Other ethnic group,-8,Does not apply,2,Male,0
E12000007,London,6,Aged 30 to 34 years,5,Other ethnic group,0,No qualifications,1,Female,4224
E12000007,London,6,Aged 30 to 34 years,5,Other ethnic group,0,No qualifications,2,Male,4001
E12000007,London,6,Aged 30 to 34 years,5,Other ethnic group,1,"Level 1 and entry level qualifications: 1 to 4 GCSEs grade A* to C, Any GCSEs at other grades, O levels or CSEs (any grades), 1 AS level, NVQ level 1, Foundation GNVQ, Basic or Essential Skills",1,Female,1788
E12000007,London,6,Aged 30 to 34 years,5,Other ethnic group,1,"Level 1 and entry level qualifications: 1 to 4 GCSEs grade A* to C, Any GCSEs at other grades, O levels or CSEs (any grades), 1 AS level, NVQ level 1, Foundation GNVQ, Basic or Essential Skills",2,Male,1565
E12000007,London,6,Aged 30 to 34 years,5,Other ethnic group,2,"Level 2 qualifications: 5 or more GCSEs (A* to C or 9 to 4), O levels (passes), CSEs (grade 1), School Certification, 1 A level, 2 to 3 AS levels, VCEs, Intermediate or Higher Diploma, Welsh Baccalaureate Intermediate Diploma, NVQ level 2, Intermediate GNVQ, City and Guilds Craft, BTEC First or General Diploma, RSA Diploma",1,Female,1341
E12000007,London,6,Aged 30 to 34 years,5,Other ethnic group,2,"Level 2 qualifications: 5 or more GCSEs (A* to C or 9 to 4), O levels (passes), CSEs (grade 1), School Certification, 1 A level, 2 to 3 AS levels, VCEs, Intermediate or Higher Diploma, Welsh Baccalaureate Intermediate Diploma, NVQ level 2, Intermediate GNVQ, City and Guilds Craft, BTEC First or General Diploma, RSA Diploma",2,Male,1400
E12000007,London,6,Aged 30 to 34 years,5,Other ethnic group,3,"Level 3 qualifications: 2 or more A levels or VCEs, 4 or more AS levels, Higher School Certificate, Progression or Advanced Diploma, Welsh Baccalaureate Advance Diploma, NVQ level 3; Advanced GNVQ, City and Guilds Advanced Craft, ONC, OND, BTEC National, RSA Advanced Diploma",1,Female,2128
E12000007,London,6,Aged 30 to 34 years,5,Other ethnic group,3,"Level 3 qualifications: 2 or more A levels or VCEs, 4 or more AS levels, Higher School Certificate, Progression or Advanced Diploma, Welsh Baccalaureate Advance Diploma, NVQ level 3; Advanced GNVQ, City and Guilds Advanced Craft, ONC, OND, BTEC National, RSA Advanced Diploma",2,Male,2112
E12000007,London,6,Aged 30 to 34 years,5,Other ethnic group,4,"Level 4 qualifications or above: degree (BA, BSc), higher degree (MA, PhD, PGCE), NVQ level 4 to 5, HNC, HND, RSA Higher Diploma, BTEC Higher level, professional qualifications (for example, teaching, nursing, accountancy)",1,Female,14983
E12000007,London,6,Aged 30 to 34 years,5,Other ethnic group,4,"Level 4 qualifications or above: degree (BA, BSc), higher degree (MA, PhD, PGCE), NVQ level 4 to 5, HNC, HND, RSA Higher Diploma, BTEC Higher level, professional qualifications (for example, teaching, nursing, accountancy)",2,Male,12030
E12000007,London,6,Aged 30 to 34 years,5,Other ethnic group,5,"Other: apprenticeships, vocational or work-related qualifications, other qualifications achieved in England or Wales, qualifications achieved outside England or Wales (equivalent not stated or unknown)",1,Female,1595
E12000007,London,6,Aged 30 to 34 years,5,Other ethnic group,5,"Other: apprenticeships, vocational or work-related qualifications, other qualifications achieved in England or Wales, qualifications achieved outside England or Wales (equivalent not stated or unknown)",2,Male,1652
E12000007,London,7,Aged 35 to 39 years,-8,Does not apply,-8,Does not apply,1,Female,0
E12000007,London,7,Aged 35 to 39 years,-8,Does not apply,-8,Does not apply,2,Male,0
E12000007,London,7,Aged 35 to 39 years,-8,Does not apply,0,No qualifications,1,Female,0
E12000007,London,7,Aged 35 to 39 years,-8,Does not apply,0,No qualifications,2,Male,0
E12000007,London,7,Aged 35 to 39 years,-8,Does not apply,1,"Level 1 and entry level qualifications: 1 to 4 GCSEs grade A* to C, Any GCSEs at other grades, O levels or CSEs (any grades), 1 AS level, NVQ level 1, Foundation GNVQ, Basic or Essential Skills",1,Female,0
E12000007,London,7,Aged 35 to 39 years,-8,Does not apply,1,"Level 1 and entry level qualifications: 1 to 4 GCSEs grade A* to C, Any GCSEs at other grades, O levels or CSEs (any grades), 1 AS level, NVQ level 1, Foundation GNVQ, Basic or Essential Skills",2,Male,0
E12000007,London,7,Aged 35 to 39 years,-8,Does not apply,2,"Level 2 qualifications: 5 or more GCSEs (A* to C or 9 to 4), O levels (passes), CSEs (grade 1), School Certification, 1 A level, 2 to 3 AS levels, VCEs, Intermediate or Higher Diploma, Welsh Baccalaureate Intermediate Diploma, NVQ level 2, Intermediate GNVQ, City and Guilds Craft, BTEC First or General Diploma, RSA Diploma",1,Female,0
E12000007,London,7,Aged 35 to 39 years,-8,Does not apply,2,"Level 2 qualifications: 5 or more GCSEs (A* to C or 9 to 4), O levels (passes), CSEs (grade 1), School Certification, 1 A level, 2 to 3 AS levels, VCEs, Intermediate or Higher Diploma, Welsh Baccalaureate Intermediate Diploma, NVQ level 2, Intermediate GNVQ, City and Guilds Craft, BTEC First or General Diploma, RSA Diploma",2,Male,0
E12000007,London,7,Aged 35 to 39 years,-8,Does not apply,3,"Level 3 qualifications: 2 or more A levels or VCEs, 4 or more AS levels, Higher School Certificate, Progression or Advanced Diploma, Welsh Baccalaureate Advance Diploma, NVQ level 3; Advanced GNVQ, City and Guilds Advanced Craft, ONC, OND, BTEC National, RSA Advanced Diploma",1,Female,0
E12000007,London,7,Aged 35 to 39 years,-8,Does not apply,3,"Level 3 qualifications: 2 or more A levels or VCEs, 4 or more AS levels, Higher School Certificate, Progression or Advanced Diploma, Welsh Baccalaureate Advance Diploma, NVQ level 3; Advanced GNVQ, City and Guilds Advanced Craft, ONC, OND, BTEC National, RSA Advanced Diploma",2,Male,0
E12000007,London,7,Aged 35 to 39 years,-8,Does not apply,4,"Level 4 qualifications or above: degree (BA, BSc), higher degree (MA, PhD, PGCE), NVQ level 4 to 5, HNC, HND, RSA Higher Diploma, BTEC Higher level, professional qualifications (for example, teaching, nursing, accountancy)",1,Female,0
E12000007,London,7,Aged 35 to 39 years,-8,Does not apply,4,"Level 4 qualifications or above: degree (BA, BSc), higher degree (MA, PhD, PGCE), NVQ level 4 to 5, HNC, HND, RSA Higher Diploma, BTEC Higher level, professional qualifications (for example, teaching, nursing, accountancy)",2,Male,0
E12000007,London,7,Aged 35 to 39 years,-8,Does not apply,5,"Other: apprenticeships, vocational or work-related qualifications, other qualifications achieved in England or Wales, qualifications achieved outside England or Wales (equivalent not stated or unknown)",1,Female,0
E12000007,London,7,Aged 35 to 39 years,-8,Does not apply,5,"Other: apprenticeships, vocational or work-related qualifications, other qualifications achieved in England or Wales, qualifications achieved outside England or Wales (equivalent not stated or unknown)",2,Male,0
E12000007,London,7,Aged 35 to 39 years,1,"Asian, Asian British or Asian Welsh",-8,Does not apply,1,Female,0
E12000007,London,7,Aged 35 to 39 years,1,"Asian, Asian British or Asian Welsh",-8,Does not apply,2,Male,0
E12000007,London,7,Aged 35 to 39 years,1,"Asian, Asian British or Asian Welsh",0,No qualifications,1,Female,10462
E12000007,London,7,Aged 35 to 39 years,1,"Asian, Asian British or Asian Welsh",0,No qualifications,2,Male,8315
E12000007,London,7,Aged 35 to 39 years,1,"Asian, Asian British or Asian Welsh",1,"Level 1 and entry level qualifications: 1 to 4 GCSEs grade A* to C, Any GCSEs at other grades, O levels or CSEs (any grades), 1 AS level, NVQ level 1, Foundation GNVQ, Basic or Essential Skills",1,Female,6852
E12000007,London,7,Aged 35 to 39 years,1,"Asian, Asian British or Asian Welsh",1,"Level 1 and entry level qualifications: 1 to 4 GCSEs grade A* to C, Any GCSEs at other grades, O levels or CSEs (any grades), 1 AS level, NVQ level 1, Foundation GNVQ, Basic or Essential Skills",2,Male,5633
E12000007,London,7,Aged 35 to 39 years,1,"Asian, Asian British or Asian Welsh",2,"Level 2 qualifications: 5 or more GCSEs (A* to C or 9 to 4), O levels (passes), CSEs (grade 1), School Certification, 1 A level, 2 to 3 AS levels, VCEs, Intermediate or Higher Diploma, Welsh Baccalaureate Intermediate Diploma, NVQ level 2, Intermediate GNVQ, City and Guilds Craft, BTEC First or General Diploma, RSA Diploma",1,Female,5988
E12000007,London,7,Aged 35 to 39 years,1,"Asian, Asian British or Asian Welsh",2,"Level 2 qualifications: 5 or more GCSEs (A* to C or 9 to 4), O levels (passes), CSEs (grade 1), School Certification, 1 A level, 2 to 3 AS levels, VCEs, Intermediate or Higher Diploma, Welsh Baccalaureate Intermediate Diploma, NVQ level 2, Intermediate GNVQ, City and Guilds Craft, BTEC First or General Diploma, RSA Diploma",2,Male,5271
E12000007,London,7,Aged 35 to 39 years,1,"Asian, Asian British or Asian Welsh",3,"Level 3 qualifications: 2 or more A levels or VCEs, 4 or more AS levels, Higher School Certificate, Progression or Advanced Diploma, Welsh Baccalaureate Advance Diploma, NVQ level 3; Advanced GNVQ, City and Guilds Advanced Craft, ONC, OND, BTEC National, RSA Advanced Diploma",1,Female,7350
E12000007,London,7,Aged 35 to 39 years,1,"Asian, Asian British or Asian Welsh",3,"Level 3 qualifications: 2 or more A levels or VCEs, 4 or more AS levels, Higher School Certificate, Progression or Advanced Diploma, Welsh Baccalaureate Advance Diploma, NVQ level 3; Advanced GNVQ, City and Guilds Advanced Craft, ONC, OND, BTEC National, RSA Advanced Diploma",2,Male,6400
E12000007,London,7,Aged 35 to 39 years,1,"Asian, Asian British or Asian Welsh",4,"Level 4 qualifications or above: degree (BA, BSc), higher degree (MA, PhD, PGCE), NVQ level 4 to 5, HNC, HND, RSA Higher Diploma, BTEC Higher level, professional qualifications (for example, teaching, nursing, accountancy)",1,Female,57735
E12000007,London,7,Aged 35 to 39 years,1,"Asian, Asian British or Asian Welsh",4,"Level 4 qualifications or above: degree (BA, BSc), higher degree (MA, PhD, PGCE), NVQ level 4 to 5, HNC, HND, RSA Higher Diploma, BTEC Higher level, professional qualifications (for example, teaching, nursing, accountancy)",2,Male,52426
E12000007,London,7,Aged 35 to 39 years,1,"Asian, Asian British or Asian Welsh",5,"Other: apprenticeships, vocational or work-related qualifications, other qualifications achieved in England or Wales, qualifications achieved outside England or Wales (equivalent not stated or unknown)",1,Female,4383
E12000007,London,7,Aged 35 to 39 years,1,"Asian, Asian British or Asian Welsh",5,"Other: apprenticeships, vocational or work-related qualifications, other qualifications achieved in England or Wales, qualifications achieved outside England or Wales (equivalent not stated or unknown)",2,Male,4042
E12000007,London,7,Aged 35 to 39 years,2,"Black, Black British, Black Welsh, Caribbean or African",-8,Does not apply,1,Female,0
E12000007,London,7,Aged 35 to 39 years,2,"Black, Black British, Black Welsh, Caribbean or African",-8,Does not apply,2,Male,0
E12000007,London,7,Aged 35 to 39 years,2,"Black, Black British, Black Welsh, Caribbean or African",0,No qualifications,1,Female,4823
E12000007,London,7,Aged 35 to 39 years,2,"Black, Black British, Black Welsh, Caribbean or African",0,No qualifications,2,Male,3508
E12000007,London,7,Aged 35 to 39 years,2,"Black, Black British, Black Welsh, Caribbean or African",1,"Level 1 and entry level qualifications: 1 to 4 GCSEs grade A* to C, Any GCSEs at other grades, O levels or CSEs (any grades), 1 AS level, NVQ level 1, Foundation GNVQ, Basic or Essential Skills",1,Female,3503
E12000007,London,7,Aged 35 to 39 years,2,"Black, Black British, Black Welsh, Caribbean or African",1,"Level 1 and entry level qualifications: 1 to 4 GCSEs grade A* to C, Any GCSEs at other grades, O levels or CSEs (any grades), 1 AS level, NVQ level 1, Foundation GNVQ, Basic or Essential Skills",2,Male,2656
E12000007,London,7,Aged 35 to 39 years,2,"Black, Black British, Black Welsh, Caribbean or African",2,"Level 2 qualifications: 5 or more GCSEs (A* to C or 9 to 4), O levels (passes), CSEs (grade 1), School Certification, 1 A level, 2 to 3 AS levels, VCEs, Intermediate or Higher Diploma, Welsh Baccalaureate Intermediate Diploma, NVQ level 2, Intermediate GNVQ, City and Guilds Craft, BTEC First or General Diploma, RSA Diploma",1,Female,4101
E12000007,London,7,Aged 35 to 39 years,2,"Black, Black British, Black Welsh, Caribbean or African",2,"Level 2 qualifications: 5 or more GCSEs (A* to C or 9 to 4), O levels (passes), CSEs (grade 1), School Certification, 1 A level, 2 to 3 AS levels, VCEs, Intermediate or Higher Diploma, Welsh Baccalaureate Intermediate Diploma, NVQ level 2, Intermediate GNVQ, City and Guilds Craft, BTEC First or General Diploma, RSA Diploma",2,Male,3446
E12000007,London,7,Aged 35 to 39 years,2,"Black, Black British, Black Welsh, Caribbean or African",3,"Level 3 qualifications: 2 or more A levels or VCEs, 4 or more AS levels, Higher School Certificate, Progression or Advanced Diploma, Welsh Baccalaureate Advance Diploma, NVQ level 3; Advanced GNVQ, City and Guilds Advanced Craft, ONC, OND, BTEC National, RSA Advanced Diploma",1,Female,5566
E12000007,London,7,Aged 35 to 39 years,2,"Black, Black British, Black Welsh, Caribbean or African",3,"Level 3 qualifications: 2 or more A levels or VCEs, 4 or more AS levels, Higher School Certificate, Progression or Advanced Diploma, Welsh Baccalaureate Advance Diploma, NVQ level 3; Advanced GNVQ, City and Guilds Advanced Craft, ONC, OND, BTEC National, RSA Advanced Diploma",2,Male,4365
E12000007,London,7,Aged 35 to 39 years,2,"Black, Black British, Black Welsh, Caribbean or African",4,"Level 4 qualifications or above: degree (BA, BSc), higher degree (MA, PhD, PGCE), NVQ level 4 to 5, HNC, HND, RSA Higher Diploma, BTEC Higher level, professional qualifications (for example, teaching, nursing, accountancy)",1,Female,25536
E12000007,London,7,Aged 35 to 39 years,2,"Black, Black British, Black Welsh, Caribbean or African",4,"Level 4 qualifications or above: degree (BA, BSc), higher degree (MA, PhD, PGCE), NVQ level 4 to 5, HNC, HND, RSA Higher Diploma, BTEC Higher level, professional qualifications (for example, teaching, nursing, accountancy)",2,Male,16230
E12000007,London,7,Aged 35 to 39 years,2,"Black, Black British, Black Welsh, Caribbean or African",5,"Other: apprenticeships, vocational or work-related qualifications, other qualifications achieved in England or Wales, qualifications achieved outside England or Wales (equivalent not stated or unknown)",1,Female,2043
E12000007,London,7,Aged 35 to 39 years,2,"Black, Black British, Black Welsh, Caribbean or African",5,"Other: apprenticeships, vocational or work-related qualifications, other qualifications achieved in England or Wales, qualifications achieved outside England or Wales (equivalent not stated or unknown)",2,Male,1710
E12000007,London,7,Aged 35 to 39 years,3,Mixed or Multiple ethnic groups,-8,Does not apply,1,Female,0
E12000007,London,7,Aged 35 to 39 years,3,Mixed or Multiple ethnic groups,-8,Does not apply,2,Male,0
E12000007,London,7,Aged 35 to 39 years,3,Mixed or Multiple ethnic groups,0,No qualifications,1,Female,1286
E12000007,London,7,Aged 35 to 39 years,3,Mixed or Multiple ethnic groups,0,No qualifications,2,Male,1521
E12000007,London,7,Aged 35 to 39 years,3,Mixed or Multiple ethnic groups,1,"Level 1 and entry level qualifications: 1 to 4 GCSEs grade A* to C, Any GCSEs at other grades, O levels or CSEs (any grades), 1 AS level, NVQ level 1, Foundation GNVQ, Basic or Essential Skills",1,Female,979
E12000007,London,7,Aged 35 to 39 years,3,Mixed or Multiple ethnic groups,1,"Level 1 and entry level qualifications: 1 to 4 GCSEs grade A* to C, Any GCSEs at other grades, O levels or CSEs (any grades), 1 AS level, NVQ level 1, Foundation GNVQ, Basic or Essential Skills",2,Male,890
E12000007,London,7,Aged 35 to 39 years,3,Mixed or Multiple ethnic groups,2,"Level 2 qualifications: 5 or more GCSEs (A* to C or 9 to 4), O levels (passes), CSEs (grade 1), School Certification, 1 A level, 2 to 3 AS levels, VCEs, Intermediate or Higher Diploma, Welsh Baccalaureate Intermediate Diploma, NVQ level 2, Intermediate GNVQ, City and Guilds Craft, BTEC First or General Diploma, RSA Diploma",1,Female,1527
E12000007,London,7,Aged 35 to 39 years,3,Mixed or Multiple ethnic groups,2,"Level 2 qualifications: 5 or more GCSEs (A* to C or 9 to 4), O levels (passes), CSEs (grade 1), School Certification, 1 A level, 2 to 3 AS levels, VCEs, Intermediate or Higher Diploma, Welsh Baccalaureate Intermediate Diploma, NVQ level 2, Intermediate GNVQ, City and Guilds Craft, BTEC First or General Diploma, RSA Diploma",2,Male,1315
E12000007,London,7,Aged 35 to 39 years,3,Mixed or Multiple ethnic groups,3,"Level 3 qualifications: 2 or more A levels or VCEs, 4 or more AS levels, Higher School Certificate, Progression or Advanced Diploma, Welsh Baccalaureate Advance Diploma, NVQ level 3; Advanced GNVQ, City and Guilds Advanced Craft, ONC, OND, BTEC National, RSA Advanced Diploma",1,Female,2198
E12000007,London,7,Aged 35 to 39 years,3,Mixed or Multiple ethnic groups,3,"Level 3 qualifications: 2 or more A levels or VCEs, 4 or more AS levels, Higher School Certificate, Progression or Advanced Diploma, Welsh Baccalaureate Advance Diploma, NVQ level 3; Advanced GNVQ, City and Guilds Advanced Craft, ONC, OND, BTEC National, RSA Advanced Diploma",2,Male,1974
E12000007,London,7,Aged 35 to 39 years,3,Mixed or Multiple ethnic groups,4,"Level 4 qualifications or above: degree (BA, BSc), higher degree (MA, PhD, PGCE), NVQ level 4 to 5, HNC, HND, RSA Higher Diploma, BTEC Higher level, professional qualifications (for example, teaching, nursing, accountancy)",1,Female,10872
E12000007,London,7,Aged 35 to 39 years,3,Mixed or Multiple ethnic groups,4,"Level 4 qualifications or above: degree (BA, BSc), higher degree (MA, PhD, PGCE), NVQ level 4 to 5, HNC, HND, RSA Higher Diploma, BTEC Higher level, professional qualifications (for example, teaching, nursing, accountancy)",2,Male,8093
E12000007,London,7,Aged 35 to 39 years,3,Mixed or Multiple ethnic groups,5,"Other: apprenticeships, vocational or work-related qualifications, other qualifications achieved in England or Wales, qualifications achieved outside England or Wales (equivalent not stated or unknown)",1,Female,670
E12000007,London,7,Aged 35 to 39 years,3,Mixed or Multiple ethnic groups,5,"Other: apprenticeships, vocational or work-related qualifications, other qualifications achieved in England or Wales, qualifications achieved outside England or Wales (equivalent not stated or unknown)",2,Male,798
E12000007,London,7,Aged 35 to 39 years,4,White,-8,Does not apply,1,Female,0
E12000007,London,7,Aged 35 to 39 years,4,White,-8,Does not apply,2,Male,0
E12000007,London,7,Aged 35 to 39 years,4,White,0,No qualifications,1,Female,17282
E12000007,London,7,Aged 35 to 39 years,4,White,0,No qualifications,2,Male,19465
E12000007,London,7,Aged 35 to 39 years,4,White,1,"Level 1 and entry level qualifications: 1 to 4 GCSEs grade A* to C, Any GCSEs at other grades, O levels or CSEs (any grades), 1 AS level, NVQ level 1, Foundation GNVQ, Basic or Essential Skills",1,Female,9993
E12000007,London,7,Aged 35 to 39 years,4,White,1,"Level 1 and entry level qualifications: 1 to 4 GCSEs grade A* to C, Any GCSEs at other grades, O levels or CSEs (any grades), 1 AS level, NVQ level 1, Foundation GNVQ, Basic or Essential Skills",2,Male,11468
E12000007,London,7,Aged 35 to 39 years,4,White,2,"Level 2 qualifications: 5 or more GCSEs (A* to C or 9 to 4), O levels (passes), CSEs (grade 1), School Certification, 1 A level, 2 to 3 AS levels, VCEs, Intermediate or Higher Diploma, Welsh Baccalaureate Intermediate Diploma, NVQ level 2, Intermediate GNVQ, City and Guilds Craft, BTEC First or General Diploma, RSA Diploma",1,Female,14182
E12000007,London,7,Aged 35 to 39 years,4,White,2,"Level 2 qualifications: 5 or more GCSEs (A* to C or 9 to 4), O levels (passes), CSEs (grade 1), School Certification, 1 A level, 2 to 3 AS levels, VCEs, Intermediate or Higher Diploma, Welsh Baccalaureate Intermediate Diploma, NVQ level 2, Intermediate GNVQ, City and Guilds Craft, BTEC First or General Diploma, RSA Diploma",2,Male,15011
E12000007,London,7,Aged 35 to 39 years,4,White,3,"Level 3 qualifications: 2 or more A levels or VCEs, 4 or more AS levels, Higher School Certificate, Progression or Advanced Diploma, Welsh Baccalaureate Advance Diploma, NVQ level 3; Advanced GNVQ, City and Guilds Advanced Craft, ONC, OND, BTEC National, RSA Advanced Diploma",1,Female,21380
E12000007,London,7,Aged 35 to 39 years,4,White,3,"Level 3 qualifications: 2 or more A levels or VCEs, 4 or more AS levels, Higher School Certificate, Progression or Advanced Diploma, Welsh Baccalaureate Advance Diploma, NVQ level 3; Advanced GNVQ, City and Guilds Advanced Craft, ONC, OND, BTEC National, RSA Advanced Diploma",2,Male,23265
E12000007,London,7,Aged 35 to 39 years,4,White,4,"Level 4 qualifications or above: degree (BA, BSc), higher degree (MA, PhD, PGCE), NVQ level 4 to 5, HNC, HND, RSA Higher Diploma, BTEC Higher level, professional qualifications (for example, teaching, nursing, accountancy)",1,Female,127807
E12000007,London,7,Aged 35 to 39 years,4,White,4,"Level 4 qualifications or above: degree (BA, BSc), higher degree (MA, PhD, PGCE), NVQ level 4 to 5, HNC, HND, RSA Higher Diploma, BTEC Higher level, professional qualifications (for example, teaching, nursing, accountancy)",2,Male,118180
E12000007,London,7,Aged 35 to 39 years,4,White,5,"Other: apprenticeships, vocational or work-related qualifications, other qualifications achieved in England or Wales, qualifications achieved outside England or Wales (equivalent not stated or unknown)",1,Female,8954
E12000007,London,7,Aged 35 to 39 years,4,White,5,"Other: apprenticeships, vocational or work-related qualifications, other qualifications achieved in England or Wales, qualifications achieved outside England or Wales (equivalent not stated or unknown)",2,Male,12225
E12000007,London,7,Aged 35 to 39 years,5,Other ethnic group,-8,Does not apply,1,Female,0
E12000007,London,7,Aged 35 to 39 years,5,Other ethnic group,-8,Does not apply,2,Male,0
E12000007,London,7,Aged 35 to 39 years,5,Other ethnic group,0,No qualifications,1,Female,4921
E12000007,London,7,Aged 35 to 39 years,5,Other ethnic group,0,No qualifications,2,Male,4589
E12000007,London,7,Aged 35 to 39 years,5,Other ethnic group,1,"Level 1 and entry level qualifications: 1 to 4 GCSEs grade A* to C, Any GCSEs at other grades, O levels or CSEs (any grades), 1 AS level, NVQ level 1, Foundation GNVQ, Basic or Essential Skills",1,Female,2194
E12000007,London,7,Aged 35 to 39 years,5,Other ethnic group,1,"Level 1 and entry level qualifications: 1 to 4 GCSEs grade A* to C, Any GCSEs at other grades, O levels or CSEs (any grades), 1 AS level, NVQ level 1, Foundation GNVQ, Basic or Essential Skills",2,Male,1836
E12000007,London,7,Aged 35 to 39 years,5,Other ethnic group,2,"Level 2 qualifications: 5 or more GCSEs (A* to C or 9 to 4), O levels (passes), CSEs (grade 1), School Certification, 1 A level, 2 to 3 AS levels, VCEs, Intermediate or Higher Diploma, Welsh Baccalaureate Intermediate Diploma, NVQ level 2, Intermediate GNVQ, City and Guilds Craft, BTEC First or General Diploma, RSA Diploma",1,Female,1557
E12000007,London,7,Aged 35 to 39 years,5,Other ethnic group,2,"Level 2 qualifications: 5 or more GCSEs (A* to C or 9 to 4), O levels (passes), CSEs (grade 1), School Certification, 1 A level, 2 to 3 AS levels, VCEs, Intermediate or Higher Diploma, Welsh Baccalaureate Intermediate Diploma, NVQ level 2, Intermediate GNVQ, City and Guilds Craft, BTEC First or General Diploma, RSA Diploma",2,Male,1373
E12000007,London,7,Aged 35 to 39 years,5,Other ethnic group,3,"Level 3 qualifications: 2 or more A levels or VCEs, 4 or more AS levels, Higher School Certificate, Progression or Advanced Diploma, Welsh Baccalaureate Advance Diploma, NVQ level 3; Advanced GNVQ, City and Guilds Advanced Craft, ONC, OND, BTEC National, RSA Advanced Diploma",1,Female,2131
E12000007,London,7,Aged 35 to 39 years,5,Other ethnic group,3,"Level 3 qualifications: 2 or more A levels or VCEs, 4 or more AS levels, Higher School Certificate, Progression or Advanced Diploma, Welsh Baccalaureate Advance Diploma, NVQ level 3; Advanced GNVQ, City and Guilds Advanced Craft, ONC, OND, BTEC National, RSA Advanced Diploma",2,Male,1938
E12000007,London,7,Aged 35 to 39 years,5,Other ethnic group,4,"Level 4 qualifications or above: degree (BA, BSc), higher degree (MA, PhD, PGCE), NVQ level 4 to 5, HNC, HND, RSA Higher Diploma, BTEC Higher level, professional qualifications (for example, teaching, nursing, accountancy)",1,Female,13687
E12000007,London,7,Aged 35 to 39 years,5,Other ethnic group,4,"Level 4 qualifications or above: degree (BA, BSc), higher degree (MA, PhD, PGCE), NVQ level 4 to 5, HNC, HND, RSA Higher Diploma, BTEC Higher level, professional qualifications (for example, teaching, nursing, accountancy)",2,Male,11233
E12000007,London,7,Aged 35 to 39 years,5,Other ethnic group,5,"Other: apprenticeships, vocational or work-related qualifications, other qualifications achieved in England or Wales, qualifications achieved outside England or Wales (equivalent not stated or unknown)",1,Female,1670
E12000007,London,7,Aged 35 to 39 years,5,Other ethnic group,5,"Other: apprenticeships, vocational or work-related qualifications, other qualifications achieved in England or Wales, qualifications achieved outside England or Wales (equivalent not stated or unknown)",2,Male,1676
E12000007,London,8,Aged 40 to 44 years,-8,Does not apply,-8,Does not apply,1,Female,0
E12000007,London,8,Aged 40 to 44 years,-8,Does not apply,-8,Does not apply,2,Male,0
E12000007,London,8,Aged 40 to 44 years,-8,Does not apply,0,No qualifications,1,Female,0
E12000007,London,8,Aged 40 to 44 years,-8,Does not apply,0,No qualifications,2,Male,0
E12000007,London,8,Aged 40 to 44 years,-8,Does not apply,1,"Level 1 and entry level qualifications: 1 to 4 GCSEs grade A* to C, Any GCSEs at other grades, O levels or CSEs (any grades), 1 AS level, NVQ level 1, Foundation GNVQ, Basic or Essential Skills",1,Female,0
E12000007,London,8,Aged 40 to 44 years,-8,Does not apply,1,"Level 1 and entry level qualifications: 1 to 4 GCSEs grade A* to C, Any GCSEs at other grades, O levels or CSEs (any grades), 1 AS level, NVQ level 1, Foundation GNVQ, Basic or Essential Skills",2,Male,0
E12000007,London,8,Aged 40 to 44 years,-8,Does not apply,2,"Level 2 qualifications: 5 or more GCSEs (A* to C or 9 to 4), O levels (passes), CSEs (grade 1), School Certification, 1 A level, 2 to 3 AS levels, VCEs, Intermediate or Higher Diploma, Welsh Baccalaureate Intermediate Diploma, NVQ level 2, Intermediate GNVQ, City and Guilds Craft, BTEC First or General Diploma, RSA Diploma",1,Female,0
E12000007,London,8,Aged 40 to 44 years,-8,Does not apply,2,"Level 2 qualifications: 5 or more GCSEs (A* to C or 9 to 4), O levels (passes), CSEs (grade 1), School Certification, 1 A level, 2 to 3 AS levels, VCEs, Intermediate or Higher Diploma, Welsh Baccalaureate Intermediate Diploma, NVQ level 2, Intermediate GNVQ, City and Guilds Craft, BTEC First or General Diploma, RSA Diploma",2,Male,0
E12000007,London,8,Aged 40 to 44 years,-8,Does not apply,3,"Level 3 qualifications: 2 or more A levels or VCEs, 4 or more AS levels, Higher School Certificate, Progression or Advanced Diploma, Welsh Baccalaureate Advance Diploma, NVQ level 3; Advanced GNVQ, City and Guilds Advanced Craft, ONC, OND, BTEC National, RSA Advanced Diploma",1,Female,0
E12000007,London,8,Aged 40 to 44 years,-8,Does not apply,3,"Level 3 qualifications: 2 or more A levels or VCEs, 4 or more AS levels, Higher School Certificate, Progression or Advanced Diploma, Welsh Baccalaureate Advance Diploma, NVQ level 3; Advanced GNVQ, City and Guilds Advanced Craft, ONC, OND, BTEC National, RSA Advanced Diploma",2,Male,0
E12000007,London,8,Aged 40 to 44 years,-8,Does not apply,4,"Level 4 qualifications or above: degree (BA, BSc), higher degree (MA, PhD, PGCE), NVQ level 4 to 5, HNC, HND, RSA Higher Diploma, BTEC Higher level, professional qualifications (for example, teaching, nursing, accountancy)",1,Female,0
E12000007,London,8,Aged 40 to 44 years,-8,Does not apply,4,"Level 4 qualifications or above: degree (BA, BSc), higher degree (MA, PhD, PGCE), NVQ level 4 to 5, HNC, HND, RSA Higher Diploma, BTEC Higher level, professional qualifications (for example, teaching, nursing, accountancy)",2,Male,0
E12000007,London,8,Aged 40 to 44 years,-8,Does not apply,5,"Other: apprenticeships, vocational or work-related qualifications, other qualifications achieved in England or Wales, qualifications achieved outside England or Wales (equivalent not stated or unknown)",1,Female,0
E12000007,London,8,Aged 40 to 44 years,-8,Does not apply,5,"Other: apprenticeships, vocational or work-related qualifications, other qualifications achieved in England or Wales, qualifications achieved outside England or Wales (equivalent not stated or unknown)",2,Male,0
E12000007,London,8,Aged 40 to 44 years,1,"Asian, Asian British or Asian Welsh",-8,Does not apply,1,Female,0
E12000007,London,8,Aged 40 to 44 years,1,"Asian, Asian British or Asian Welsh",-8,Does not apply,2,Male,0
E12000007,London,8,Aged 40 to 44 years,1,"Asian, Asian British or Asian Welsh",0,No qualifications,1,Female,11713
E12000007,London,8,Aged 40 to 44 years,1,"Asian, Asian British or Asian Welsh",0,No qualifications,2,Male,10612
E12000007,London,8,Aged 40 to 44 years,1,"Asian, Asian British or Asian Welsh",1,"Level 1 and entry level qualifications: 1 to 4 GCSEs grade A* to C, Any GCSEs at other grades, O levels or CSEs (any grades), 1 AS level, NVQ level 1, Foundation GNVQ, Basic or Essential Skills",1,Female,7002
E12000007,London,8,Aged 40 to 44 years,1,"Asian, Asian British or Asian Welsh",1,"Level 1 and entry level qualifications: 1 to 4 GCSEs grade A* to C, Any GCSEs at other grades, O levels or CSEs (any grades), 1 AS level, NVQ level 1, Foundation GNVQ, Basic or Essential Skills",2,Male,6110
E12000007,London,8,Aged 40 to 44 years,1,"Asian, Asian British or Asian Welsh",2,"Level 2 qualifications: 5 or more GCSEs (A* to C or 9 to 4), O levels (passes), CSEs (grade 1), School Certification, 1 A level, 2 to 3 AS levels, VCEs, Intermediate or Higher Diploma, Welsh Baccalaureate Intermediate Diploma, NVQ level 2, Intermediate GNVQ, City and Guilds Craft, BTEC First or General Diploma, RSA Diploma",1,Female,5697
E12000007,London,8,Aged 40 to 44 years,1,"Asian, Asian British or Asian Welsh",2,"Level 2 qualifications: 5 or more GCSEs (A* to C or 9 to 4), O levels (passes), CSEs (grade 1), School Certification, 1 A level, 2 to 3 AS levels, VCEs, Intermediate or Higher Diploma, Welsh Baccalaureate Intermediate Diploma, NVQ level 2, Intermediate GNVQ, City and Guilds Craft, BTEC First or General Diploma, RSA Diploma",2,Male,5369
E12000007,London,8,Aged 40 to 44 years,1,"Asian, Asian British or Asian Welsh",3,"Level 3 qualifications: 2 or more A levels or VCEs, 4 or more AS levels, Higher School Certificate, Progression or Advanced Diploma, Welsh Baccalaureate Advance Diploma, NVQ level 3; Advanced GNVQ, City and Guilds Advanced Craft, ONC, OND, BTEC National, RSA Advanced Diploma",1,Female,7480
E12000007,London,8,Aged 40 to 44 years,1,"Asian, Asian British or Asian Welsh",3,"Level 3 qualifications: 2 or more A levels or VCEs, 4 or more AS levels, Higher School Certificate, Progression or Advanced Diploma, Welsh Baccalaureate Advance Diploma, NVQ level 3; Advanced GNVQ, City and Guilds Advanced Craft, ONC, OND, BTEC National, RSA Advanced Diploma",2,Male,6194
E12000007,London,8,Aged 40 to 44 years,1,"Asian, Asian British or Asian Welsh",4,"Level 4 qualifications or above: degree (BA, BSc), higher degree (MA, PhD, PGCE), NVQ level 4 to 5, HNC, HND, RSA Higher Diploma, BTEC Higher level, professional qualifications (for example, teaching, nursing, accountancy)",1,Female,46240
E12000007,London,8,Aged 40 to 44 years,1,"Asian, Asian British or Asian Welsh",4,"Level 4 qualifications or above: degree (BA, BSc), higher degree (MA, PhD, PGCE), NVQ level 4 to 5, HNC, HND, RSA Higher Diploma, BTEC Higher level, professional qualifications (for example, teaching, nursing, accountancy)",2,Male,45789
E12000007,London,8,Aged 40 to 44 years,1,"Asian, Asian British or Asian Welsh",5,"Other: apprenticeships, vocational or work-related qualifications, other qualifications achieved in England or Wales, qualifications achieved outside England or Wales (equivalent not stated or unknown)",1,Female,4278
E12000007,London,8,Aged 40 to 44 years,1,"Asian, Asian British or Asian Welsh",5,"Other: apprenticeships, vocational or work-related qualifications, other qualifications achieved in England or Wales, qualifications achieved outside England or Wales (equivalent not stated or unknown)",2,Male,4320
E12000007,London,8,Aged 40 to 44 years,2,"Black, Black British, Black Welsh, Caribbean or African",-8,Does not apply,1,Female,0
E12000007,London,8,Aged 40 to 44 years,2,"Black, Black British, Black Welsh, Caribbean or African",-8,Does not apply,2,Male,0
E12000007,London,8,Aged 40 to 44 years,2,"Black, Black British, Black Welsh, Caribbean or African",0,No qualifications,1,Female,5882
E12000007,London,8,Aged 40 to 44 years,2,"Black, Black British, Black Welsh, Caribbean or African",0,No qualifications,2,Male,4007
E12000007,London,8,Aged 40 to 44 years,2,"Black, Black British, Black Welsh, Caribbean or African",1,"Level 1 and entry level qualifications: 1 to 4 GCSEs grade A* to C, Any GCSEs at other grades, O levels or CSEs (any grades), 1 AS level, NVQ level 1, Foundation GNVQ, Basic or Essential Skills",1,Female,3776
E12000007,London,8,Aged 40 to 44 years,2,"Black, Black British, Black Welsh, Caribbean or African",1,"Level 1 and entry level qualifications: 1 to 4 GCSEs grade A* to C, Any GCSEs at other grades, O levels or CSEs (any grades), 1 AS level, NVQ level 1, Foundation GNVQ, Basic or Essential Skills",2,Male,2835
E12000007,London,8,Aged 40 to 44 years,2,"Black, Black British, Black Welsh, Caribbean or African",2,"Level 2 qualifications: 5 or more GCSEs (A* to C or 9 to 4), O levels (passes), CSEs (grade 1), School Certification, 1 A level, 2 to 3 AS levels, VCEs, Intermediate or Higher Diploma, Welsh Baccalaureate Intermediate Diploma, NVQ level 2, Intermediate GNVQ, City and Guilds Craft, BTEC First or General Diploma, RSA Diploma",1,Female,4091
E12000007,London,8,Aged 40 to 44 years,2,"Black, Black British, Black Welsh, Caribbean or African",2,"Level 2 qualifications: 5 or more GCSEs (A* to C or 9 to 4), O levels (passes), CSEs (grade 1), School Certification, 1 A level, 2 to 3 AS levels, VCEs, Intermediate or Higher Diploma, Welsh Baccalaureate Intermediate Diploma, NVQ level 2, Intermediate GNVQ, City and Guilds Craft, BTEC First or General Diploma, RSA Diploma",2,Male,3264
E12000007,London,8,Aged 40 to 44 years,2,"Black, Black British, Black Welsh, Caribbean or African",3,"Level 3 qualifications: 2 or more A levels or VCEs, 4 or more AS levels, Higher School Certificate, Progression or Advanced Diploma, Welsh Baccalaureate Advance Diploma, NVQ level 3; Advanced GNVQ, City and Guilds Advanced Craft, ONC, OND, BTEC National, RSA Advanced Diploma",1,Female,6090
E12000007,London,8,Aged 40 to 44 years,2,"Black, Black British, Black Welsh, Caribbean or African",3,"Level 3 qualifications: 2 or more A levels or VCEs, 4 or more AS levels, Higher School Certificate, Progression or Advanced Diploma, Welsh Baccalaureate Advance Diploma, NVQ level 3; Advanced GNVQ, City and Guilds Advanced Craft, ONC, OND, BTEC National, RSA Advanced Diploma",2,Male,4195
E12000007,London,8,Aged 40 to 44 years,2,"Black, Black British, Black Welsh, Caribbean or African",4,"Level 4 qualifications or above: degree (BA, BSc), higher degree (MA, PhD, PGCE), NVQ level 4 to 5, HNC, HND, RSA Higher Diploma, BTEC Higher level, professional qualifications (for example, teaching, nursing, accountancy)",1,Female,24539
E12000007,London,8,Aged 40 to 44 years,2,"Black, Black British, Black Welsh, Caribbean or African",4,"Level 4 qualifications or above: degree (BA, BSc), higher degree (MA, PhD, PGCE), NVQ level 4 to 5, HNC, HND, RSA Higher Diploma, BTEC Higher level, professional qualifications (for example, teaching, nursing, accountancy)",2,Male,15510
E12000007,London,8,Aged 40 to 44 years,2,"Black, Black British, Black Welsh, Caribbean or African",5,"Other: apprenticeships, vocational or work-related qualifications, other qualifications achieved in England or Wales, qualifications achieved outside England or Wales (equivalent not stated or unknown)",1,Female,2260
E12000007,London,8,Aged 40 to 44 years,2,"Black, Black British, Black Welsh, Caribbean or African",5,"Other: apprenticeships, vocational or work-related qualifications, other qualifications achieved in England or Wales, qualifications achieved outside England or Wales (equivalent not stated or unknown)",2,Male,1851
E12000007,London,8,Aged 40 to 44 years,3,Mixed or Multiple ethnic groups,-8,Does not apply,1,Female,0
E12000007,London,8,Aged 40 to 44 years,3,Mixed or Multiple ethnic groups,-8,Does not apply,2,Male,0
E12000007,London,8,Aged 40 to 44 years,3,Mixed or Multiple ethnic groups,0,No qualifications,1,Female,1295
E12000007,London,8,Aged 40 to 44 years,3,Mixed or Multiple ethnic groups,0,No qualifications,2,Male,1302
E12000007,London,8,Aged 40 to 44 years,3,Mixed or Multiple ethnic groups,1,"Level 1 and entry level qualifications: 1 to 4 GCSEs grade A* to C, Any GCSEs at other grades, O levels or CSEs (any grades), 1 AS level, NVQ level 1, Foundation GNVQ, Basic or Essential Skills",1,Female,890
E12000007,London,8,Aged 40 to 44 years,3,Mixed or Multiple ethnic groups,1,"Level 1 and entry level qualifications: 1 to 4 GCSEs grade A* to C, Any GCSEs at other grades, O levels or CSEs (any grades), 1 AS level, NVQ level 1, Foundation GNVQ, Basic or Essential Skills",2,Male,832
E12000007,London,8,Aged 40 to 44 years,3,Mixed or Multiple ethnic groups,2,"Level 2 qualifications: 5 or more GCSEs (A* to C or 9 to 4), O levels (passes), CSEs (grade 1), School Certification, 1 A level, 2 to 3 AS levels, VCEs, Intermediate or Higher Diploma, Welsh Baccalaureate Intermediate Diploma, NVQ level 2, Intermediate GNVQ, City and Guilds Craft, BTEC First or General Diploma, RSA Diploma",1,Female,1208
E12000007,London,8,Aged 40 to 44 years,3,Mixed or Multiple ethnic groups,2,"Level 2 qualifications: 5 or more GCSEs (A* to C or 9 to 4), O levels (passes), CSEs (grade 1), School Certification, 1 A level, 2 to 3 AS levels, VCEs, Intermediate or Higher Diploma, Welsh Baccalaureate Intermediate Diploma, NVQ level 2, Intermediate GNVQ, City and Guilds Craft, BTEC First or General Diploma, RSA Diploma",2,Male,1115
E12000007,London,8,Aged 40 to 44 years,3,Mixed or Multiple ethnic groups,3,"Level 3 qualifications: 2 or more A levels or VCEs, 4 or more AS levels, Higher School Certificate, Progression or Advanced Diploma, Welsh Baccalaureate Advance Diploma, NVQ level 3; Advanced GNVQ, City and Guilds Advanced Craft, ONC, OND, BTEC National, RSA Advanced Diploma",1,Female,1790
E12000007,London,8,Aged 40 to 44 years,3,Mixed or Multiple ethnic groups,3,"Level 3 qualifications: 2 or more A levels or VCEs, 4 or more AS levels, Higher School Certificate, Progression or Advanced Diploma, Welsh Baccalaureate Advance Diploma, NVQ level 3; Advanced GNVQ, City and Guilds Advanced Craft, ONC, OND, BTEC National, RSA Advanced Diploma",2,Male,1497
E12000007,London,8,Aged 40 to 44 years,3,Mixed or Multiple ethnic groups,4,"Level 4 qualifications or above: degree (BA, BSc), higher degree (MA, PhD, PGCE), NVQ level 4 to 5, HNC, HND, RSA Higher Diploma, BTEC Higher level, professional qualifications (for example, teaching, nursing, accountancy)",1,Female,8147
E12000007,London,8,Aged 40 to 44 years,3,Mixed or Multiple ethnic groups,4,"Level 4 qualifications or above: degree (BA, BSc), higher degree (MA, PhD, PGCE), NVQ level 4 to 5, HNC, HND, RSA Higher Diploma, BTEC Higher level, professional qualifications (for example, teaching, nursing, accountancy)",2,Male,6118
E12000007,London,8,Aged 40 to 44 years,3,Mixed or Multiple ethnic groups,5,"Other: apprenticeships, vocational or work-related qualifications, other qualifications achieved in England or Wales, qualifications achieved outside England or Wales (equivalent not stated or unknown)",1,Female,575
E12000007,London,8,Aged 40 to 44 years,3,Mixed or Multiple ethnic groups,5,"Other: apprenticeships, vocational or work-related qualifications, other qualifications achieved in England or Wales, qualifications achieved outside England or Wales (equivalent not stated or unknown)",2,Male,706
E12000007,London,8,Aged 40 to 44 years,4,White,-8,Does not apply,1,Female,0
E12000007,London,8,Aged 40 to 44 years,4,White,-8,Does not apply,2,Male,0
E12000007,London,8,Aged 40 to 44 years,4,White,0,No qualifications,1,Female,15786
E12000007,London,8,Aged 40 to 44 years,4,White,0,No qualifications,2,Male,18699
E12000007,London,8,Aged 40 to 44 years,4,White,1,"Level 1 and entry level qualifications: 1 to 4 GCSEs grade A* to C, Any GCSEs at other grades, O levels or CSEs (any grades), 1 AS level, NVQ level 1, Foundation GNVQ, Basic or Essential Skills",1,Female,9590
E12000007,London,8,Aged 40 to 44 years,4,White,1,"Level 1 and entry level qualifications: 1 to 4 GCSEs grade A* to C, Any GCSEs at other grades, O levels or CSEs (any grades), 1 AS level, NVQ level 1, Foundation GNVQ, Basic or Essential Skills",2,Male,11274
E12000007,London,8,Aged 40 to 44 years,4,White,2,"Level 2 qualifications: 5 or more GCSEs (A* to C or 9 to 4), O levels (passes), CSEs (grade 1), School Certification, 1 A level, 2 to 3 AS levels, VCEs, Intermediate or Higher Diploma, Welsh Baccalaureate Intermediate Diploma, NVQ level 2, Intermediate GNVQ, City and Guilds Craft, BTEC First or General Diploma, RSA Diploma",1,Female,13645
E12000007,London,8,Aged 40 to 44 years,4,White,2,"Level 2 qualifications: 5 or more GCSEs (A* to C or 9 to 4), O levels (passes), CSEs (grade 1), School Certification, 1 A level, 2 to 3 AS levels, VCEs, Intermediate or Higher Diploma, Welsh Baccalaureate Intermediate Diploma, NVQ level 2, Intermediate GNVQ, City and Guilds Craft, BTEC First or General Diploma, RSA Diploma",2,Male,14692
E12000007,London,8,Aged 40 to 44 years,4,White,3,"Level 3 qualifications: 2 or more A levels or VCEs, 4 or more AS levels, Higher School Certificate, Progression or Advanced Diploma, Welsh Baccalaureate Advance Diploma, NVQ level 3; Advanced GNVQ, City and Guilds Advanced Craft, ONC, OND, BTEC National, RSA Advanced Diploma",1,Female,21048
E12000007,London,8,Aged 40 to 44 years,4,White,3,"Level 3 qualifications: 2 or more A levels or VCEs, 4 or more AS levels, Higher School Certificate, Progression or Advanced Diploma, Welsh Baccalaureate Advance Diploma, NVQ level 3; Advanced GNVQ, City and Guilds Advanced Craft, ONC, OND, BTEC National, RSA Advanced Diploma",2,Male,22083
E12000007,London,8,Aged 40 to 44 years,4,White,4,"Level 4 qualifications or above: degree (BA, BSc), higher degree (MA, PhD, PGCE), NVQ level 4 to 5, HNC, HND, RSA Higher Diploma, BTEC Higher level, professional qualifications (for example, teaching, nursing, accountancy)",1,Female,106386
E12000007,London,8,Aged 40 to 44 years,4,White,4,"Level 4 qualifications or above: degree (BA, BSc), higher degree (MA, PhD, PGCE), NVQ level 4 to 5, HNC, HND, RSA Higher Diploma, BTEC Higher level, professional qualifications (for example, teaching, nursing, accountancy)",2,Male,99888
E12000007,London,8,Aged 40 to 44 years,4,White,5,"Other: apprenticeships, vocational or work-related qualifications, other qualifications achieved in England or Wales, qualifications achieved outside England or Wales (equivalent not stated or unknown)",1,Female,8066
E12000007,London,8,Aged 40 to 44 years,4,White,5,"Other: apprenticeships, vocational or work-related qualifications, other qualifications achieved in England or Wales, qualifications achieved outside England or Wales (equivalent not stated or unknown)",2,Male,11603
E12000007,London,8,Aged 40 to 44 years,5,Other ethnic group,-8,Does not apply,1,Female,0
E12000007,London,8,Aged 40 to 44 years,5,Other ethnic group,-8,Does not apply,2,Male,0
E12000007,London,8,Aged 40 to 44 years,5,Other ethnic group,0,No qualifications,1,Female,5451
E12000007,London,8,Aged 40 to 44 years,5,Other ethnic group,0,No qualifications,2,Male,5625
E12000007,London,8,Aged 40 to 44 years,5,Other ethnic group,1,"Level 1 and entry level qualifications: 1 to 4 GCSEs grade A* to C, Any GCSEs at other grades, O levels or CSEs (any grades), 1 AS level, NVQ level 1, Foundation GNVQ, Basic or Essential Skills",1,Female,2306
E12000007,London,8,Aged 40 to 44 years,5,Other ethnic group,1,"Level 1 and entry level qualifications: 1 to 4 GCSEs grade A* to C, Any GCSEs at other grades, O levels or CSEs (any grades), 1 AS level, NVQ level 1, Foundation GNVQ, Basic or Essential Skills",2,Male,1981
E12000007,London,8,Aged 40 to 44 years,5,Other ethnic group,2,"Level 2 qualifications: 5 or more GCSEs (A* to C or 9 to 4), O levels (passes), CSEs (grade 1), School Certification, 1 A level, 2 to 3 AS levels, VCEs, Intermediate or Higher Diploma, Welsh Baccalaureate Intermediate Diploma, NVQ level 2, Intermediate GNVQ, City and Guilds Craft, BTEC First or General Diploma, RSA Diploma",1,Female,1518
E12000007,London,8,Aged 40 to 44 years,5,Other ethnic group,2,"Level 2 qualifications: 5 or more GCSEs (A* to C or 9 to 4), O levels (passes), CSEs (grade 1), School Certification, 1 A level, 2 to 3 AS levels, VCEs, Intermediate or Higher Diploma, Welsh Baccalaureate Intermediate Diploma, NVQ level 2, Intermediate GNVQ, City and Guilds Craft, BTEC First or General Diploma, RSA Diploma",2,Male,1464
E12000007,London,8,Aged 40 to 44 years,5,Other ethnic group,3,"Level 3 qualifications: 2 or more A levels or VCEs, 4 or more AS levels, Higher School Certificate, Progression or Advanced Diploma, Welsh Baccalaureate Advance Diploma, NVQ level 3; Advanced GNVQ, City and Guilds Advanced Craft, ONC, OND, BTEC National, RSA Advanced Diploma",1,Female,2091
E12000007,London,8,Aged 40 to 44 years,5,Other ethnic group,3,"Level 3 qualifications: 2 or more A levels or VCEs, 4 or more AS levels, Higher School Certificate, Progression or Advanced Diploma, Welsh Baccalaureate Advance Diploma, NVQ level 3; Advanced GNVQ, City and Guilds Advanced Craft, ONC, OND, BTEC National, RSA Advanced Diploma",2,Male,1895
E12000007,London,8,Aged 40 to 44 years,5,Other ethnic group,4,"Level 4 qualifications or above: degree (BA, BSc), higher degree (MA, PhD, PGCE), NVQ level 4 to 5, HNC, HND, RSA Higher Diploma, BTEC Higher level, professional qualifications (for example, teaching, nursing, accountancy)",1,Female,11579
E12000007,London,8,Aged 40 to 44 years,5,Other ethnic group,4,"Level 4 qualifications or above: degree (BA, BSc), higher degree (MA, PhD, PGCE), NVQ level 4 to 5, HNC, HND, RSA Higher Diploma, BTEC Higher level, professional qualifications (for example, teaching, nursing, accountancy)",2,Male,9555
E12000007,London,8,Aged 40 to 44 years,5,Other ethnic group,5,"Other: apprenticeships, vocational or work-related qualifications, other qualifications achieved in England or Wales, qualifications achieved outside England or Wales (equivalent not stated or unknown)",1,Female,1779
E12000007,London,8,Aged 40 to 44 years,5,Other ethnic group,5,"Other: apprenticeships, vocational or work-related qualifications, other qualifications achieved in England or Wales, qualifications achieved outside England or Wales (equivalent not stated or unknown)",2,Male,1949
E12000007,London,9,Aged 45 to 49 years,-8,Does not apply,-8,Does not apply,1,Female,0
E12000007,London,9,Aged 45 to 49 years,-8,Does not apply,-8,Does not apply,2,Male,0
E12000007,London,9,Aged 45 to 49 years,-8,Does not apply,0,No qualifications,1,Female,0
E12000007,London,9,Aged 45 to 49 years,-8,Does not apply,0,No qualifications,2,Male,0
E12000007,London,9,Aged 45 to 49 years,-8,Does not apply,1,"Level 1 and entry level qualifications: 1 to 4 GCSEs grade A* to C, Any GCSEs at other grades, O levels or CSEs (any grades), 1 AS level, NVQ level 1, Foundation GNVQ, Basic or Essential Skills",1,Female,0
E12000007,London,9,Aged 45 to 49 years,-8,Does not apply,1,"Level 1 and entry level qualifications: 1 to 4 GCSEs grade A* to C, Any GCSEs at other grades, O levels or CSEs (any grades), 1 AS level, NVQ level 1, Foundation GNVQ, Basic or Essential Skills",2,Male,0
E12000007,London,9,Aged 45 to 49 years,-8,Does not apply,2,"Level 2 qualifications: 5 or more GCSEs (A* to C or 9 to 4), O levels (passes), CSEs (grade 1), School Certification, 1 A level, 2 to 3 AS levels, VCEs, Intermediate or Higher Diploma, Welsh Baccalaureate Intermediate Diploma, NVQ level 2, Intermediate GNVQ, City and Guilds Craft, BTEC First or General Diploma, RSA Diploma",1,Female,0
E12000007,London,9,Aged 45 to 49 years,-8,Does not apply,2,"Level 2 qualifications: 5 or more GCSEs (A* to C or 9 to 4), O levels (passes), CSEs (grade 1), School Certification, 1 A level, 2 to 3 AS levels, VCEs, Intermediate or Higher Diploma, Welsh Baccalaureate Intermediate Diploma, NVQ level 2, Intermediate GNVQ, City and Guilds Craft, BTEC First or General Diploma, RSA Diploma",2,Male,0
E12000007,London,9,Aged 45 to 49 years,-8,Does not apply,3,"Level 3 qualifications: 2 or more A levels or VCEs, 4 or more AS levels, Higher School Certificate, Progression or Advanced Diploma, Welsh Baccalaureate Advance Diploma, NVQ level 3; Advanced GNVQ, City and Guilds Advanced Craft, ONC, OND, BTEC National, RSA Advanced Diploma",1,Female,0
E12000007,London,9,Aged 45 to 49 years,-8,Does not apply,3,"Level 3 qualifications: 2 or more A levels or VCEs, 4 or more AS levels, Higher School Certificate, Progression or Advanced Diploma, Welsh Baccalaureate Advance Diploma, NVQ level 3; Advanced GNVQ, City and Guilds Advanced Craft, ONC, OND, BTEC National, RSA Advanced Diploma",2,Male,0
E12000007,London,9,Aged 45 to 49 years,-8,Does not apply,4,"Level 4 qualifications or above: degree (BA, BSc), higher degree (MA, PhD, PGCE), NVQ level 4 to 5, HNC, HND, RSA Higher Diploma, BTEC Higher level, professional qualifications (for example, teaching, nursing, accountancy)",1,Female,0
E12000007,London,9,Aged 45 to 49 years,-8,Does not apply,4,"Level 4 qualifications or above: degree (BA, BSc), higher degree (MA, PhD, PGCE), NVQ level 4 to 5, HNC, HND, RSA Higher Diploma, BTEC Higher level, professional qualifications (for example, teaching, nursing, accountancy)",2,Male,0
E12000007,London,9,Aged 45 to 49 years,-8,Does not apply,5,"Other: apprenticeships, vocational or work-related qualifications, other qualifications achieved in England or Wales, qualifications achieved outside England or Wales (equivalent not stated or unknown)",1,Female,0
E12000007,London,9,Aged 45 to 49 years,-8,Does not apply,5,"Other: apprenticeships, vocational or work-related qualifications, other qualifications achieved in England or Wales, qualifications achieved outside England or Wales (equivalent not stated or unknown)",2,Male,0
E12000007,London,9,Aged 45 to 49 years,1,"Asian, Asian British or Asian Welsh",-8,Does not apply,1,Female,0
E12000007,London,9,Aged 45 to 49 years,1,"Asian, Asian British or Asian Welsh",-8,Does not apply,2,Male,0
E12000007,London,9,Aged 45 to 49 years,1,"Asian, Asian British or Asian Welsh",0,No qualifications,1,Female,12433
E12000007,London,9,Aged 45 to 49 years,1,"Asian, Asian British or Asian Welsh",0,No qualifications,2,Male,12600
E12000007,London,9,Aged 45 to 49 years,1,"Asian, Asian British or Asian Welsh",1,"Level 1 and entry level qualifications: 1 to 4 GCSEs grade A* to C, Any GCSEs at other grades, O levels or CSEs (any grades), 1 AS level, NVQ level 1, Foundation GNVQ, Basic or Essential Skills",1,Female,6561
E12000007,London,9,Aged 45 to 49 years,1,"Asian, Asian British or Asian Welsh",1,"Level 1 and entry level qualifications: 1 to 4 GCSEs grade A* to C, Any GCSEs at other grades, O levels or CSEs (any grades), 1 AS level, NVQ level 1, Foundation GNVQ, Basic or Essential Skills",2,Male,6602
E12000007,London,9,Aged 45 to 49 years,1,"Asian, Asian British or Asian Welsh",2,"Level 2 qualifications: 5 or more GCSEs (A* to C or 9 to 4), O levels (passes), CSEs (grade 1), School Certification, 1 A level, 2 to 3 AS levels, VCEs, Intermediate or Higher Diploma, Welsh Baccalaureate Intermediate Diploma, NVQ level 2, Intermediate GNVQ, City and Guilds Craft, BTEC First or General Diploma, RSA Diploma",1,Female,5177
E12000007,London,9,Aged 45 to 49 years,1,"Asian, Asian British or Asian Welsh",2,"Level 2 qualifications: 5 or more GCSEs (A* to C or 9 to 4), O levels (passes), CSEs (grade 1), School Certification, 1 A level, 2 to 3 AS levels, VCEs, Intermediate or Higher Diploma, Welsh Baccalaureate Intermediate Diploma, NVQ level 2, Intermediate GNVQ, City and Guilds Craft, BTEC First or General Diploma, RSA Diploma",2,Male,4949
E12000007,London,9,Aged 45 to 49 years,1,"Asian, Asian British or Asian Welsh",3,"Level 3 qualifications: 2 or more A levels or VCEs, 4 or more AS levels, Higher School Certificate, Progression or Advanced Diploma, Welsh Baccalaureate Advance Diploma, NVQ level 3; Advanced GNVQ, City and Guilds Advanced Craft, ONC, OND, BTEC National, RSA Advanced Diploma",1,Female,6640
E12000007,London,9,Aged 45 to 49 years,1,"Asian, Asian British or Asian Welsh",3,"Level 3 qualifications: 2 or more A levels or VCEs, 4 or more AS levels, Higher School Certificate, Progression or Advanced Diploma, Welsh Baccalaureate Advance Diploma, NVQ level 3; Advanced GNVQ, City and Guilds Advanced Craft, ONC, OND, BTEC National, RSA Advanced Diploma",2,Male,5458
E12000007,London,9,Aged 45 to 49 years,1,"Asian, Asian British or Asian Welsh",4,"Level 4 qualifications or above: degree (BA, BSc), higher degree (MA, PhD, PGCE), NVQ level 4 to 5, HNC, HND, RSA Higher Diploma, BTEC Higher level, professional qualifications (for example, teaching, nursing, accountancy)",1,Female,31556
E12000007,London,9,Aged 45 to 49 years,1,"Asian, Asian British or Asian Welsh",4,"Level 4 qualifications or above: degree (BA, BSc), higher degree (MA, PhD, PGCE), NVQ level 4 to 5, HNC, HND, RSA Higher Diploma, BTEC Higher level, professional qualifications (for example, teaching, nursing, accountancy)",2,Male,32774
E12000007,London,9,Aged 45 to 49 years,1,"Asian, Asian British or Asian Welsh",5,"Other: apprenticeships, vocational or work-related qualifications, other qualifications achieved in England or Wales, qualifications achieved outside England or Wales (equivalent not stated or unknown)",1,Female,3538
E12000007,London,9,Aged 45 to 49 years,1,"Asian, Asian British or Asian Welsh",5,"Other: apprenticeships, vocational or work-related qualifications, other qualifications achieved in England or Wales, qualifications achieved outside England or Wales (equivalent not stated or unknown)",2,Male,4354
E12000007,London,9,Aged 45 to 49 years,2,"Black, Black British, Black Welsh, Caribbean or African",-8,Does not apply,1,Female,0
E12000007,London,9,Aged 45 to 49 years,2,"Black, Black British, Black Welsh, Caribbean or African",-8,Does not apply,2,Male,0
E12000007,London,9,Aged 45 to 49 years,2,"Black, Black British, Black Welsh, Caribbean or African",0,No qualifications,1,Female,6715
E12000007,London,9,Aged 45 to 49 years,2,"Black, Black British, Black Welsh, Caribbean or African",0,No qualifications,2,Male,5117
E12000007,London,9,Aged 45 to 49 years,2,"Black, Black British, Black Welsh, Caribbean or African",1,"Level 1 and entry level qualifications: 1 to 4 GCSEs grade A* to C, Any GCSEs at other grades, O levels or CSEs (any grades), 1 AS level, NVQ level 1, Foundation GNVQ, Basic or Essential Skills",1,Female,4221
E12000007,London,9,Aged 45 to 49 years,2,"Black, Black British, Black Welsh, Caribbean or African",1,"Level 1 and entry level qualifications: 1 to 4 GCSEs grade A* to C, Any GCSEs at other grades, O levels or CSEs (any grades), 1 AS level, NVQ level 1, Foundation GNVQ, Basic or Essential Skills",2,Male,3221
E12000007,London,9,Aged 45 to 49 years,2,"Black, Black British, Black Welsh, Caribbean or African",2,"Level 2 qualifications: 5 or more GCSEs (A* to C or 9 to 4), O levels (passes), CSEs (grade 1), School Certification, 1 A level, 2 to 3 AS levels, VCEs, Intermediate or Higher Diploma, Welsh Baccalaureate Intermediate Diploma, NVQ level 2, Intermediate GNVQ, City and Guilds Craft, BTEC First or General Diploma, RSA Diploma",1,Female,4520
E12000007,London,9,Aged 45 to 49 years,2,"Black, Black British, Black Welsh, Caribbean or African",2,"Level 2 qualifications: 5 or more GCSEs (A* to C or 9 to 4), O levels (passes), CSEs (grade 1), School Certification, 1 A level, 2 to 3 AS levels, VCEs, Intermediate or Higher Diploma, Welsh Baccalaureate Intermediate Diploma, NVQ level 2, Intermediate GNVQ, City and Guilds Craft, BTEC First or General Diploma, RSA Diploma",2,Male,3217
E12000007,London,9,Aged 45 to 49 years,2,"Black, Black British, Black Welsh, Caribbean or African",3,"Level 3 qualifications: 2 or more A levels or VCEs, 4 or more AS levels, Higher School Certificate, Progression or Advanced Diploma, Welsh Baccalaureate Advance Diploma, NVQ level 3; Advanced GNVQ, City and Guilds Advanced Craft, ONC, OND, BTEC National, RSA Advanced Diploma",1,Female,6218
E12000007,London,9,Aged 45 to 49 years,2,"Black, Black British, Black Welsh, Caribbean or African",3,"Level 3 qualifications: 2 or more A levels or VCEs, 4 or more AS levels, Higher School Certificate, Progression or Advanced Diploma, Welsh Baccalaureate Advance Diploma, NVQ level 3; Advanced GNVQ, City and Guilds Advanced Craft, ONC, OND, BTEC National, RSA Advanced Diploma",2,Male,4187
E12000007,London,9,Aged 45 to 49 years,2,"Black, Black British, Black Welsh, Caribbean or African",4,"Level 4 qualifications or above: degree (BA, BSc), higher degree (MA, PhD, PGCE), NVQ level 4 to 5, HNC, HND, RSA Higher Diploma, BTEC Higher level, professional qualifications (for example, teaching, nursing, accountancy)",1,Female,22655
E12000007,London,9,Aged 45 to 49 years,2,"Black, Black British, Black Welsh, Caribbean or African",4,"Level 4 qualifications or above: degree (BA, BSc), higher degree (MA, PhD, PGCE), NVQ level 4 to 5, HNC, HND, RSA Higher Diploma, BTEC Higher level, professional qualifications (for example, teaching, nursing, accountancy)",2,Male,15410
E12000007,London,9,Aged 45 to 49 years,2,"Black, Black British, Black Welsh, Caribbean or African",5,"Other: apprenticeships, vocational or work-related qualifications, other qualifications achieved in England or Wales, qualifications achieved outside England or Wales (equivalent not stated or unknown)",1,Female,2249
E12000007,London,9,Aged 45 to 49 years,2,"Black, Black British, Black Welsh, Caribbean or African",5,"Other: apprenticeships, vocational or work-related qualifications, other qualifications achieved in England or Wales, qualifications achieved outside England or Wales (equivalent not stated or unknown)",2,Male,2364
E12000007,London,9,Aged 45 to 49 years,3,Mixed or Multiple ethnic groups,-8,Does not apply,1,Female,0
E12000007,London,9,Aged 45 to 49 years,3,Mixed or Multiple ethnic groups,-8,Does not apply,2,Male,0
E12000007,London,9,Aged 45 to 49 years,3,Mixed or Multiple ethnic groups,0,No qualifications,1,Female,1161
E12000007,London,9,Aged 45 to 49 years,3,Mixed or Multiple ethnic groups,0,No qualifications,2,Male,1285
E12000007,London,9,Aged 45 to 49 years,3,Mixed or Multiple ethnic groups,1,"Level 1 and entry level qualifications: 1 to 4 GCSEs grade A* to C, Any GCSEs at other grades, O levels or CSEs (any grades), 1 AS level, NVQ level 1, Foundation GNVQ, Basic or Essential Skills",1,Female,829
E12000007,London,9,Aged 45 to 49 years,3,Mixed or Multiple ethnic groups,1,"Level 1 and entry level qualifications: 1 to 4 GCSEs grade A* to C, Any GCSEs at other grades, O levels or CSEs (any grades), 1 AS level, NVQ level 1, Foundation GNVQ, Basic or Essential Skills",2,Male,717
E12000007,London,9,Aged 45 to 49 years,3,Mixed or Multiple ethnic groups,2,"Level 2 qualifications: 5 or more GCSEs (A* to C or 9 to 4), O levels (passes), CSEs (grade 1), School Certification, 1 A level, 2 to 3 AS levels, VCEs, Intermediate or Higher Diploma, Welsh Baccalaureate Intermediate Diploma, NVQ level 2, Intermediate GNVQ, City and Guilds Craft, BTEC First or General Diploma, RSA Diploma",1,Female,1013
E12000007,London,9,Aged 45 to 49 years,3,Mixed or Multiple ethnic groups,2,"Level 2 qualifications: 5 or more GCSEs (A* to C or 9 to 4), O levels (passes), CSEs (grade 1), School Certification, 1 A level, 2 to 3 AS levels, VCEs, Intermediate or Higher Diploma, Welsh Baccalaureate Intermediate Diploma, NVQ level 2, Intermediate GNVQ, City and Guilds Craft, BTEC First or General Diploma, RSA Diploma",2,Male,818
E12000007,London,9,Aged 45 to 49 years,3,Mixed or Multiple ethnic groups,3,"Level 3 qualifications: 2 or more A levels or VCEs, 4 or more AS levels, Higher School Certificate, Progression or Advanced Diploma, Welsh Baccalaureate Advance Diploma, NVQ level 3; Advanced GNVQ, City and Guilds Advanced Craft, ONC, OND, BTEC National, RSA Advanced Diploma",1,Female,1509
E12000007,London,9,Aged 45 to 49 years,3,Mixed or Multiple ethnic groups,3,"Level 3 qualifications: 2 or more A levels or VCEs, 4 or more AS levels, Higher School Certificate, Progression or Advanced Diploma, Welsh Baccalaureate Advance Diploma, NVQ level 3; Advanced GNVQ, City and Guilds Advanced Craft, ONC, OND, BTEC National, RSA Advanced Diploma",2,Male,1152
E12000007,London,9,Aged 45 to 49 years,3,Mixed or Multiple ethnic groups,4,"Level 4 qualifications or above: degree (BA, BSc), higher degree (MA, PhD, PGCE), NVQ level 4 to 5, HNC, HND, RSA Higher Diploma, BTEC Higher level, professional qualifications (for example, teaching, nursing, accountancy)",1,Female,5874
E12000007,London,9,Aged 45 to 49 years,3,Mixed or Multiple ethnic groups,4,"Level 4 qualifications or above: degree (BA, BSc), higher degree (MA, PhD, PGCE), NVQ level 4 to 5, HNC, HND, RSA Higher Diploma, BTEC Higher level, professional qualifications (for example, teaching, nursing, accountancy)",2,Male,4427
E12000007,London,9,Aged 45 to 49 years,3,Mixed or Multiple ethnic groups,5,"Other: apprenticeships, vocational or work-related qualifications, other qualifications achieved in England or Wales, qualifications achieved outside England or Wales (equivalent not stated or unknown)",1,Female,514
E12000007,London,9,Aged 45 to 49 years,3,Mixed or Multiple ethnic groups,5,"Other: apprenticeships, vocational or work-related qualifications, other qualifications achieved in England or Wales, qualifications achieved outside England or Wales (equivalent not stated or unknown)",2,Male,611
E12000007,London,9,Aged 45 to 49 years,4,White,-8,Does not apply,1,Female,0
E12000007,London,9,Aged 45 to 49 years,4,White,-8,Does not apply,2,Male,0
E12000007,London,9,Aged 45 to 49 years,4,White,0,No qualifications,1,Female,16909
E12000007,London,9,Aged 45 to 49 years,4,White,0,No qualifications,2,Male,18781
E12000007,London,9,Aged 45 to 49 years,4,White,1,"Level 1 and entry level qualifications: 1 to 4 GCSEs grade A* to C, Any GCSEs at other grades, O levels or CSEs (any grades), 1 AS level, NVQ level 1, Foundation GNVQ, Basic or Essential Skills",1,Female,12297
E12000007,London,9,Aged 45 to 49 years,4,White,1,"Level 1 and entry level qualifications: 1 to 4 GCSEs grade A* to C, Any GCSEs at other grades, O levels or CSEs (any grades), 1 AS level, NVQ level 1, Foundation GNVQ, Basic or Essential Skills",2,Male,12432
E12000007,London,9,Aged 45 to 49 years,4,White,2,"Level 2 qualifications: 5 or more GCSEs (A* to C or 9 to 4), O levels (passes), CSEs (grade 1), School Certification, 1 A level, 2 to 3 AS levels, VCEs, Intermediate or Higher Diploma, Welsh Baccalaureate Intermediate Diploma, NVQ level 2, Intermediate GNVQ, City and Guilds Craft, BTEC First or General Diploma, RSA Diploma",1,Female,15595
E12000007,London,9,Aged 45 to 49 years,4,White,2,"Level 2 qualifications: 5 or more GCSEs (A* to C or 9 to 4), O levels (passes), CSEs (grade 1), School Certification, 1 A level, 2 to 3 AS levels, VCEs, Intermediate or Higher Diploma, Welsh Baccalaureate Intermediate Diploma, NVQ level 2, Intermediate GNVQ, City and Guilds Craft, BTEC First or General Diploma, RSA Diploma",2,Male,14009
E12000007,London,9,Aged 45 to 49 years,4,White,3,"Level 3 qualifications: 2 or more A levels or VCEs, 4 or more AS levels, Higher School Certificate, Progression or Advanced Diploma, Welsh Baccalaureate Advance Diploma, NVQ level 3; Advanced GNVQ, City and Guilds Advanced Craft, ONC, OND, BTEC National, RSA Advanced Diploma",1,Female,19638
E12000007,London,9,Aged 45 to 49 years,4,White,3,"Level 3 qualifications: 2 or more A levels or VCEs, 4 or more AS levels, Higher School Certificate, Progression or Advanced Diploma, Welsh Baccalaureate Advance Diploma, NVQ level 3; Advanced GNVQ, City and Guilds Advanced Craft, ONC, OND, BTEC National, RSA Advanced Diploma",2,Male,20075
E12000007,London,9,Aged 45 to 49 years,4,White,4,"Level 4 qualifications or above: degree (BA, BSc), higher degree (MA, PhD, PGCE), NVQ level 4 to 5, HNC, HND, RSA Higher Diploma, BTEC Higher level, professional qualifications (for example, teaching, nursing, accountancy)",1,Female,83504
E12000007,London,9,Aged 45 to 49 years,4,White,4,"Level 4 qualifications or above: degree (BA, BSc), higher degree (MA, PhD, PGCE), NVQ level 4 to 5, HNC, HND, RSA Higher Diploma, BTEC Higher level, professional qualifications (for example, teaching, nursing, accountancy)",2,Male,84295
E12000007,London,9,Aged 45 to 49 years,4,White,5,"Other: apprenticeships, vocational or work-related qualifications, other qualifications achieved in England or Wales, qualifications achieved outside England or Wales (equivalent not stated or unknown)",1,Female,7264
E12000007,London,9,Aged 45 to 49 years,4,White,5,"Other: apprenticeships, vocational or work-related qualifications, other qualifications achieved in England or Wales, qualifications achieved outside England or Wales (equivalent not stated or unknown)",2,Male,11477
E12000007,London,9,Aged 45 to 49 years,5,Other ethnic group,-8,Does not apply,1,Female,0
E12000007,London,9,Aged 45 to 49 years,5,Other ethnic group,-8,Does not apply,2,Male,0
E12000007,London,9,Aged 45 to 49 years,5,Other ethnic group,0,No qualifications,1,Female,5756
E12000007,London,9,Aged 45 to 49 years,5,Other ethnic group,0,No qualifications,2,Male,5991
E12000007,London,9,Aged 45 to 49 years,5,Other ethnic group,1,"Level 1 and entry level qualifications: 1 to 4 GCSEs grade A* to C, Any GCSEs at other grades, O levels or CSEs (any grades), 1 AS level, NVQ level 1, Foundation GNVQ, Basic or Essential Skills",1,Female,2145
E12000007,London,9,Aged 45 to 49 years,5,Other ethnic group,1,"Level 1 and entry level qualifications: 1 to 4 GCSEs grade A* to C, Any GCSEs at other grades, O levels or CSEs (any grades), 1 AS level, NVQ level 1, Foundation GNVQ, Basic or Essential Skills",2,Male,2057
E12000007,London,9,Aged 45 to 49 years,5,Other ethnic group,2,"Level 2 qualifications: 5 or more GCSEs (A* to C or 9 to 4), O levels (passes), CSEs (grade 1), School Certification, 1 A level, 2 to 3 AS levels, VCEs, Intermediate or Higher Diploma, Welsh Baccalaureate Intermediate Diploma, NVQ level 2, Intermediate GNVQ, City and Guilds Craft, BTEC First or General Diploma, RSA Diploma",1,Female,1439
E12000007,London,9,Aged 45 to 49 years,5,Other ethnic group,2,"Level 2 qualifications: 5 or more GCSEs (A* to C or 9 to 4), O levels (passes), CSEs (grade 1), School Certification, 1 A level, 2 to 3 AS levels, VCEs, Intermediate or Higher Diploma, Welsh Baccalaureate Intermediate Diploma, NVQ level 2, Intermediate GNVQ, City and Guilds Craft, BTEC First or General Diploma, RSA Diploma",2,Male,1319
E12000007,London,9,Aged 45 to 49 years,5,Other ethnic group,3,"Level 3 qualifications: 2 or more A levels or VCEs, 4 or more AS levels, Higher School Certificate, Progression or Advanced Diploma, Welsh Baccalaureate Advance Diploma, NVQ level 3; Advanced GNVQ, City and Guilds Advanced Craft, ONC, OND, BTEC National, RSA Advanced Diploma",1,Female,2108
E12000007,London,9,Aged 45 to 49 years,5,Other ethnic group,3,"Level 3 qualifications: 2 or more A levels or VCEs, 4 or more AS levels, Higher School Certificate, Progression or Advanced Diploma, Welsh Baccalaureate Advance Diploma, NVQ level 3; Advanced GNVQ, City and Guilds Advanced Craft, ONC, OND, BTEC National, RSA Advanced Diploma",2,Male,1778
E12000007,London,9,Aged 45 to 49 years,5,Other ethnic group,4,"Level 4 qualifications or above: degree (BA, BSc), higher degree (MA, PhD, PGCE), NVQ level 4 to 5, HNC, HND, RSA Higher Diploma, BTEC Higher level, professional qualifications (for example, teaching, nursing, accountancy)",1,Female,8683
E12000007,London,9,Aged 45 to 49 years,5,Other ethnic group,4,"Level 4 qualifications or above: degree (BA, BSc), higher degree (MA, PhD, PGCE), NVQ level 4 to 5, HNC, HND, RSA Higher Diploma, BTEC Higher level, professional qualifications (for example, teaching, nursing, accountancy)",2,Male,7648
E12000007,London,9,Aged 45 to 49 years,5,Other ethnic group,5,"Other: apprenticeships, vocational or work-related qualifications, other qualifications achieved in England or Wales, qualifications achieved outside England or Wales (equivalent not stated or unknown)",1,Female,1633
E12000007,London,9,Aged 45 to 49 years,5,Other ethnic group,5,"Other: apprenticeships, vocational or work-related qualifications, other qualifications achieved in England or Wales, qualifications achieved outside England or Wales (equivalent not stated or unknown)",2,Male,1883
E12000007,London,10,Aged 50 to 54 years,-8,Does not apply,-8,Does not apply,1,Female,0
E12000007,London,10,Aged 50 to 54 years,-8,Does not apply,-8,Does not apply,2,Male,0
E12000007,London,10,Aged 50 to 54 years,-8,Does not apply,0,No qualifications,1,Female,0
E12000007,London,10,Aged 50 to 54 years,-8,Does not apply,0,No qualifications,2,Male,0
E12000007,London,10,Aged 50 to 54 years,-8,Does not apply,1,"Level 1 and entry level qualifications: 1 to 4 GCSEs grade A* to C, Any GCSEs at other grades, O levels or CSEs (any grades), 1 AS level, NVQ level 1, Foundation GNVQ, Basic or Essential Skills",1,Female,0
E12000007,London,10,Aged 50 to 54 years,-8,Does not apply,1,"Level 1 and entry level qualifications: 1 to 4 GCSEs grade A* to C, Any GCSEs at other grades, O levels or CSEs (any grades), 1 AS level, NVQ level 1, Foundation GNVQ, Basic or Essential Skills",2,Male,0
E12000007,London,10,Aged 50 to 54 years,-8,Does not apply,2,"Level 2 qualifications: 5 or more GCSEs (A* to C or 9 to 4), O levels (passes), CSEs (grade 1), School Certification, 1 A level, 2 to 3 AS levels, VCEs, Intermediate or Higher Diploma, Welsh Baccalaureate Intermediate Diploma, NVQ level 2, Intermediate GNVQ, City and Guilds Craft, BTEC First or General Diploma, RSA Diploma",1,Female,0
E12000007,London,10,Aged 50 to 54 years,-8,Does not apply,2,"Level 2 qualifications: 5 or more GCSEs (A* to C or 9 to 4), O levels (passes), CSEs (grade 1), School Certification, 1 A level, 2 to 3 AS levels, VCEs, Intermediate or Higher Diploma, Welsh Baccalaureate Intermediate Diploma, NVQ level 2, Intermediate GNVQ, City and Guilds Craft, BTEC First or General Diploma, RSA Diploma",2,Male,0
E12000007,London,10,Aged 50 to 54 years,-8,Does not apply,3,"Level 3 qualifications: 2 or more A levels or VCEs, 4 or more AS levels, Higher School Certificate, Progression or Advanced Diploma, Welsh Baccalaureate Advance Diploma, NVQ level 3; Advanced GNVQ, City and Guilds Advanced Craft, ONC, OND, BTEC National, RSA Advanced Diploma",1,Female,0
E12000007,London,10,Aged 50 to 54 years,-8,Does not apply,3,"Level 3 qualifications: 2 or more A levels or VCEs, 4 or more AS levels, Higher School Certificate, Progression or Advanced Diploma, Welsh Baccalaureate Advance Diploma, NVQ level 3; Advanced GNVQ, City and Guilds Advanced Craft, ONC, OND, BTEC National, RSA Advanced Diploma",2,Male,0
E12000007,London,10,Aged 50 to 54 years,-8,Does not apply,4,"Level 4 qualifications or above: degree (BA, BSc), higher degree (MA, PhD, PGCE), NVQ level 4 to 5, HNC, HND, RSA Higher Diploma, BTEC Higher level, professional qualifications (for example, teaching, nursing, accountancy)",1,Female,0
E12000007,London,10,Aged 50 to 54 years,-8,Does not apply,4,"Level 4 qualifications or above: degree (BA, BSc), higher degree (MA, PhD, PGCE), NVQ level 4 to 5, HNC, HND, RSA Higher Diploma, BTEC Higher level, professional qualifications (for example, teaching, nursing, accountancy)",2,Male,0
E12000007,London,10,Aged 50 to 54 years,-8,Does not apply,5,"Other: apprenticeships, vocational or work-related qualifications, other qualifications achieved in England or Wales, qualifications achieved outside England or Wales (equivalent not stated or unknown)",1,Female,0
E12000007,London,10,Aged 50 to 54 years,-8,Does not apply,5,"Other: apprenticeships, vocational or work-related qualifications, other qualifications achieved in England or Wales, qualifications achieved outside England or Wales (equivalent not stated or unknown)",2,Male,0
E12000007,London,10,Aged 50 to 54 years,1,"Asian, Asian British or Asian Welsh",-8,Does not apply,1,Female,0
E12000007,London,10,Aged 50 to 54 years,1,"Asian, Asian British or Asian Welsh",-8,Does not apply,2,Male,0
E12000007,London,10,Aged 50 to 54 years,1,"Asian, Asian British or Asian Welsh",0,No qualifications,1,Female,12469
E12000007,London,10,Aged 50 to 54 years,1,"Asian, Asian British or Asian Welsh",0,No qualifications,2,Male,11836
E12000007,London,10,Aged 50 to 54 years,1,"Asian, Asian British or Asian Welsh",1,"Level 1 and entry level qualifications: 1 to 4 GCSEs grade A* to C, Any GCSEs at other grades, O levels or CSEs (any grades), 1 AS level, NVQ level 1, Foundation GNVQ, Basic or Essential Skills",1,Female,6298
E12000007,London,10,Aged 50 to 54 years,1,"Asian, Asian British or Asian Welsh",1,"Level 1 and entry level qualifications: 1 to 4 GCSEs grade A* to C, Any GCSEs at other grades, O levels or CSEs (any grades), 1 AS level, NVQ level 1, Foundation GNVQ, Basic or Essential Skills",2,Male,6158
E12000007,London,10,Aged 50 to 54 years,1,"Asian, Asian British or Asian Welsh",2,"Level 2 qualifications: 5 or more GCSEs (A* to C or 9 to 4), O levels (passes), CSEs (grade 1), School Certification, 1 A level, 2 to 3 AS levels, VCEs, Intermediate or Higher Diploma, Welsh Baccalaureate Intermediate Diploma, NVQ level 2, Intermediate GNVQ, City and Guilds Craft, BTEC First or General Diploma, RSA Diploma",1,Female,4803
E12000007,London,10,Aged 50 to 54 years,1,"Asian, Asian British or Asian Welsh",2,"Level 2 qualifications: 5 or more GCSEs (A* to C or 9 to 4), O levels (passes), CSEs (grade 1), School Certification, 1 A level, 2 to 3 AS levels, VCEs, Intermediate or Higher Diploma, Welsh Baccalaureate Intermediate Diploma, NVQ level 2, Intermediate GNVQ, City and Guilds Craft, BTEC First or General Diploma, RSA Diploma",2,Male,4307
E12000007,London,10,Aged 50 to 54 years,1,"Asian, Asian British or Asian Welsh",3,"Level 3 qualifications: 2 or more A levels or VCEs, 4 or more AS levels, Higher School Certificate, Progression or Advanced Diploma, Welsh Baccalaureate Advance Diploma, NVQ level 3; Advanced GNVQ, City and Guilds Advanced Craft, ONC, OND, BTEC National, RSA Advanced Diploma",1,Female,5750
E12000007,London,10,Aged 50 to 54 years,1,"Asian, Asian British or Asian Welsh",3,"Level 3 qualifications: 2 or more A levels or VCEs, 4 or more AS levels, Higher School Certificate, Progression or Advanced Diploma, Welsh Baccalaureate Advance Diploma, NVQ level 3; Advanced GNVQ, City and Guilds Advanced Craft, ONC, OND, BTEC National, RSA Advanced Diploma",2,Male,4712
E12000007,London,10,Aged 50 to 54 years,1,"Asian, Asian British or Asian Welsh",4,"Level 4 qualifications or above: degree (BA, BSc), higher degree (MA, PhD, PGCE), NVQ level 4 to 5, HNC, HND, RSA Higher Diploma, BTEC Higher level, professional qualifications (for example, teaching, nursing, accountancy)",1,Female,20889
E12000007,London,10,Aged 50 to 54 years,1,"Asian, Asian British or Asian Welsh",4,"Level 4 qualifications or above: degree (BA, BSc), higher degree (MA, PhD, PGCE), NVQ level 4 to 5, HNC, HND, RSA Higher Diploma, BTEC Higher level, professional qualifications (for example, teaching, nursing, accountancy)",2,Male,21479
E12000007,London,10,Aged 50 to 54 years,1,"Asian, Asian British or Asian Welsh",5,"Other: apprenticeships, vocational or work-related qualifications, other qualifications achieved in England or Wales, qualifications achieved outside England or Wales (equivalent not stated or unknown)",1,Female,3014
E12000007,London,10,Aged 50 to 54 years,1,"Asian, Asian British or Asian Welsh",5,"Other: apprenticeships, vocational or work-related qualifications, other qualifications achieved in England or Wales, qualifications achieved outside England or Wales (equivalent not stated or unknown)",2,Male,3830
E12000007,London,10,Aged 50 to 54 years,2,"Black, Black British, Black Welsh, Caribbean or African",-8,Does not apply,1,Female,0
E12000007,London,10,Aged 50 to 54 years,2,"Black, Black British, Black Welsh, Caribbean or African",-8,Does not apply,2,Male,0
E12000007,London,10,Aged 50 to 54 years,2,"Black, Black British, Black Welsh, Caribbean or African",0,No qualifications,1,Female,7576
E12000007,London,10,Aged 50 to 54 years,2,"Black, Black British, Black Welsh, Caribbean or African",0,No qualifications,2,Male,6597
E12000007,London,10,Aged 50 to 54 years,2,"Black, Black British, Black Welsh, Caribbean or African",1,"Level 1 and entry level qualifications: 1 to 4 GCSEs grade A* to C, Any GCSEs at other grades, O levels or CSEs (any grades), 1 AS level, NVQ level 1, Foundation GNVQ, Basic or Essential Skills",1,Female,5674
E12000007,London,10,Aged 50 to 54 years,2,"Black, Black British, Black Welsh, Caribbean or African",1,"Level 1 and entry level qualifications: 1 to 4 GCSEs grade A* to C, Any GCSEs at other grades, O levels or CSEs (any grades), 1 AS level, NVQ level 1, Foundation GNVQ, Basic or Essential Skills",2,Male,4299
E12000007,London,10,Aged 50 to 54 years,2,"Black, Black British, Black Welsh, Caribbean or African",2,"Level 2 qualifications: 5 or more GCSEs (A* to C or 9 to 4), O levels (passes), CSEs (grade 1), School Certification, 1 A level, 2 to 3 AS levels, VCEs, Intermediate or Higher Diploma, Welsh Baccalaureate Intermediate Diploma, NVQ level 2, Intermediate GNVQ, City and Guilds Craft, BTEC First or General Diploma, RSA Diploma",1,Female,5895
E12000007,London,10,Aged 50 to 54 years,2,"Black, Black British, Black Welsh, Caribbean or African",2,"Level 2 qualifications: 5 or more GCSEs (A* to C or 9 to 4), O levels (passes), CSEs (grade 1), School Certification, 1 A level, 2 to 3 AS levels, VCEs, Intermediate or Higher Diploma, Welsh Baccalaureate Intermediate Diploma, NVQ level 2, Intermediate GNVQ, City and Guilds Craft, BTEC First or General Diploma, RSA Diploma",2,Male,3960
E12000007,London,10,Aged 50 to 54 years,2,"Black, Black British, Black Welsh, Caribbean or African",3,"Level 3 qualifications: 2 or more A levels or VCEs, 4 or more AS levels, Higher School Certificate, Progression or Advanced Diploma, Welsh Baccalaureate Advance Diploma, NVQ level 3; Advanced GNVQ, City and Guilds Advanced Craft, ONC, OND, BTEC National, RSA Advanced Diploma",1,Female,7246
E12000007,London,10,Aged 50 to 54 years,2,"Black, Black British, Black Welsh, Caribbean or African",3,"Level 3 qualifications: 2 or more A levels or VCEs, 4 or more AS levels, Higher School Certificate, Progression or Advanced Diploma, Welsh Baccalaureate Advance Diploma, NVQ level 3; Advanced GNVQ, City and Guilds Advanced Craft, ONC, OND, BTEC National, RSA Advanced Diploma",2,Male,5026
E12000007,London,10,Aged 50 to 54 years,2,"Black, Black British, Black Welsh, Caribbean or African",4,"Level 4 qualifications or above: degree (BA, BSc), higher degree (MA, PhD, PGCE), NVQ level 4 to 5, HNC, HND, RSA Higher Diploma, BTEC Higher level, professional qualifications (for example, teaching, nursing, accountancy)",1,Female,25130
E12000007,London,10,Aged 50 to 54 years,2,"Black, Black British, Black Welsh, Caribbean or African",4,"Level 4 qualifications or above: degree (BA, BSc), higher degree (MA, PhD, PGCE), NVQ level 4 to 5, HNC, HND, RSA Higher Diploma, BTEC Higher level, professional qualifications (for example, teaching, nursing, accountancy)",2,Male,17527
E12000007,London,10,Aged 50 to 54 years,2,"Black, Black British, Black Welsh, Caribbean or African",5,"Other: apprenticeships, vocational or work-related qualifications, other qualifications achieved in England or Wales, qualifications achieved outside England or Wales (equivalent not stated or unknown)",1,Female,2824
E12000007,London,10,Aged 50 to 54 years,2,"Black, Black British, Black Welsh, Caribbean or African",5,"Other: apprenticeships, vocational or work-related qualifications, other qualifications achieved in England or Wales, qualifications achieved outside England or Wales (equivalent not stated or unknown)",2,Male,3076
E12000007,London,10,Aged 50 to 54 years,3,Mixed or Multiple ethnic groups,-8,Does not apply,1,Female,0
E12000007,London,10,Aged 50 to 54 years,3,Mixed or Multiple ethnic groups,-8,Does not apply,2,Male,0
E12000007,London,10,Aged 50 to 54 years,3,Mixed or Multiple ethnic groups,0,No qualifications,1,Female,1307
E12000007,London,10,Aged 50 to 54 years,3,Mixed or Multiple ethnic groups,0,No qualifications,2,Male,1281
E12000007,London,10,Aged 50 to 54 years,3,Mixed or Multiple ethnic groups,1,"Level 1 and entry level qualifications: 1 to 4 GCSEs grade A* to C, Any GCSEs at other grades, O levels or CSEs (any grades), 1 AS level, NVQ level 1, Foundation GNVQ, Basic or Essential Skills",1,Female,1006
E12000007,London,10,Aged 50 to 54 years,3,Mixed or Multiple ethnic groups,1,"Level 1 and entry level qualifications: 1 to 4 GCSEs grade A* to C, Any GCSEs at other grades, O levels or CSEs (any grades), 1 AS level, NVQ level 1, Foundation GNVQ, Basic or Essential Skills",2,Male,858
E12000007,London,10,Aged 50 to 54 years,3,Mixed or Multiple ethnic groups,2,"Level 2 qualifications: 5 or more GCSEs (A* to C or 9 to 4), O levels (passes), CSEs (grade 1), School Certification, 1 A level, 2 to 3 AS levels, VCEs, Intermediate or Higher Diploma, Welsh Baccalaureate Intermediate Diploma, NVQ level 2, Intermediate GNVQ, City and Guilds Craft, BTEC First or General Diploma, RSA Diploma",1,Female,1141
E12000007,London,10,Aged 50 to 54 years,3,Mixed or Multiple ethnic groups,2,"Level 2 qualifications: 5 or more GCSEs (A* to C or 9 to 4), O levels (passes), CSEs (grade 1), School Certification, 1 A level, 2 to 3 AS levels, VCEs, Intermediate or Higher Diploma, Welsh Baccalaureate Intermediate Diploma, NVQ level 2, Intermediate GNVQ, City and Guilds Craft, BTEC First or General Diploma, RSA Diploma",2,Male,818
E12000007,London,10,Aged 50 to 54 years,3,Mixed or Multiple ethnic groups,3,"Level 3 qualifications: 2 or more A levels or VCEs, 4 or more AS levels, Higher School Certificate, Progression or Advanced Diploma, Welsh Baccalaureate Advance Diploma, NVQ level 3; Advanced GNVQ, City and Guilds Advanced Craft, ONC, OND, BTEC National, RSA Advanced Diploma",1,Female,1252
E12000007,London,10,Aged 50 to 54 years,3,Mixed or Multiple ethnic groups,3,"Level 3 qualifications: 2 or more A levels or VCEs, 4 or more AS levels, Higher School Certificate, Progression or Advanced Diploma, Welsh Baccalaureate Advance Diploma, NVQ level 3; Advanced GNVQ, City and Guilds Advanced Craft, ONC, OND, BTEC National, RSA Advanced Diploma",2,Male,1045
E12000007,London,10,Aged 50 to 54 years,3,Mixed or Multiple ethnic groups,4,"Level 4 qualifications or above: degree (BA, BSc), higher degree (MA, PhD, PGCE), NVQ level 4 to 5, HNC, HND, RSA Higher Diploma, BTEC Higher level, professional qualifications (for example, teaching, nursing, accountancy)",1,Female,4776
E12000007,London,10,Aged 50 to 54 years,3,Mixed or Multiple ethnic groups,4,"Level 4 qualifications or above: degree (BA, BSc), higher degree (MA, PhD, PGCE), NVQ level 4 to 5, HNC, HND, RSA Higher Diploma, BTEC Higher level, professional qualifications (for example, teaching, nursing, accountancy)",2,Male,3728
E12000007,London,10,Aged 50 to 54 years,3,Mixed or Multiple ethnic groups,5,"Other: apprenticeships, vocational or work-related qualifications, other qualifications achieved in England or Wales, qualifications achieved outside England or Wales (equivalent not stated or unknown)",1,Female,557
E12000007,London,10,Aged 50 to 54 years,3,Mixed or Multiple ethnic groups,5,"Other: apprenticeships, vocational or work-related qualifications, other qualifications achieved in England or Wales, qualifications achieved outside England or Wales (equivalent not stated or unknown)",2,Male,634
E12000007,London,10,Aged 50 to 54 years,4,White,-8,Does not apply,1,Female,0
E12000007,London,10,Aged 50 to 54 years,4,White,-8,Does not apply,2,Male,0
E12000007,London,10,Aged 50 to 54 years,4,White,0,No qualifications,1,Female,21257
E12000007,London,10,Aged 50 to 54 years,4,White,0,No qualifications,2,Male,23587
E12000007,London,10,Aged 50 to 54 years,4,White,1,"Level 1 and entry level qualifications: 1 to 4 GCSEs grade A* to C, Any GCSEs at other grades, O levels or CSEs (any grades), 1 AS level, NVQ level 1, Foundation GNVQ, Basic or Essential Skills",1,Female,17274
E12000007,London,10,Aged 50 to 54 years,4,White,1,"Level 1 and entry level qualifications: 1 to 4 GCSEs grade A* to C, Any GCSEs at other grades, O levels or CSEs (any grades), 1 AS level, NVQ level 1, Foundation GNVQ, Basic or Essential Skills",2,Male,15368
E12000007,London,10,Aged 50 to 54 years,4,White,2,"Level 2 qualifications: 5 or more GCSEs (A* to C or 9 to 4), O levels (passes), CSEs (grade 1), School Certification, 1 A level, 2 to 3 AS levels, VCEs, Intermediate or Higher Diploma, Welsh Baccalaureate Intermediate Diploma, NVQ level 2, Intermediate GNVQ, City and Guilds Craft, BTEC First or General Diploma, RSA Diploma",1,Female,20512
E12000007,London,10,Aged 50 to 54 years,4,White,2,"Level 2 qualifications: 5 or more GCSEs (A* to C or 9 to 4), O levels (passes), CSEs (grade 1), School Certification, 1 A level, 2 to 3 AS levels, VCEs, Intermediate or Higher Diploma, Welsh Baccalaureate Intermediate Diploma, NVQ level 2, Intermediate GNVQ, City and Guilds Craft, BTEC First or General Diploma, RSA Diploma",2,Male,16464
E12000007,London,10,Aged 50 to 54 years,4,White,3,"Level 3 qualifications: 2 or more A levels or VCEs, 4 or more AS levels, Higher School Certificate, Progression or Advanced Diploma, Welsh Baccalaureate Advance Diploma, NVQ level 3; Advanced GNVQ, City and Guilds Advanced Craft, ONC, OND, BTEC National, RSA Advanced Diploma",1,Female,20738
E12000007,London,10,Aged 50 to 54 years,4,White,3,"Level 3 qualifications: 2 or more A levels or VCEs, 4 or more AS levels, Higher School Certificate, Progression or Advanced Diploma, Welsh Baccalaureate Advance Diploma, NVQ level 3; Advanced GNVQ, City and Guilds Advanced Craft, ONC, OND, BTEC National, RSA Advanced Diploma",2,Male,20434
E12000007,London,10,Aged 50 to 54 years,4,White,4,"Level 4 qualifications or above: degree (BA, BSc), higher degree (MA, PhD, PGCE), NVQ level 4 to 5, HNC, HND, RSA Higher Diploma, BTEC Higher level, professional qualifications (for example, teaching, nursing, accountancy)",1,Female,68101
E12000007,London,10,Aged 50 to 54 years,4,White,4,"Level 4 qualifications or above: degree (BA, BSc), higher degree (MA, PhD, PGCE), NVQ level 4 to 5, HNC, HND, RSA Higher Diploma, BTEC Higher level, professional qualifications (for example, teaching, nursing, accountancy)",2,Male,68788
E12000007,London,10,Aged 50 to 54 years,4,White,5,"Other: apprenticeships, vocational or work-related qualifications, other qualifications achieved in England or Wales, qualifications achieved outside England or Wales (equivalent not stated or unknown)",1,Female,8063
E12000007,London,10,Aged 50 to 54 years,4,White,5,"Other: apprenticeships, vocational or work-related qualifications, other qualifications achieved in England or Wales, qualifications achieved outside England or Wales (equivalent not stated or unknown)",2,Male,12716
E12000007,London,10,Aged 50 to 54 years,5,Other ethnic group,-8,Does not apply,1,Female,0
E12000007,London,10,Aged 50 to 54 years,5,Other ethnic group,-8,Does not apply,2,Male,0
E12000007,London,10,Aged 50 to 54 years,5,Other ethnic group,0,No qualifications,1,Female,5541
E12000007,London,10,Aged 50 to 54 years,5,Other ethnic group,0,No qualifications,2,Male,5882
E12000007,London,10,Aged 50 to 54 years,5,Other ethnic group,1,"Level 1 and entry level qualifications: 1 to 4 GCSEs grade A* to C, Any GCSEs at other grades, O levels or CSEs (any grades), 1 AS level, NVQ level 1, Foundation GNVQ, Basic or Essential Skills",1,Female,2223
E12000007,London,10,Aged 50 to 54 years,5,Other ethnic group,1,"Level 1 and entry level qualifications: 1 to 4 GCSEs grade A* to C, Any GCSEs at other grades, O levels or CSEs (any grades), 1 AS level, NVQ level 1, Foundation GNVQ, Basic or Essential Skills",2,Male,2059
E12000007,London,10,Aged 50 to 54 years,5,Other ethnic group,2,"Level 2 qualifications: 5 or more GCSEs (A* to C or 9 to 4), O levels (passes), CSEs (grade 1), School Certification, 1 A level, 2 to 3 AS levels, VCEs, Intermediate or Higher Diploma, Welsh Baccalaureate Intermediate Diploma, NVQ level 2, Intermediate GNVQ, City and Guilds Craft, BTEC First or General Diploma, RSA Diploma",1,Female,1302
E12000007,London,10,Aged 50 to 54 years,5,Other ethnic group,2,"Level 2 qualifications: 5 or more GCSEs (A* to C or 9 to 4), O levels (passes), CSEs (grade 1), School Certification, 1 A level, 2 to 3 AS levels, VCEs, Intermediate or Higher Diploma, Welsh Baccalaureate Intermediate Diploma, NVQ level 2, Intermediate GNVQ, City and Guilds Craft, BTEC First or General Diploma, RSA Diploma",2,Male,1260
E12000007,London,10,Aged 50 to 54 years,5,Other ethnic group,3,"Level 3 qualifications: 2 or more A levels or VCEs, 4 or more AS levels, Higher School Certificate, Progression or Advanced Diploma, Welsh Baccalaureate Advance Diploma, NVQ level 3; Advanced GNVQ, City and Guilds Advanced Craft, ONC, OND, BTEC National, RSA Advanced Diploma",1,Female,1981
E12000007,London,10,Aged 50 to 54 years,5,Other ethnic group,3,"Level 3 qualifications: 2 or more A levels or VCEs, 4 or more AS levels, Higher School Certificate, Progression or Advanced Diploma, Welsh Baccalaureate Advance Diploma, NVQ level 3; Advanced GNVQ, City and Guilds Advanced Craft, ONC, OND, BTEC National, RSA Advanced Diploma",2,Male,1637
E12000007,London,10,Aged 50 to 54 years,5,Other ethnic group,4,"Level 4 qualifications or above: degree (BA, BSc), higher degree (MA, PhD, PGCE), NVQ level 4 to 5, HNC, HND, RSA Higher Diploma, BTEC Higher level, professional qualifications (for example, teaching, nursing, accountancy)",1,Female,6831
E12000007,London,10,Aged 50 to 54 years,5,Other ethnic group,4,"Level 4 qualifications or above: degree (BA, BSc), higher degree (MA, PhD, PGCE), NVQ level 4 to 5, HNC, HND, RSA Higher Diploma, BTEC Higher level, professional qualifications (for example, teaching, nursing, accountancy)",2,Male,6901
E12000007,London,10,Aged 50 to 54 years,5,Other ethnic group,5,"Other: apprenticeships, vocational or work-related qualifications, other qualifications achieved in England or Wales, qualifications achieved outside England or Wales (equivalent not stated or unknown)",1,Female,1444
E12000007,London,10,Aged 50 to 54 years,5,Other ethnic group,5,"Other: apprenticeships, vocational or work-related qualifications, other qualifications achieved in England or Wales, qualifications achieved outside England or Wales (equivalent not stated or unknown)",2,Male,1828
E12000007,London,11,Aged 55 to 59 years,-8,Does not apply,-8,Does not apply,1,Female,0
E12000007,London,11,Aged 55 to 59 years,-8,Does not apply,-8,Does not apply,2,Male,0
E12000007,London,11,Aged 55 to 59 years,-8,Does not apply,0,No qualifications,1,Female,0
E12000007,London,11,Aged 55 to 59 years,-8,Does not apply,0,No qualifications,2,Male,0
E12000007,London,11,Aged 55 to 59 years,-8,Does not apply,1,"Level 1 and entry level qualifications: 1 to 4 GCSEs grade A* to C, Any GCSEs at other grades, O levels or CSEs (any grades), 1 AS level, NVQ level 1, Foundation GNVQ, Basic or Essential Skills",1,Female,0
E12000007,London,11,Aged 55 to 59 years,-8,Does not apply,1,"Level 1 and entry level qualifications: 1 to 4 GCSEs grade A* to C, Any GCSEs at other grades, O levels or CSEs (any grades), 1 AS level, NVQ level 1, Foundation GNVQ, Basic or Essential Skills",2,Male,0
E12000007,London,11,Aged 55 to 59 years,-8,Does not apply,2,"Level 2 qualifications: 5 or more GCSEs (A* to C or 9 to 4), O levels (passes), CSEs (grade 1), School Certification, 1 A level, 2 to 3 AS levels, VCEs, Intermediate or Higher Diploma, Welsh Baccalaureate Intermediate Diploma, NVQ level 2, Intermediate GNVQ, City and Guilds Craft, BTEC First or General Diploma, RSA Diploma",1,Female,0
E12000007,London,11,Aged 55 to 59 years,-8,Does not apply,2,"Level 2 qualifications: 5 or more GCSEs (A* to C or 9 to 4), O levels (passes), CSEs (grade 1), School Certification, 1 A level, 2 to 3 AS levels, VCEs, Intermediate or Higher Diploma, Welsh Baccalaureate Intermediate Diploma, NVQ level 2, Intermediate GNVQ, City and Guilds Craft, BTEC First or General Diploma, RSA Diploma",2,Male,0
E12000007,London,11,Aged 55 to 59 years,-8,Does not apply,3,"Level 3 qualifications: 2 or more A levels or VCEs, 4 or more AS levels, Higher School Certificate, Progression or Advanced Diploma, Welsh Baccalaureate Advance Diploma, NVQ level 3; Advanced GNVQ, City and Guilds Advanced Craft, ONC, OND, BTEC National, RSA Advanced Diploma",1,Female,0
E12000007,London,11,Aged 55 to 59 years,-8,Does not apply,3,"Level 3 qualifications: 2 or more A levels or VCEs, 4 or more AS levels, Higher School Certificate, Progression or Advanced Diploma, Welsh Baccalaureate Advance Diploma, NVQ level 3; Advanced GNVQ, City and Guilds Advanced Craft, ONC, OND, BTEC National, RSA Advanced Diploma",2,Male,0
E12000007,London,11,Aged 55 to 59 years,-8,Does not apply,4,"Level 4 qualifications or above: degree (BA, BSc), higher degree (MA, PhD, PGCE), NVQ level 4 to 5, HNC, HND, RSA Higher Diploma, BTEC Higher level, professional qualifications (for example, teaching, nursing, accountancy)",1,Female,0
E12000007,London,11,Aged 55 to 59 years,-8,Does not apply,4,"Level 4 qualifications or above: degree (BA, BSc), higher degree (MA, PhD, PGCE), NVQ level 4 to 5, HNC, HND, RSA Higher Diploma, BTEC Higher level, professional qualifications (for example, teaching, nursing, accountancy)",2,Male,0
E12000007,London,11,Aged 55 to 59 years,-8,Does not apply,5,"Other: apprenticeships, vocational or work-related qualifications, other qualifications achieved in England or Wales, qualifications achieved outside England or Wales (equivalent not stated or unknown)",1,Female,0
E12000007,London,11,Aged 55 to 59 years,-8,Does not apply,5,"Other: apprenticeships, vocational or work-related qualifications, other qualifications achieved in England or Wales, qualifications achieved outside England or Wales (equivalent not stated or unknown)",2,Male,0
E12000007,London,11,Aged 55 to 59 years,1,"Asian, Asian British or Asian Welsh",-8,Does not apply,1,Female,0
E12000007,London,11,Aged 55 to 59 years,1,"Asian, Asian British or Asian Welsh",-8,Does not apply,2,Male,0
E12000007,London,11,Aged 55 to 59 years,1,"Asian, Asian British or Asian Welsh",0,No qualifications,1,Female,12195
E12000007,London,11,Aged 55 to 59 years,1,"Asian, Asian British or Asian Welsh",0,No qualifications,2,Male,10646
E12000007,London,11,Aged 55 to 59 years,1,"Asian, Asian British or Asian Welsh",1,"Level 1 and entry level qualifications: 1 to 4 GCSEs grade A* to C, Any GCSEs at other grades, O levels or CSEs (any grades), 1 AS level, NVQ level 1, Foundation GNVQ, Basic or Essential Skills",1,Female,5552
E12000007,London,11,Aged 55 to 59 years,1,"Asian, Asian British or Asian Welsh",1,"Level 1 and entry level qualifications: 1 to 4 GCSEs grade A* to C, Any GCSEs at other grades, O levels or CSEs (any grades), 1 AS level, NVQ level 1, Foundation GNVQ, Basic or Essential Skills",2,Male,4904
E12000007,London,11,Aged 55 to 59 years,1,"Asian, Asian British or Asian Welsh",2,"Level 2 qualifications: 5 or more GCSEs (A* to C or 9 to 4), O levels (passes), CSEs (grade 1), School Certification, 1 A level, 2 to 3 AS levels, VCEs, Intermediate or Higher Diploma, Welsh Baccalaureate Intermediate Diploma, NVQ level 2, Intermediate GNVQ, City and Guilds Craft, BTEC First or General Diploma, RSA Diploma",1,Female,4173
E12000007,London,11,Aged 55 to 59 years,1,"Asian, Asian British or Asian Welsh",2,"Level 2 qualifications: 5 or more GCSEs (A* to C or 9 to 4), O levels (passes), CSEs (grade 1), School Certification, 1 A level, 2 to 3 AS levels, VCEs, Intermediate or Higher Diploma, Welsh Baccalaureate Intermediate Diploma, NVQ level 2, Intermediate GNVQ, City and Guilds Craft, BTEC First or General Diploma, RSA Diploma",2,Male,3246
E12000007,London,11,Aged 55 to 59 years,1,"Asian, Asian British or Asian Welsh",3,"Level 3 qualifications: 2 or more A levels or VCEs, 4 or more AS levels, Higher School Certificate, Progression or Advanced Diploma, Welsh Baccalaureate Advance Diploma, NVQ level 3; Advanced GNVQ, City and Guilds Advanced Craft, ONC, OND, BTEC National, RSA Advanced Diploma",1,Female,4591
E12000007,London,11,Aged 55 to 59 years,1,"Asian, Asian British or Asian Welsh",3,"Level 3 qualifications: 2 or more A levels or VCEs, 4 or more AS levels, Higher School Certificate, Progression or Advanced Diploma, Welsh Baccalaureate Advance Diploma, NVQ level 3; Advanced GNVQ, City and Guilds Advanced Craft, ONC, OND, BTEC National, RSA Advanced Diploma",2,Male,3897
E12000007,London,11,Aged 55 to 59 years,1,"Asian, Asian British or Asian Welsh",4,"Level 4 qualifications or above: degree (BA, BSc), higher degree (MA, PhD, PGCE), NVQ level 4 to 5, HNC, HND, RSA Higher Diploma, BTEC Higher level, professional qualifications (for example, teaching, nursing, accountancy)",1,Female,13432
E12000007,London,11,Aged 55 to 59 years,1,"Asian, Asian British or Asian Welsh",4,"Level 4 qualifications or above: degree (BA, BSc), higher degree (MA, PhD, PGCE), NVQ level 4 to 5, HNC, HND, RSA Higher Diploma, BTEC Higher level, professional qualifications (for example, teaching, nursing, accountancy)",2,Male,14473
E12000007,London,11,Aged 55 to 59 years,1,"Asian, Asian British or Asian Welsh",5,"Other: apprenticeships, vocational or work-related qualifications, other qualifications achieved in England or Wales, qualifications achieved outside England or Wales (equivalent not stated or unknown)",1,Female,2547
E12000007,London,11,Aged 55 to 59 years,1,"Asian, Asian British or Asian Welsh",5,"Other: apprenticeships, vocational or work-related qualifications, other qualifications achieved in England or Wales, qualifications achieved outside England or Wales (equivalent not stated or unknown)",2,Male,3106
E12000007,London,11,Aged 55 to 59 years,2,"Black, Black British, Black Welsh, Caribbean or African",-8,Does not apply,1,Female,0
E12000007,London,11,Aged 55 to 59 years,2,"Black, Black British, Black Welsh, Caribbean or African",-8,Does not apply,2,Male,0
E12000007,London,11,Aged 55 to 59 years,2,"Black, Black British, Black Welsh, Caribbean or African",0,No qualifications,1,Female,6651
E12000007,London,11,Aged 55 to 59 years,2,"Black, Black British, Black Welsh, Caribbean or African",0,No qualifications,2,Male,6498
E12000007,London,11,Aged 55 to 59 years,2,"Black, Black British, Black Welsh, Caribbean or African",1,"Level 1 and entry level qualifications: 1 to 4 GCSEs grade A* to C, Any GCSEs at other grades, O levels or CSEs (any grades), 1 AS level, NVQ level 1, Foundation GNVQ, Basic or Essential Skills",1,Female,5882
E12000007,London,11,Aged 55 to 59 years,2,"Black, Black British, Black Welsh, Caribbean or African",1,"Level 1 and entry level qualifications: 1 to 4 GCSEs grade A* to C, Any GCSEs at other grades, O levels or CSEs (any grades), 1 AS level, NVQ level 1, Foundation GNVQ, Basic or Essential Skills",2,Male,4294
E12000007,London,11,Aged 55 to 59 years,2,"Black, Black British, Black Welsh, Caribbean or African",2,"Level 2 qualifications: 5 or more GCSEs (A* to C or 9 to 4), O levels (passes), CSEs (grade 1), School Certification, 1 A level, 2 to 3 AS levels, VCEs, Intermediate or Higher Diploma, Welsh Baccalaureate Intermediate Diploma, NVQ level 2, Intermediate GNVQ, City and Guilds Craft, BTEC First or General Diploma, RSA Diploma",1,Female,5856
E12000007,London,11,Aged 55 to 59 years,2,"Black, Black British, Black Welsh, Caribbean or African",2,"Level 2 qualifications: 5 or more GCSEs (A* to C or 9 to 4), O levels (passes), CSEs (grade 1), School Certification, 1 A level, 2 to 3 AS levels, VCEs, Intermediate or Higher Diploma, Welsh Baccalaureate Intermediate Diploma, NVQ level 2, Intermediate GNVQ, City and Guilds Craft, BTEC First or General Diploma, RSA Diploma",2,Male,3840
E12000007,London,11,Aged 55 to 59 years,2,"Black, Black British, Black Welsh, Caribbean or African",3,"Level 3 qualifications: 2 or more A levels or VCEs, 4 or more AS levels, Higher School Certificate, Progression or Advanced Diploma, Welsh Baccalaureate Advance Diploma, NVQ level 3; Advanced GNVQ, City and Guilds Advanced Craft, ONC, OND, BTEC National, RSA Advanced Diploma",1,Female,7068
E12000007,London,11,Aged 55 to 59 years,2,"Black, Black British, Black Welsh, Caribbean or African",3,"Level 3 qualifications: 2 or more A levels or VCEs, 4 or more AS levels, Higher School Certificate, Progression or Advanced Diploma, Welsh Baccalaureate Advance Diploma, NVQ level 3; Advanced GNVQ, City and Guilds Advanced Craft, ONC, OND, BTEC National, RSA Advanced Diploma",2,Male,4824
E12000007,London,11,Aged 55 to 59 years,2,"Black, Black British, Black Welsh, Caribbean or African",4,"Level 4 qualifications or above: degree (BA, BSc), higher degree (MA, PhD, PGCE), NVQ level 4 to 5, HNC, HND, RSA Higher Diploma, BTEC Higher level, professional qualifications (for example, teaching, nursing, accountancy)",1,Female,21683
E12000007,London,11,Aged 55 to 59 years,2,"Black, Black British, Black Welsh, Caribbean or African",4,"Level 4 qualifications or above: degree (BA, BSc), higher degree (MA, PhD, PGCE), NVQ level 4 to 5, HNC, HND, RSA Higher Diploma, BTEC Higher level, professional qualifications (for example, teaching, nursing, accountancy)",2,Male,15893
E12000007,London,11,Aged 55 to 59 years,2,"Black, Black British, Black Welsh, Caribbean or African",5,"Other: apprenticeships, vocational or work-related qualifications, other qualifications achieved in England or Wales, qualifications achieved outside England or Wales (equivalent not stated or unknown)",1,Female,2598
E12000007,London,11,Aged 55 to 59 years,2,"Black, Black British, Black Welsh, Caribbean or African",5,"Other: apprenticeships, vocational or work-related qualifications, other qualifications achieved in England or Wales, qualifications achieved outside England or Wales (equivalent not stated or unknown)",2,Male,3311
E12000007,London,11,Aged 55 to 59 years,3,Mixed or Multiple ethnic groups,-8,Does not apply,1,Female,0
E12000007,London,11,Aged 55 to 59 years,3,Mixed or Multiple ethnic groups,-8,Does not apply,2,Male,0
E12000007,London,11,Aged 55 to 59 years,3,Mixed or Multiple ethnic groups,0,No qualifications,1,Female,1245
E12000007,London,11,Aged 55 to 59 years,3,Mixed or Multiple ethnic groups,0,No qualifications,2,Male,1199
E12000007,London,11,Aged 55 to 59 years,3,Mixed or Multiple ethnic groups,1,"Level 1 and entry level qualifications: 1 to 4 GCSEs grade A* to C, Any GCSEs at other grades, O levels or CSEs (any grades), 1 AS level, NVQ level 1, Foundation GNVQ, Basic or Essential Skills",1,Female,983
E12000007,London,11,Aged 55 to 59 years,3,Mixed or Multiple ethnic groups,1,"Level 1 and entry level qualifications: 1 to 4 GCSEs grade A* to C, Any GCSEs at other grades, O levels or CSEs (any grades), 1 AS level, NVQ level 1, Foundation GNVQ, Basic or Essential Skills",2,Male,683
E12000007,London,11,Aged 55 to 59 years,3,Mixed or Multiple ethnic groups,2,"Level 2 qualifications: 5 or more GCSEs (A* to C or 9 to 4), O levels (passes), CSEs (grade 1), School Certification, 1 A level, 2 to 3 AS levels, VCEs, Intermediate or Higher Diploma, Welsh Baccalaureate Intermediate Diploma, NVQ level 2, Intermediate GNVQ, City and Guilds Craft, BTEC First or General Diploma, RSA Diploma",1,Female,992
E12000007,London,11,Aged 55 to 59 years,3,Mixed or Multiple ethnic groups,2,"Level 2 qualifications: 5 or more GCSEs (A* to C or 9 to 4), O levels (passes), CSEs (grade 1), School Certification, 1 A level, 2 to 3 AS levels, VCEs, Intermediate or Higher Diploma, Welsh Baccalaureate Intermediate Diploma, NVQ level 2, Intermediate GNVQ, City and Guilds Craft, BTEC First or General Diploma, RSA Diploma",2,Male,578
E12000007,London,11,Aged 55 to 59 years,3,Mixed or Multiple ethnic groups,3,"Level 3 qualifications: 2 or more A levels or VCEs, 4 or more AS levels, Higher School Certificate, Progression or Advanced Diploma, Welsh Baccalaureate Advance Diploma, NVQ level 3; Advanced GNVQ, City and Guilds Advanced Craft, ONC, OND, BTEC National, RSA Advanced Diploma",1,Female,1093
E12000007,London,11,Aged 55 to 59 years,3,Mixed or Multiple ethnic groups,3,"Level 3 qualifications: 2 or more A levels or VCEs, 4 or more AS levels, Higher School Certificate, Progression or Advanced Diploma, Welsh Baccalaureate Advance Diploma, NVQ level 3; Advanced GNVQ, City and Guilds Advanced Craft, ONC, OND, BTEC National, RSA Advanced Diploma",2,Male,839
E12000007,London,11,Aged 55 to 59 years,3,Mixed or Multiple ethnic groups,4,"Level 4 qualifications or above: degree (BA, BSc), higher degree (MA, PhD, PGCE), NVQ level 4 to 5, HNC, HND, RSA Higher Diploma, BTEC Higher level, professional qualifications (for example, teaching, nursing, accountancy)",1,Female,3535
E12000007,London,11,Aged 55 to 59 years,3,Mixed or Multiple ethnic groups,4,"Level 4 qualifications or above: degree (BA, BSc), higher degree (MA, PhD, PGCE), NVQ level 4 to 5, HNC, HND, RSA Higher Diploma, BTEC Higher level, professional qualifications (for example, teaching, nursing, accountancy)",2,Male,2627
E12000007,London,11,Aged 55 to 59 years,3,Mixed or Multiple ethnic groups,5,"Other: apprenticeships, vocational or work-related qualifications, other qualifications achieved in England or Wales, qualifications achieved outside England or Wales (equivalent not stated or unknown)",1,Female,433
E12000007,London,11,Aged 55 to 59 years,3,Mixed or Multiple ethnic groups,5,"Other: apprenticeships, vocational or work-related qualifications, other qualifications achieved in England or Wales, qualifications achieved outside England or Wales (equivalent not stated or unknown)",2,Male,522
E12000007,London,11,Aged 55 to 59 years,4,White,-8,Does not apply,1,Female,0
E12000007,London,11,Aged 55 to 59 years,4,White,-8,Does not apply,2,Male,0
E12000007,London,11,Aged 55 to 59 years,4,White,0,No qualifications,1,Female,23958
E12000007,London,11,Aged 55 to 59 years,4,White,0,No qualifications,2,Male,24973
E12000007,London,11,Aged 55 to 59 years,4,White,1,"Level 1 and entry level qualifications: 1 to 4 GCSEs grade A* to C, Any GCSEs at other grades, O levels or CSEs (any grades), 1 AS level, NVQ level 1, Foundation GNVQ, Basic or Essential Skills",1,Female,17832
E12000007,London,11,Aged 55 to 59 years,4,White,1,"Level 1 and entry level qualifications: 1 to 4 GCSEs grade A* to C, Any GCSEs at other grades, O levels or CSEs (any grades), 1 AS level, NVQ level 1, Foundation GNVQ, Basic or Essential Skills",2,Male,13924
E12000007,London,11,Aged 55 to 59 years,4,White,2,"Level 2 qualifications: 5 or more GCSEs (A* to C or 9 to 4), O levels (passes), CSEs (grade 1), School Certification, 1 A level, 2 to 3 AS levels, VCEs, Intermediate or Higher Diploma, Welsh Baccalaureate Intermediate Diploma, NVQ level 2, Intermediate GNVQ, City and Guilds Craft, BTEC First or General Diploma, RSA Diploma",1,Female,20668
E12000007,London,11,Aged 55 to 59 years,4,White,2,"Level 2 qualifications: 5 or more GCSEs (A* to C or 9 to 4), O levels (passes), CSEs (grade 1), School Certification, 1 A level, 2 to 3 AS levels, VCEs, Intermediate or Higher Diploma, Welsh Baccalaureate Intermediate Diploma, NVQ level 2, Intermediate GNVQ, City and Guilds Craft, BTEC First or General Diploma, RSA Diploma",2,Male,14235
E12000007,London,11,Aged 55 to 59 years,4,White,3,"Level 3 qualifications: 2 or more A levels or VCEs, 4 or more AS levels, Higher School Certificate, Progression or Advanced Diploma, Welsh Baccalaureate Advance Diploma, NVQ level 3; Advanced GNVQ, City and Guilds Advanced Craft, ONC, OND, BTEC National, RSA Advanced Diploma",1,Female,19193
E12000007,London,11,Aged 55 to 59 years,4,White,3,"Level 3 qualifications: 2 or more A levels or VCEs, 4 or more AS levels, Higher School Certificate, Progression or Advanced Diploma, Welsh Baccalaureate Advance Diploma, NVQ level 3; Advanced GNVQ, City and Guilds Advanced Craft, ONC, OND, BTEC National, RSA Advanced Diploma",2,Male,19449
E12000007,London,11,Aged 55 to 59 years,4,White,4,"Level 4 qualifications or above: degree (BA, BSc), higher degree (MA, PhD, PGCE), NVQ level 4 to 5, HNC, HND, RSA Higher Diploma, BTEC Higher level, professional qualifications (for example, teaching, nursing, accountancy)",1,Female,58284
E12000007,London,11,Aged 55 to 59 years,4,White,4,"Level 4 qualifications or above: degree (BA, BSc), higher degree (MA, PhD, PGCE), NVQ level 4 to 5, HNC, HND, RSA Higher Diploma, BTEC Higher level, professional qualifications (for example, teaching, nursing, accountancy)",2,Male,58981
E12000007,London,11,Aged 55 to 59 years,4,White,5,"Other: apprenticeships, vocational or work-related qualifications, other qualifications achieved in England or Wales, qualifications achieved outside England or Wales (equivalent not stated or unknown)",1,Female,6991
E12000007,London,11,Aged 55 to 59 years,4,White,5,"Other: apprenticeships, vocational or work-related qualifications, other qualifications achieved in England or Wales, qualifications achieved outside England or Wales (equivalent not stated or unknown)",2,Male,12664
E12000007,London,11,Aged 55 to 59 years,5,Other ethnic group,-8,Does not apply,1,Female,0
E12000007,London,11,Aged 55 to 59 years,5,Other ethnic group,-8,Does not apply,2,Male,0
E12000007,London,11,Aged 55 to 59 years,5,Other ethnic group,0,No qualifications,1,Female,4826
E12000007,London,11,Aged 55 to 59 years,5,Other ethnic group,0,No qualifications,2,Male,5129
E12000007,London,11,Aged 55 to 59 years,5,Other ethnic group,1,"Level 1 and entry level qualifications: 1 to 4 GCSEs grade A* to C, Any GCSEs at other grades, O levels or CSEs (any grades), 1 AS level, NVQ level 1, Foundation GNVQ, Basic or Essential Skills",1,Female,1644
E12000007,London,11,Aged 55 to 59 years,5,Other ethnic group,1,"Level 1 and entry level qualifications: 1 to 4 GCSEs grade A* to C, Any GCSEs at other grades, O levels or CSEs (any grades), 1 AS level, NVQ level 1, Foundation GNVQ, Basic or Essential Skills",2,Male,1580
E12000007,London,11,Aged 55 to 59 years,5,Other ethnic group,2,"Level 2 qualifications: 5 or more GCSEs (A* to C or 9 to 4), O levels (passes), CSEs (grade 1), School Certification, 1 A level, 2 to 3 AS levels, VCEs, Intermediate or Higher Diploma, Welsh Baccalaureate Intermediate Diploma, NVQ level 2, Intermediate GNVQ, City and Guilds Craft, BTEC First or General Diploma, RSA Diploma",1,Female,1134
E12000007,London,11,Aged 55 to 59 years,5,Other ethnic group,2,"Level 2 qualifications: 5 or more GCSEs (A* to C or 9 to 4), O levels (passes), CSEs (grade 1), School Certification, 1 A level, 2 to 3 AS levels, VCEs, Intermediate or Higher Diploma, Welsh Baccalaureate Intermediate Diploma, NVQ level 2, Intermediate GNVQ, City and Guilds Craft, BTEC First or General Diploma, RSA Diploma",2,Male,1055
E12000007,London,11,Aged 55 to 59 years,5,Other ethnic group,3,"Level 3 qualifications: 2 or more A levels or VCEs, 4 or more AS levels, Higher School Certificate, Progression or Advanced Diploma, Welsh Baccalaureate Advance Diploma, NVQ level 3; Advanced GNVQ, City and Guilds Advanced Craft, ONC, OND, BTEC National, RSA Advanced Diploma",1,Female,1503
E12000007,London,11,Aged 55 to 59 years,5,Other ethnic group,3,"Level 3 qualifications: 2 or more A levels or VCEs, 4 or more AS levels, Higher School Certificate, Progression or Advanced Diploma, Welsh Baccalaureate Advance Diploma, NVQ level 3; Advanced GNVQ, City and Guilds Advanced Craft, ONC, OND, BTEC National, RSA Advanced Diploma",2,Male,1468
E12000007,London,11,Aged 55 to 59 years,5,Other ethnic group,4,"Level 4 qualifications or above: degree (BA, BSc), higher degree (MA, PhD, PGCE), NVQ level 4 to 5, HNC, HND, RSA Higher Diploma, BTEC Higher level, professional qualifications (for example, teaching, nursing, accountancy)",1,Female,4997
E12000007,London,11,Aged 55 to 59 years,5,Other ethnic group,4,"Level 4 qualifications or above: degree (BA, BSc), higher degree (MA, PhD, PGCE), NVQ level 4 to 5, HNC, HND, RSA Higher Diploma, BTEC Higher level, professional qualifications (for example, teaching, nursing, accountancy)",2,Male,5530
E12000007,London,11,Aged 55 to 59 years,5,Other ethnic group,5,"Other: apprenticeships, vocational or work-related qualifications, other qualifications achieved in England or Wales, qualifications achieved outside England or Wales (equivalent not stated or unknown)",1,Female,1215
E12000007,London,11,Aged 55 to 59 years,5,Other ethnic group,5,"Other: apprenticeships, vocational or work-related qualifications, other qualifications achieved in England or Wales, qualifications achieved outside England or Wales (equivalent not stated or unknown)",2,Male,1441
E12000007,London,12,Aged 60 to 64 years,-8,Does not apply,-8,Does not apply,1,Female,0
E12000007,London,12,Aged 60 to 64 years,-8,Does not apply,-8,Does not apply,2,Male,0
E12000007,London,12,Aged 60 to 64 years,-8,Does not apply,0,No qualifications,1,Female,0
E12000007,London,12,Aged 60 to 64 years,-8,Does not apply,0,No qualifications,2,Male,0
E12000007,London,12,Aged 60 to 64 years,-8,Does not apply,1,"Level 1 and entry level qualifications: 1 to 4 GCSEs grade A* to C, Any GCSEs at other grades, O levels or CSEs (any grades), 1 AS level, NVQ level 1, Foundation GNVQ, Basic or Essential Skills",1,Female,0
E12000007,London,12,Aged 60 to 64 years,-8,Does not apply,1,"Level 1 and entry level qualifications: 1 to 4 GCSEs grade A* to C, Any GCSEs at other grades, O levels or CSEs (any grades), 1 AS level, NVQ level 1, Foundation GNVQ, Basic or Essential Skills",2,Male,0
E12000007,London,12,Aged 60 to 64 years,-8,Does not apply,2,"Level 2 qualifications: 5 or more GCSEs (A* to C or 9 to 4), O levels (passes), CSEs (grade 1), School Certification, 1 A level, 2 to 3 AS levels, VCEs, Intermediate or Higher Diploma, Welsh Baccalaureate Intermediate Diploma, NVQ level 2, Intermediate GNVQ, City and Guilds Craft, BTEC First or General Diploma, RSA Diploma",1,Female,0
E12000007,London,12,Aged 60 to 64 years,-8,Does not apply,2,"Level 2 qualifications: 5 or more GCSEs (A* to C or 9 to 4), O levels (passes), CSEs (grade 1), School Certification, 1 A level, 2 to 3 AS levels, VCEs, Intermediate or Higher Diploma, Welsh Baccalaureate Intermediate Diploma, NVQ level 2, Intermediate GNVQ, City and Guilds Craft, BTEC First or General Diploma, RSA Diploma",2,Male,0
E12000007,London,12,Aged 60 to 64 years,-8,Does not apply,3,"Level 3 qualifications: 2 or more A levels or VCEs, 4 or more AS levels, Higher School Certificate, Progression or Advanced Diploma, Welsh Baccalaureate Advance Diploma, NVQ level 3; Advanced GNVQ, City and Guilds Advanced Craft, ONC, OND, BTEC National, RSA Advanced Diploma",1,Female,0
E12000007,London,12,Aged 60 to 64 years,-8,Does not apply,3,"Level 3 qualifications: 2 or more A levels or VCEs, 4 or more AS levels, Higher School Certificate, Progression or Advanced Diploma, Welsh Baccalaureate Advance Diploma, NVQ level 3; Advanced GNVQ, City and Guilds Advanced Craft, ONC, OND, BTEC National, RSA Advanced Diploma",2,Male,0
E12000007,London,12,Aged 60 to 64 years,-8,Does not apply,4,"Level 4 qualifications or above: degree (BA, BSc), higher degree (MA, PhD, PGCE), NVQ level 4 to 5, HNC, HND, RSA Higher Diploma, BTEC Higher level, professional qualifications (for example, teaching, nursing, accountancy)",1,Female,0
E12000007,London,12,Aged 60 to 64 years,-8,Does not apply,4,"Level 4 qualifications or above: degree (BA, BSc), higher degree (MA, PhD, PGCE), NVQ level 4 to 5, HNC, HND, RSA Higher Diploma, BTEC Higher level, professional qualifications (for example, teaching, nursing, accountancy)",2,Male,0
E12000007,London,12,Aged 60 to 64 years,-8,Does not apply,5,"Other: apprenticeships, vocational or work-related qualifications, other qualifications achieved in England or Wales, qualifications achieved outside England or Wales (equivalent not stated or unknown)",1,Female,0
E12000007,London,12,Aged 60 to 64 years,-8,Does not apply,5,"Other: apprenticeships, vocational or work-related qualifications, other qualifications achieved in England or Wales, qualifications achieved outside England or Wales (equivalent not stated or unknown)",2,Male,0
E12000007,London,12,Aged 60 to 64 years,1,"Asian, Asian British or Asian Welsh",-8,Does not apply,1,Female,0
E12000007,London,12,Aged 60 to 64 years,1,"Asian, Asian British or Asian Welsh",-8,Does not apply,2,Male,0
E12000007,London,12,Aged 60 to 64 years,1,"Asian, Asian British or Asian Welsh",0,No qualifications,1,Female,12605
E12000007,London,12,Aged 60 to 64 years,1,"Asian, Asian British or Asian Welsh",0,No qualifications,2,Male,10816
E12000007,London,12,Aged 60 to 64 years,1,"Asian, Asian British or Asian Welsh",1,"Level 1 and entry level qualifications: 1 to 4 GCSEs grade A* to C, Any GCSEs at other grades, O levels or CSEs (any grades), 1 AS level, NVQ level 1, Foundation GNVQ, Basic or Essential Skills",1,Female,5004
E12000007,London,12,Aged 60 to 64 years,1,"Asian, Asian British or Asian Welsh",1,"Level 1 and entry level qualifications: 1 to 4 GCSEs grade A* to C, Any GCSEs at other grades, O levels or CSEs (any grades), 1 AS level, NVQ level 1, Foundation GNVQ, Basic or Essential Skills",2,Male,4218
E12000007,London,12,Aged 60 to 64 years,1,"Asian, Asian British or Asian Welsh",2,"Level 2 qualifications: 5 or more GCSEs (A* to C or 9 to 4), O levels (passes), CSEs (grade 1), School Certification, 1 A level, 2 to 3 AS levels, VCEs, Intermediate or Higher Diploma, Welsh Baccalaureate Intermediate Diploma, NVQ level 2, Intermediate GNVQ, City and Guilds Craft, BTEC First or General Diploma, RSA Diploma",1,Female,3527
E12000007,London,12,Aged 60 to 64 years,1,"Asian, Asian British or Asian Welsh",2,"Level 2 qualifications: 5 or more GCSEs (A* to C or 9 to 4), O levels (passes), CSEs (grade 1), School Certification, 1 A level, 2 to 3 AS levels, VCEs, Intermediate or Higher Diploma, Welsh Baccalaureate Intermediate Diploma, NVQ level 2, Intermediate GNVQ, City and Guilds Craft, BTEC First or General Diploma, RSA Diploma",2,Male,2614
E12000007,London,12,Aged 60 to 64 years,1,"Asian, Asian British or Asian Welsh",3,"Level 3 qualifications: 2 or more A levels or VCEs, 4 or more AS levels, Higher School Certificate, Progression or Advanced Diploma, Welsh Baccalaureate Advance Diploma, NVQ level 3; Advanced GNVQ, City and Guilds Advanced Craft, ONC, OND, BTEC National, RSA Advanced Diploma",1,Female,3218
E12000007,London,12,Aged 60 to 64 years,1,"Asian, Asian British or Asian Welsh",3,"Level 3 qualifications: 2 or more A levels or VCEs, 4 or more AS levels, Higher School Certificate, Progression or Advanced Diploma, Welsh Baccalaureate Advance Diploma, NVQ level 3; Advanced GNVQ, City and Guilds Advanced Craft, ONC, OND, BTEC National, RSA Advanced Diploma",2,Male,3115
E12000007,London,12,Aged 60 to 64 years,1,"Asian, Asian British or Asian Welsh",4,"Level 4 qualifications or above: degree (BA, BSc), higher degree (MA, PhD, PGCE), NVQ level 4 to 5, HNC, HND, RSA Higher Diploma, BTEC Higher level, professional qualifications (for example, teaching, nursing, accountancy)",1,Female,10199
E12000007,London,12,Aged 60 to 64 years,1,"Asian, Asian British or Asian Welsh",4,"Level 4 qualifications or above: degree (BA, BSc), higher degree (MA, PhD, PGCE), NVQ level 4 to 5, HNC, HND, RSA Higher Diploma, BTEC Higher level, professional qualifications (for example, teaching, nursing, accountancy)",2,Male,11404
E12000007,London,12,Aged 60 to 64 years,1,"Asian, Asian British or Asian Welsh",5,"Other: apprenticeships, vocational or work-related qualifications, other qualifications achieved in England or Wales, qualifications achieved outside England or Wales (equivalent not stated or unknown)",1,Female,2211
E12000007,London,12,Aged 60 to 64 years,1,"Asian, Asian British or Asian Welsh",5,"Other: apprenticeships, vocational or work-related qualifications, other qualifications achieved in England or Wales, qualifications achieved outside England or Wales (equivalent not stated or unknown)",2,Male,2885
E12000007,London,12,Aged 60 to 64 years,2,"Black, Black British, Black Welsh, Caribbean or African",-8,Does not apply,1,Female,0
E12000007,London,12,Aged 60 to 64 years,2,"Black, Black British, Black Welsh, Caribbean or African",-8,Does not apply,2,Male,0
E12000007,London,12,Aged 60 to 64 years,2,"Black, Black British, Black Welsh, Caribbean or African",0,No qualifications,1,Female,5205
E12000007,London,12,Aged 60 to 64 years,2,"Black, Black British, Black Welsh, Caribbean or African",0,No qualifications,2,Male,5064
E12000007,London,12,Aged 60 to 64 years,2,"Black, Black British, Black Welsh, Caribbean or African",1,"Level 1 and entry level qualifications: 1 to 4 GCSEs grade A* to C, Any GCSEs at other grades, O levels or CSEs (any grades), 1 AS level, NVQ level 1, Foundation GNVQ, Basic or Essential Skills",1,Female,4321
E12000007,London,12,Aged 60 to 64 years,2,"Black, Black British, Black Welsh, Caribbean or African",1,"Level 1 and entry level qualifications: 1 to 4 GCSEs grade A* to C, Any GCSEs at other grades, O levels or CSEs (any grades), 1 AS level, NVQ level 1, Foundation GNVQ, Basic or Essential Skills",2,Male,2869
E12000007,London,12,Aged 60 to 64 years,2,"Black, Black British, Black Welsh, Caribbean or African",2,"Level 2 qualifications: 5 or more GCSEs (A* to C or 9 to 4), O levels (passes), CSEs (grade 1), School Certification, 1 A level, 2 to 3 AS levels, VCEs, Intermediate or Higher Diploma, Welsh Baccalaureate Intermediate Diploma, NVQ level 2, Intermediate GNVQ, City and Guilds Craft, BTEC First or General Diploma, RSA Diploma",1,Female,3813
E12000007,London,12,Aged 60 to 64 years,2,"Black, Black British, Black Welsh, Caribbean or African",2,"Level 2 qualifications: 5 or more GCSEs (A* to C or 9 to 4), O levels (passes), CSEs (grade 1), School Certification, 1 A level, 2 to 3 AS levels, VCEs, Intermediate or Higher Diploma, Welsh Baccalaureate Intermediate Diploma, NVQ level 2, Intermediate GNVQ, City and Guilds Craft, BTEC First or General Diploma, RSA Diploma",2,Male,2177
E12000007,London,12,Aged 60 to 64 years,2,"Black, Black British, Black Welsh, Caribbean or African",3,"Level 3 qualifications: 2 or more A levels or VCEs, 4 or more AS levels, Higher School Certificate, Progression or Advanced Diploma, Welsh Baccalaureate Advance Diploma, NVQ level 3; Advanced GNVQ, City and Guilds Advanced Craft, ONC, OND, BTEC National, RSA Advanced Diploma",1,Female,4416
E12000007,London,12,Aged 60 to 64 years,2,"Black, Black British, Black Welsh, Caribbean or African",3,"Level 3 qualifications: 2 or more A levels or VCEs, 4 or more AS levels, Higher School Certificate, Progression or Advanced Diploma, Welsh Baccalaureate Advance Diploma, NVQ level 3; Advanced GNVQ, City and Guilds Advanced Craft, ONC, OND, BTEC National, RSA Advanced Diploma",2,Male,3019
E12000007,London,12,Aged 60 to 64 years,2,"Black, Black British, Black Welsh, Caribbean or African",4,"Level 4 qualifications or above: degree (BA, BSc), higher degree (MA, PhD, PGCE), NVQ level 4 to 5, HNC, HND, RSA Higher Diploma, BTEC Higher level, professional qualifications (for example, teaching, nursing, accountancy)",1,Female,12562
E12000007,London,12,Aged 60 to 64 years,2,"Black, Black British, Black Welsh, Caribbean or African",4,"Level 4 qualifications or above: degree (BA, BSc), higher degree (MA, PhD, PGCE), NVQ level 4 to 5, HNC, HND, RSA Higher Diploma, BTEC Higher level, professional qualifications (for example, teaching, nursing, accountancy)",2,Male,11041
E12000007,London,12,Aged 60 to 64 years,2,"Black, Black British, Black Welsh, Caribbean or African",5,"Other: apprenticeships, vocational or work-related qualifications, other qualifications achieved in England or Wales, qualifications achieved outside England or Wales (equivalent not stated or unknown)",1,Female,1921
E12000007,London,12,Aged 60 to 64 years,2,"Black, Black British, Black Welsh, Caribbean or African",5,"Other: apprenticeships, vocational or work-related qualifications, other qualifications achieved in England or Wales, qualifications achieved outside England or Wales (equivalent not stated or unknown)",2,Male,2597
E12000007,London,12,Aged 60 to 64 years,3,Mixed or Multiple ethnic groups,-8,Does not apply,1,Female,0
E12000007,London,12,Aged 60 to 64 years,3,Mixed or Multiple ethnic groups,-8,Does not apply,2,Male,0
E12000007,London,12,Aged 60 to 64 years,3,Mixed or Multiple ethnic groups,0,No qualifications,1,Female,929
E12000007,London,12,Aged 60 to 64 years,3,Mixed or Multiple ethnic groups,0,No qualifications,2,Male,787
E12000007,London,12,Aged 60 to 64 years,3,Mixed or Multiple ethnic groups,1,"Level 1 and entry level qualifications: 1 to 4 GCSEs grade A* to C, Any GCSEs at other grades, O levels or CSEs (any grades), 1 AS level, NVQ level 1, Foundation GNVQ, Basic or Essential Skills",1,Female,556
E12000007,London,12,Aged 60 to 64 years,3,Mixed or Multiple ethnic groups,1,"Level 1 and entry level qualifications: 1 to 4 GCSEs grade A* to C, Any GCSEs at other grades, O levels or CSEs (any grades), 1 AS level, NVQ level 1, Foundation GNVQ, Basic or Essential Skills",2,Male,415
E12000007,London,12,Aged 60 to 64 years,3,Mixed or Multiple ethnic groups,2,"Level 2 qualifications: 5 or more GCSEs (A* to C or 9 to 4), O levels (passes), CSEs (grade 1), School Certification, 1 A level, 2 to 3 AS levels, VCEs, Intermediate or Higher Diploma, Welsh Baccalaureate Intermediate Diploma, NVQ level 2, Intermediate GNVQ, City and Guilds Craft, BTEC First or General Diploma, RSA Diploma",1,Female,577
E12000007,London,12,Aged 60 to 64 years,3,Mixed or Multiple ethnic groups,2,"Level 2 qualifications: 5 or more GCSEs (A* to C or 9 to 4), O levels (passes), CSEs (grade 1), School Certification, 1 A level, 2 to 3 AS levels, VCEs, Intermediate or Higher Diploma, Welsh Baccalaureate Intermediate Diploma, NVQ level 2, Intermediate GNVQ, City and Guilds Craft, BTEC First or General Diploma, RSA Diploma",2,Male,368
E12000007,London,12,Aged 60 to 64 years,3,Mixed or Multiple ethnic groups,3,"Level 3 qualifications: 2 or more A levels or VCEs, 4 or more AS levels, Higher School Certificate, Progression or Advanced Diploma, Welsh Baccalaureate Advance Diploma, NVQ level 3; Advanced GNVQ, City and Guilds Advanced Craft, ONC, OND, BTEC National, RSA Advanced Diploma",1,Female,607
E12000007,London,12,Aged 60 to 64 years,3,Mixed or Multiple ethnic groups,3,"Level 3 qualifications: 2 or more A levels or VCEs, 4 or more AS levels, Higher School Certificate, Progression or Advanced Diploma, Welsh Baccalaureate Advance Diploma, NVQ level 3; Advanced GNVQ, City and Guilds Advanced Craft, ONC, OND, BTEC National, RSA Advanced Diploma",2,Male,467
E12000007,London,12,Aged 60 to 64 years,3,Mixed or Multiple ethnic groups,4,"Level 4 qualifications or above: degree (BA, BSc), higher degree (MA, PhD, PGCE), NVQ level 4 to 5, HNC, HND, RSA Higher Diploma, BTEC Higher level, professional qualifications (for example, teaching, nursing, accountancy)",1,Female,2053
E12000007,London,12,Aged 60 to 64 years,3,Mixed or Multiple ethnic groups,4,"Level 4 qualifications or above: degree (BA, BSc), higher degree (MA, PhD, PGCE), NVQ level 4 to 5, HNC, HND, RSA Higher Diploma, BTEC Higher level, professional qualifications (for example, teaching, nursing, accountancy)",2,Male,1488
E12000007,London,12,Aged 60 to 64 years,3,Mixed or Multiple ethnic groups,5,"Other: apprenticeships, vocational or work-related qualifications, other qualifications achieved in England or Wales, qualifications achieved outside England or Wales (equivalent not stated or unknown)",1,Female,297
E12000007,London,12,Aged 60 to 64 years,3,Mixed or Multiple ethnic groups,5,"Other: apprenticeships, vocational or work-related qualifications, other qualifications achieved in England or Wales, qualifications achieved outside England or Wales (equivalent not stated or unknown)",2,Male,381
E12000007,London,12,Aged 60 to 64 years,4,White,-8,Does not apply,1,Female,0
E12000007,London,12,Aged 60 to 64 years,4,White,-8,Does not apply,2,Male,0
E12000007,London,12,Aged 60 to 64 years,4,White,0,No qualifications,1,Female,25318
E12000007,London,12,Aged 60 to 64 years,4,White,0,No qualifications,2,Male,24057
E12000007,London,12,Aged 60 to 64 years,4,White,1,"Level 1 and entry level qualifications: 1 to 4 GCSEs grade A* to C, Any GCSEs at other grades, O levels or CSEs (any grades), 1 AS level, NVQ level 1, Foundation GNVQ, Basic or Essential Skills",1,Female,15032
E12000007,London,12,Aged 60 to 64 years,4,White,1,"Level 1 and entry level qualifications: 1 to 4 GCSEs grade A* to C, Any GCSEs at other grades, O levels or CSEs (any grades), 1 AS level, NVQ level 1, Foundation GNVQ, Basic or Essential Skills",2,Male,10623
E12000007,London,12,Aged 60 to 64 years,4,White,2,"Level 2 qualifications: 5 or more GCSEs (A* to C or 9 to 4), O levels (passes), CSEs (grade 1), School Certification, 1 A level, 2 to 3 AS levels, VCEs, Intermediate or Higher Diploma, Welsh Baccalaureate Intermediate Diploma, NVQ level 2, Intermediate GNVQ, City and Guilds Craft, BTEC First or General Diploma, RSA Diploma",1,Female,15565
E12000007,London,12,Aged 60 to 64 years,4,White,2,"Level 2 qualifications: 5 or more GCSEs (A* to C or 9 to 4), O levels (passes), CSEs (grade 1), School Certification, 1 A level, 2 to 3 AS levels, VCEs, Intermediate or Higher Diploma, Welsh Baccalaureate Intermediate Diploma, NVQ level 2, Intermediate GNVQ, City and Guilds Craft, BTEC First or General Diploma, RSA Diploma",2,Male,10218
E12000007,London,12,Aged 60 to 64 years,4,White,3,"Level 3 qualifications: 2 or more A levels or VCEs, 4 or more AS levels, Higher School Certificate, Progression or Advanced Diploma, Welsh Baccalaureate Advance Diploma, NVQ level 3; Advanced GNVQ, City and Guilds Advanced Craft, ONC, OND, BTEC National, RSA Advanced Diploma",1,Female,14099
E12000007,London,12,Aged 60 to 64 years,4,White,3,"Level 3 qualifications: 2 or more A levels or VCEs, 4 or more AS levels, Higher School Certificate, Progression or Advanced Diploma, Welsh Baccalaureate Advance Diploma, NVQ level 3; Advanced GNVQ, City and Guilds Advanced Craft, ONC, OND, BTEC National, RSA Advanced Diploma",2,Male,15619
E12000007,London,12,Aged 60 to 64 years,4,White,4,"Level 4 qualifications or above: degree (BA, BSc), higher degree (MA, PhD, PGCE), NVQ level 4 to 5, HNC, HND, RSA Higher Diploma, BTEC Higher level, professional qualifications (for example, teaching, nursing, accountancy)",1,Female,44502
E12000007,London,12,Aged 60 to 64 years,4,White,4,"Level 4 qualifications or above: degree (BA, BSc), higher degree (MA, PhD, PGCE), NVQ level 4 to 5, HNC, HND, RSA Higher Diploma, BTEC Higher level, professional qualifications (for example, teaching, nursing, accountancy)",2,Male,45067
E12000007,London,12,Aged 60 to 64 years,4,White,5,"Other: apprenticeships, vocational or work-related qualifications, other qualifications achieved in England or Wales, qualifications achieved outside England or Wales (equivalent not stated or unknown)",1,Female,6232
E12000007,London,12,Aged 60 to 64 years,4,White,5,"Other: apprenticeships, vocational or work-related qualifications, other qualifications achieved in England or Wales, qualifications achieved outside England or Wales (equivalent not stated or unknown)",2,Male,12206
E12000007,London,12,Aged 60 to 64 years,5,Other ethnic group,-8,Does not apply,1,Female,0
E12000007,London,12,Aged 60 to 64 years,5,Other ethnic group,-8,Does not apply,2,Male,0
E12000007,London,12,Aged 60 to 64 years,5,Other ethnic group,0,No qualifications,1,Female,3883
E12000007,London,12,Aged 60 to 64 years,5,Other ethnic group,0,No qualifications,2,Male,3740
E12000007,London,12,Aged 60 to 64 years,5,Other ethnic group,1,"Level 1 and entry level qualifications: 1 to 4 GCSEs grade A* to C, Any GCSEs at other grades, O levels or CSEs (any grades), 1 AS level, NVQ level 1, Foundation GNVQ, Basic or Essential Skills",1,Female,1248
E12000007,London,12,Aged 60 to 64 years,5,Other ethnic group,1,"Level 1 and entry level qualifications: 1 to 4 GCSEs grade A* to C, Any GCSEs at other grades, O levels or CSEs (any grades), 1 AS level, NVQ level 1, Foundation GNVQ, Basic or Essential Skills",2,Male,1014
E12000007,London,12,Aged 60 to 64 years,5,Other ethnic group,2,"Level 2 qualifications: 5 or more GCSEs (A* to C or 9 to 4), O levels (passes), CSEs (grade 1), School Certification, 1 A level, 2 to 3 AS levels, VCEs, Intermediate or Higher Diploma, Welsh Baccalaureate Intermediate Diploma, NVQ level 2, Intermediate GNVQ, City and Guilds Craft, BTEC First or General Diploma, RSA Diploma",1,Female,903
E12000007,London,12,Aged 60 to 64 years,5,Other ethnic group,2,"Level 2 qualifications: 5 or more GCSEs (A* to C or 9 to 4), O levels (passes), CSEs (grade 1), School Certification, 1 A level, 2 to 3 AS levels, VCEs, Intermediate or Higher Diploma, Welsh Baccalaureate Intermediate Diploma, NVQ level 2, Intermediate GNVQ, City and Guilds Craft, BTEC First or General Diploma, RSA Diploma",2,Male,631
E12000007,London,12,Aged 60 to 64 years,5,Other ethnic group,3,"Level 3 qualifications: 2 or more A levels or VCEs, 4 or more AS levels, Higher School Certificate, Progression or Advanced Diploma, Welsh Baccalaureate Advance Diploma, NVQ level 3; Advanced GNVQ, City and Guilds Advanced Craft, ONC, OND, BTEC National, RSA Advanced Diploma",1,Female,997
E12000007,London,12,Aged 60 to 64 years,5,Other ethnic group,3,"Level 3 qualifications: 2 or more A levels or VCEs, 4 or more AS levels, Higher School Certificate, Progression or Advanced Diploma, Welsh Baccalaureate Advance Diploma, NVQ level 3; Advanced GNVQ, City and Guilds Advanced Craft, ONC, OND, BTEC National, RSA Advanced Diploma",2,Male,1019
E12000007,London,12,Aged 60 to 64 years,5,Other ethnic group,4,"Level 4 qualifications or above: degree (BA, BSc), higher degree (MA, PhD, PGCE), NVQ level 4 to 5, HNC, HND, RSA Higher Diploma, BTEC Higher level, professional qualifications (for example, teaching, nursing, accountancy)",1,Female,3797
E12000007,London,12,Aged 60 to 64 years,5,Other ethnic group,4,"Level 4 qualifications or above: degree (BA, BSc), higher degree (MA, PhD, PGCE), NVQ level 4 to 5, HNC, HND, RSA Higher Diploma, BTEC Higher level, professional qualifications (for example, teaching, nursing, accountancy)",2,Male,4340
E12000007,London,12,Aged 60 to 64 years,5,Other ethnic group,5,"Other: apprenticeships, vocational or work-related qualifications, other qualifications achieved in England or Wales, qualifications achieved outside England or Wales (equivalent not stated or unknown)",1,Female,892
E12000007,London,12,Aged 60 to 64 years,5,Other ethnic group,5,"Other: apprenticeships, vocational or work-related qualifications, other qualifications achieved in England or Wales, qualifications achieved outside England or Wales (equivalent not stated or unknown)",2,Male,1025
E12000007,London,13,Aged 65 to 69 years,-8,Does not apply,-8,Does not apply,1,Female,0
E12000007,London,13,Aged 65 to 69 years,-8,Does not apply,-8,Does not apply,2,Male,0
E12000007,London,13,Aged 65 to 69 years,-8,Does not apply,0,No qualifications,1,Female,0
E12000007,London,13,Aged 65 to 69 years,-8,Does not apply,0,No qualifications,2,Male,0
E12000007,London,13,Aged 65 to 69 years,-8,Does not apply,1,"Level 1 and entry level qualifications: 1 to 4 GCSEs grade A* to C, Any GCSEs at other grades, O levels or CSEs (any grades), 1 AS level, NVQ level 1, Foundation GNVQ, Basic or Essential Skills",1,Female,0
E12000007,London,13,Aged 65 to 69 years,-8,Does not apply,1,"Level 1 and entry level qualifications: 1 to 4 GCSEs grade A* to C, Any GCSEs at other grades, O levels or CSEs (any grades), 1 AS level, NVQ level 1, Foundation GNVQ, Basic or Essential Skills",2,Male,0
E12000007,London,13,Aged 65 to 69 years,-8,Does not apply,2,"Level 2 qualifications: 5 or more GCSEs (A* to C or 9 to 4), O levels (passes), CSEs (grade 1), School Certification, 1 A level, 2 to 3 AS levels, VCEs, Intermediate or Higher Diploma, Welsh Baccalaureate Intermediate Diploma, NVQ level 2, Intermediate GNVQ, City and Guilds Craft, BTEC First or General Diploma, RSA Diploma",1,Female,0
E12000007,London,13,Aged 65 to 69 years,-8,Does not apply,2,"Level 2 qualifications: 5 or more GCSEs (A* to C or 9 to 4), O levels (passes), CSEs (grade 1), School Certification, 1 A level, 2 to 3 AS levels, VCEs, Intermediate or Higher Diploma, Welsh Baccalaureate Intermediate Diploma, NVQ level 2, Intermediate GNVQ, City and Guilds Craft, BTEC First or General Diploma, RSA Diploma",2,Male,0
E12000007,London,13,Aged 65 to 69 years,-8,Does not apply,3,"Level 3 qualifications: 2 or more A levels or VCEs, 4 or more AS levels, Higher School Certificate, Progression or Advanced Diploma, Welsh Baccalaureate Advance Diploma, NVQ level 3; Advanced GNVQ, City and Guilds Advanced Craft, ONC, OND, BTEC National, RSA Advanced Diploma",1,Female,0
E12000007,London,13,Aged 65 to 69 years,-8,Does not apply,3,"Level 3 qualifications: 2 or more A levels or VCEs, 4 or more AS levels, Higher School Certificate, Progression or Advanced Diploma, Welsh Baccalaureate Advance Diploma, NVQ level 3; Advanced GNVQ, City and Guilds Advanced Craft, ONC, OND, BTEC National, RSA Advanced Diploma",2,Male,0
E12000007,London,13,Aged 65 to 69 years,-8,Does not apply,4,"Level 4 qualifications or above: degree (BA, BSc), higher degree (MA, PhD, PGCE), NVQ level 4 to 5, HNC, HND, RSA Higher Diploma, BTEC Higher level, professional qualifications (for example, teaching, nursing, accountancy)",1,Female,0
E12000007,London,13,Aged 65 to 69 years,-8,Does not apply,4,"Level 4 qualifications or above: degree (BA, BSc), higher degree (MA, PhD, PGCE), NVQ level 4 to 5, HNC, HND, RSA Higher Diploma, BTEC Higher level, professional qualifications (for example, teaching, nursing, accountancy)",2,Male,0
E12000007,London,13,Aged 65 to 69 years,-8,Does not apply,5,"Other: apprenticeships, vocational or work-related qualifications, other qualifications achieved in England or Wales, qualifications achieved outside England or Wales (equivalent not stated or unknown)",1,Female,0
E12000007,London,13,Aged 65 to 69 years,-8,Does not apply,5,"Other: apprenticeships, vocational or work-related qualifications, other qualifications achieved in England or Wales, qualifications achieved outside England or Wales (equivalent not stated or unknown)",2,Male,0
E12000007,London,13,Aged 65 to 69 years,1,"Asian, Asian British or Asian Welsh",-8,Does not apply,1,Female,0
E12000007,London,13,Aged 65 to 69 years,1,"Asian, Asian British or Asian Welsh",-8,Does not apply,2,Male,0
E12000007,London,13,Aged 65 to 69 years,1,"Asian, Asian British or Asian Welsh",0,No qualifications,1,Female,12466
E12000007,London,13,Aged 65 to 69 years,1,"Asian, Asian British or Asian Welsh",0,No qualifications,2,Male,9195
E12000007,London,13,Aged 65 to 69 years,1,"Asian, Asian British or Asian Welsh",1,"Level 1 and entry level qualifications: 1 to 4 GCSEs grade A* to C, Any GCSEs at other grades, O levels or CSEs (any grades), 1 AS level, NVQ level 1, Foundation GNVQ, Basic or Essential Skills",1,Female,3838
E12000007,London,13,Aged 65 to 69 years,1,"Asian, Asian British or Asian Welsh",1,"Level 1 and entry level qualifications: 1 to 4 GCSEs grade A* to C, Any GCSEs at other grades, O levels or CSEs (any grades), 1 AS level, NVQ level 1, Foundation GNVQ, Basic or Essential Skills",2,Male,2885
E12000007,London,13,Aged 65 to 69 years,1,"Asian, Asian British or Asian Welsh",2,"Level 2 qualifications: 5 or more GCSEs (A* to C or 9 to 4), O levels (passes), CSEs (grade 1), School Certification, 1 A level, 2 to 3 AS levels, VCEs, Intermediate or Higher Diploma, Welsh Baccalaureate Intermediate Diploma, NVQ level 2, Intermediate GNVQ, City and Guilds Craft, BTEC First or General Diploma, RSA Diploma",1,Female,2667
E12000007,London,13,Aged 65 to 69 years,1,"Asian, Asian British or Asian Welsh",2,"Level 2 qualifications: 5 or more GCSEs (A* to C or 9 to 4), O levels (passes), CSEs (grade 1), School Certification, 1 A level, 2 to 3 AS levels, VCEs, Intermediate or Higher Diploma, Welsh Baccalaureate Intermediate Diploma, NVQ level 2, Intermediate GNVQ, City and Guilds Craft, BTEC First or General Diploma, RSA Diploma",2,Male,1785
E12000007,London,13,Aged 65 to 69 years,1,"Asian, Asian British or Asian Welsh",3,"Level 3 qualifications: 2 or more A levels or VCEs, 4 or more AS levels, Higher School Certificate, Progression or Advanced Diploma, Welsh Baccalaureate Advance Diploma, NVQ level 3; Advanced GNVQ, City and Guilds Advanced Craft, ONC, OND, BTEC National, RSA Advanced Diploma",1,Female,2053
E12000007,London,13,Aged 65 to 69 years,1,"Asian, Asian British or Asian Welsh",3,"Level 3 qualifications: 2 or more A levels or VCEs, 4 or more AS levels, Higher School Certificate, Progression or Advanced Diploma, Welsh Baccalaureate Advance Diploma, NVQ level 3; Advanced GNVQ, City and Guilds Advanced Craft, ONC, OND, BTEC National, RSA Advanced Diploma",2,Male,2182
E12000007,London,13,Aged 65 to 69 years,1,"Asian, Asian British or Asian Welsh",4,"Level 4 qualifications or above: degree (BA, BSc), higher degree (MA, PhD, PGCE), NVQ level 4 to 5, HNC, HND, RSA Higher Diploma, BTEC Higher level, professional qualifications (for example, teaching, nursing, accountancy)",1,Female,8449
E12000007,London,13,Aged 65 to 69 years,1,"Asian, Asian British or Asian Welsh",4,"Level 4 qualifications or above: degree (BA, BSc), higher degree (MA, PhD, PGCE), NVQ level 4 to 5, HNC, HND, RSA Higher Diploma, BTEC Higher level, professional qualifications (for example, teaching, nursing, accountancy)",2,Male,9136
E12000007,London,13,Aged 65 to 69 years,1,"Asian, Asian British or Asian Welsh",5,"Other: apprenticeships, vocational or work-related qualifications, other qualifications achieved in England or Wales, qualifications achieved outside England or Wales (equivalent not stated or unknown)",1,Female,2104
E12000007,London,13,Aged 65 to 69 years,1,"Asian, Asian British or Asian Welsh",5,"Other: apprenticeships, vocational or work-related qualifications, other qualifications achieved in England or Wales, qualifications achieved outside England or Wales (equivalent not stated or unknown)",2,Male,2343
E12000007,London,13,Aged 65 to 69 years,2,"Black, Black British, Black Welsh, Caribbean or African",-8,Does not apply,1,Female,0
E12000007,London,13,Aged 65 to 69 years,2,"Black, Black British, Black Welsh, Caribbean or African",-8,Does not apply,2,Male,0
E12000007,London,13,Aged 65 to 69 years,2,"Black, Black British, Black Welsh, Caribbean or African",0,No qualifications,1,Female,3834
E12000007,London,13,Aged 65 to 69 years,2,"Black, Black British, Black Welsh, Caribbean or African",0,No qualifications,2,Male,3008
E12000007,London,13,Aged 65 to 69 years,2,"Black, Black British, Black Welsh, Caribbean or African",1,"Level 1 and entry level qualifications: 1 to 4 GCSEs grade A* to C, Any GCSEs at other grades, O levels or CSEs (any grades), 1 AS level, NVQ level 1, Foundation GNVQ, Basic or Essential Skills",1,Female,2375
E12000007,London,13,Aged 65 to 69 years,2,"Black, Black British, Black Welsh, Caribbean or African",1,"Level 1 and entry level qualifications: 1 to 4 GCSEs grade A* to C, Any GCSEs at other grades, O levels or CSEs (any grades), 1 AS level, NVQ level 1, Foundation GNVQ, Basic or Essential Skills",2,Male,1220
E12000007,London,13,Aged 65 to 69 years,2,"Black, Black British, Black Welsh, Caribbean or African",2,"Level 2 qualifications: 5 or more GCSEs (A* to C or 9 to 4), O levels (passes), CSEs (grade 1), School Certification, 1 A level, 2 to 3 AS levels, VCEs, Intermediate or Higher Diploma, Welsh Baccalaureate Intermediate Diploma, NVQ level 2, Intermediate GNVQ, City and Guilds Craft, BTEC First or General Diploma, RSA Diploma",1,Female,1835
E12000007,London,13,Aged 65 to 69 years,2,"Black, Black British, Black Welsh, Caribbean or African",2,"Level 2 qualifications: 5 or more GCSEs (A* to C or 9 to 4), O levels (passes), CSEs (grade 1), School Certification, 1 A level, 2 to 3 AS levels, VCEs, Intermediate or Higher Diploma, Welsh Baccalaureate Intermediate Diploma, NVQ level 2, Intermediate GNVQ, City and Guilds Craft, BTEC First or General Diploma, RSA Diploma",2,Male,911
E12000007,London,13,Aged 65 to 69 years,2,"Black, Black British, Black Welsh, Caribbean or African",3,"Level 3 qualifications: 2 or more A levels or VCEs, 4 or more AS levels, Higher School Certificate, Progression or Advanced Diploma, Welsh Baccalaureate Advance Diploma, NVQ level 3; Advanced GNVQ, City and Guilds Advanced Craft, ONC, OND, BTEC National, RSA Advanced Diploma",1,Female,2014
E12000007,London,13,Aged 65 to 69 years,2,"Black, Black British, Black Welsh, Caribbean or African",3,"Level 3 qualifications: 2 or more A levels or VCEs, 4 or more AS levels, Higher School Certificate, Progression or Advanced Diploma, Welsh Baccalaureate Advance Diploma, NVQ level 3; Advanced GNVQ, City and Guilds Advanced Craft, ONC, OND, BTEC National, RSA Advanced Diploma",2,Male,1303
E12000007,London,13,Aged 65 to 69 years,2,"Black, Black British, Black Welsh, Caribbean or African",4,"Level 4 qualifications or above: degree (BA, BSc), higher degree (MA, PhD, PGCE), NVQ level 4 to 5, HNC, HND, RSA Higher Diploma, BTEC Higher level, professional qualifications (for example, teaching, nursing, accountancy)",1,Female,5953
E12000007,London,13,Aged 65 to 69 years,2,"Black, Black British, Black Welsh, Caribbean or African",4,"Level 4 qualifications or above: degree (BA, BSc), higher degree (MA, PhD, PGCE), NVQ level 4 to 5, HNC, HND, RSA Higher Diploma, BTEC Higher level, professional qualifications (for example, teaching, nursing, accountancy)",2,Male,5301
E12000007,London,13,Aged 65 to 69 years,2,"Black, Black British, Black Welsh, Caribbean or African",5,"Other: apprenticeships, vocational or work-related qualifications, other qualifications achieved in England or Wales, qualifications achieved outside England or Wales (equivalent not stated or unknown)",1,Female,1248
E12000007,London,13,Aged 65 to 69 years,2,"Black, Black British, Black Welsh, Caribbean or African",5,"Other: apprenticeships, vocational or work-related qualifications, other qualifications achieved in England or Wales, qualifications achieved outside England or Wales (equivalent not stated or unknown)",2,Male,1677
E12000007,London,13,Aged 65 to 69 years,3,Mixed or Multiple ethnic groups,-8,Does not apply,1,Female,0
E12000007,London,13,Aged 65 to 69 years,3,Mixed or Multiple ethnic groups,-8,Does not apply,2,Male,0
E12000007,London,13,Aged 65 to 69 years,3,Mixed or Multiple ethnic groups,0,No qualifications,1,Female,626
E12000007,London,13,Aged 65 to 69 years,3,Mixed or Multiple ethnic groups,0,No qualifications,2,Male,455
E12000007,London,13,Aged 65 to 69 years,3,Mixed or Multiple ethnic groups,1,"Level 1 and entry level qualifications: 1 to 4 GCSEs grade A* to C, Any GCSEs at other grades, O levels or CSEs (any grades), 1 AS level, NVQ level 1, Foundation GNVQ, Basic or Essential Skills",1,Female,379
E12000007,London,13,Aged 65 to 69 years,3,Mixed or Multiple ethnic groups,1,"Level 1 and entry level qualifications: 1 to 4 GCSEs grade A* to C, Any GCSEs at other grades, O levels or CSEs (any grades), 1 AS level, NVQ level 1, Foundation GNVQ, Basic or Essential Skills",2,Male,204
E12000007,London,13,Aged 65 to 69 years,3,Mixed or Multiple ethnic groups,2,"Level 2 qualifications: 5 or more GCSEs (A* to C or 9 to 4), O levels (passes), CSEs (grade 1), School Certification, 1 A level, 2 to 3 AS levels, VCEs, Intermediate or Higher Diploma, Welsh Baccalaureate Intermediate Diploma, NVQ level 2, Intermediate GNVQ, City and Guilds Craft, BTEC First or General Diploma, RSA Diploma",1,Female,300
E12000007,London,13,Aged 65 to 69 years,3,Mixed or Multiple ethnic groups,2,"Level 2 qualifications: 5 or more GCSEs (A* to C or 9 to 4), O levels (passes), CSEs (grade 1), School Certification, 1 A level, 2 to 3 AS levels, VCEs, Intermediate or Higher Diploma, Welsh Baccalaureate Intermediate Diploma, NVQ level 2, Intermediate GNVQ, City and Guilds Craft, BTEC First or General Diploma, RSA Diploma",2,Male,173
E12000007,London,13,Aged 65 to 69 years,3,Mixed or Multiple ethnic groups,3,"Level 3 qualifications: 2 or more A levels or VCEs, 4 or more AS levels, Higher School Certificate, Progression or Advanced Diploma, Welsh Baccalaureate Advance Diploma, NVQ level 3; Advanced GNVQ, City and Guilds Advanced Craft, ONC, OND, BTEC National, RSA Advanced Diploma",1,Female,284
E12000007,London,13,Aged 65 to 69 years,3,Mixed or Multiple ethnic groups,3,"Level 3 qualifications: 2 or more A levels or VCEs, 4 or more AS levels, Higher School Certificate, Progression or Advanced Diploma, Welsh Baccalaureate Advance Diploma, NVQ level 3; Advanced GNVQ, City and Guilds Advanced Craft, ONC, OND, BTEC National, RSA Advanced Diploma",2,Male,256
E12000007,London,13,Aged 65 to 69 years,3,Mixed or Multiple ethnic groups,4,"Level 4 qualifications or above: degree (BA, BSc), higher degree (MA, PhD, PGCE), NVQ level 4 to 5, HNC, HND, RSA Higher Diploma, BTEC Higher level, professional qualifications (for example, teaching, nursing, accountancy)",1,Female,1108
E12000007,London,13,Aged 65 to 69 years,3,Mixed or Multiple ethnic groups,4,"Level 4 qualifications or above: degree (BA, BSc), higher degree (MA, PhD, PGCE), NVQ level 4 to 5, HNC, HND, RSA Higher Diploma, BTEC Higher level, professional qualifications (for example, teaching, nursing, accountancy)",2,Male,799
E12000007,London,13,Aged 65 to 69 years,3,Mixed or Multiple ethnic groups,5,"Other: apprenticeships, vocational or work-related qualifications, other qualifications achieved in England or Wales, qualifications achieved outside England or Wales (equivalent not stated or unknown)",1,Female,210
E12000007,London,13,Aged 65 to 69 years,3,Mixed or Multiple ethnic groups,5,"Other: apprenticeships, vocational or work-related qualifications, other qualifications achieved in England or Wales, qualifications achieved outside England or Wales (equivalent not stated or unknown)",2,Male,209
E12000007,London,13,Aged 65 to 69 years,4,White,-8,Does not apply,1,Female,0
E12000007,London,13,Aged 65 to 69 years,4,White,-8,Does not apply,2,Male,0
E12000007,London,13,Aged 65 to 69 years,4,White,0,No qualifications,1,Female,26366
E12000007,London,13,Aged 65 to 69 years,4,White,0,No qualifications,2,Male,22406
E12000007,London,13,Aged 65 to 69 years,4,White,1,"Level 1 and entry level qualifications: 1 to 4 GCSEs grade A* to C, Any GCSEs at other grades, O levels or CSEs (any grades), 1 AS level, NVQ level 1, Foundation GNVQ, Basic or Essential Skills",1,Female,11683
E12000007,London,13,Aged 65 to 69 years,4,White,1,"Level 1 and entry level qualifications: 1 to 4 GCSEs grade A* to C, Any GCSEs at other grades, O levels or CSEs (any grades), 1 AS level, NVQ level 1, Foundation GNVQ, Basic or Essential Skills",2,Male,7183
E12000007,London,13,Aged 65 to 69 years,4,White,2,"Level 2 qualifications: 5 or more GCSEs (A* to C or 9 to 4), O levels (passes), CSEs (grade 1), School Certification, 1 A level, 2 to 3 AS levels, VCEs, Intermediate or Higher Diploma, Welsh Baccalaureate Intermediate Diploma, NVQ level 2, Intermediate GNVQ, City and Guilds Craft, BTEC First or General Diploma, RSA Diploma",1,Female,10918
E12000007,London,13,Aged 65 to 69 years,4,White,2,"Level 2 qualifications: 5 or more GCSEs (A* to C or 9 to 4), O levels (passes), CSEs (grade 1), School Certification, 1 A level, 2 to 3 AS levels, VCEs, Intermediate or Higher Diploma, Welsh Baccalaureate Intermediate Diploma, NVQ level 2, Intermediate GNVQ, City and Guilds Craft, BTEC First or General Diploma, RSA Diploma",2,Male,6796
E12000007,London,13,Aged 65 to 69 years,4,White,3,"Level 3 qualifications: 2 or more A levels or VCEs, 4 or more AS levels, Higher School Certificate, Progression or Advanced Diploma, Welsh Baccalaureate Advance Diploma, NVQ level 3; Advanced GNVQ, City and Guilds Advanced Craft, ONC, OND, BTEC National, RSA Advanced Diploma",1,Female,9587
E12000007,London,13,Aged 65 to 69 years,4,White,3,"Level 3 qualifications: 2 or more A levels or VCEs, 4 or more AS levels, Higher School Certificate, Progression or Advanced Diploma, Welsh Baccalaureate Advance Diploma, NVQ level 3; Advanced GNVQ, City and Guilds Advanced Craft, ONC, OND, BTEC National, RSA Advanced Diploma",2,Male,10976
E12000007,London,13,Aged 65 to 69 years,4,White,4,"Level 4 qualifications or above: degree (BA, BSc), higher degree (MA, PhD, PGCE), NVQ level 4 to 5, HNC, HND, RSA Higher Diploma, BTEC Higher level, professional qualifications (for example, teaching, nursing, accountancy)",1,Female,34583
E12000007,London,13,Aged 65 to 69 years,4,White,4,"Level 4 qualifications or above: degree (BA, BSc), higher degree (MA, PhD, PGCE), NVQ level 4 to 5, HNC, HND, RSA Higher Diploma, BTEC Higher level, professional qualifications (for example, teaching, nursing, accountancy)",2,Male,34687
E12000007,London,13,Aged 65 to 69 years,4,White,5,"Other: apprenticeships, vocational or work-related qualifications, other qualifications achieved in England or Wales, qualifications achieved outside England or Wales (equivalent not stated or unknown)",1,Female,5723
E12000007,London,13,Aged 65 to 69 years,4,White,5,"Other: apprenticeships, vocational or work-related qualifications, other qualifications achieved in England or Wales, qualifications achieved outside England or Wales (equivalent not stated or unknown)",2,Male,10909
E12000007,London,13,Aged 65 to 69 years,5,Other ethnic group,-8,Does not apply,1,Female,0
E12000007,London,13,Aged 65 to 69 years,5,Other ethnic group,-8,Does not apply,2,Male,0
E12000007,London,13,Aged 65 to 69 years,5,Other ethnic group,0,No qualifications,1,Female,3419
E12000007,London,13,Aged 65 to 69 years,5,Other ethnic group,0,No qualifications,2,Male,2669
E12000007,London,13,Aged 65 to 69 years,5,Other ethnic group,1,"Level 1 and entry level qualifications: 1 to 4 GCSEs grade A* to C, Any GCSEs at other grades, O levels or CSEs (any grades), 1 AS level, NVQ level 1, Foundation GNVQ, Basic or Essential Skills",1,Female,861
E12000007,London,13,Aged 65 to 69 years,5,Other ethnic group,1,"Level 1 and entry level qualifications: 1 to 4 GCSEs grade A* to C, Any GCSEs at other grades, O levels or CSEs (any grades), 1 AS level, NVQ level 1, Foundation GNVQ, Basic or Essential Skills",2,Male,634
E12000007,London,13,Aged 65 to 69 years,5,Other ethnic group,2,"Level 2 qualifications: 5 or more GCSEs (A* to C or 9 to 4), O levels (passes), CSEs (grade 1), School Certification, 1 A level, 2 to 3 AS levels, VCEs, Intermediate or Higher Diploma, Welsh Baccalaureate Intermediate Diploma, NVQ level 2, Intermediate GNVQ, City and Guilds Craft, BTEC First or General Diploma, RSA Diploma",1,Female,606
E12000007,London,13,Aged 65 to 69 years,5,Other ethnic group,2,"Level 2 qualifications: 5 or more GCSEs (A* to C or 9 to 4), O levels (passes), CSEs (grade 1), School Certification, 1 A level, 2 to 3 AS levels, VCEs, Intermediate or Higher Diploma, Welsh Baccalaureate Intermediate Diploma, NVQ level 2, Intermediate GNVQ, City and Guilds Craft, BTEC First or General Diploma, RSA Diploma",2,Male,355
E12000007,London,13,Aged 65 to 69 years,5,Other ethnic group,3,"Level 3 qualifications: 2 or more A levels or VCEs, 4 or more AS levels, Higher School Certificate, Progression or Advanced Diploma, Welsh Baccalaureate Advance Diploma, NVQ level 3; Advanced GNVQ, City and Guilds Advanced Craft, ONC, OND, BTEC National, RSA Advanced Diploma",1,Female,597
E12000007,London,13,Aged 65 to 69 years,5,Other ethnic group,3,"Level 3 qualifications: 2 or more A levels or VCEs, 4 or more AS levels, Higher School Certificate, Progression or Advanced Diploma, Welsh Baccalaureate Advance Diploma, NVQ level 3; Advanced GNVQ, City and Guilds Advanced Craft, ONC, OND, BTEC National, RSA Advanced Diploma",2,Male,573
E12000007,London,13,Aged 65 to 69 years,5,Other ethnic group,4,"Level 4 qualifications or above: degree (BA, BSc), higher degree (MA, PhD, PGCE), NVQ level 4 to 5, HNC, HND, RSA Higher Diploma, BTEC Higher level, professional qualifications (for example, teaching, nursing, accountancy)",1,Female,2781
E12000007,London,13,Aged 65 to 69 years,5,Other ethnic group,4,"Level 4 qualifications or above: degree (BA, BSc), higher degree (MA, PhD, PGCE), NVQ level 4 to 5, HNC, HND, RSA Higher Diploma, BTEC Higher level, professional qualifications (for example, teaching, nursing, accountancy)",2,Male,3364
E12000007,London,13,Aged 65 to 69 years,5,Other ethnic group,5,"Other: apprenticeships, vocational or work-related qualifications, other qualifications achieved in England or Wales, qualifications achieved outside England or Wales (equivalent not stated or unknown)",1,Female,638
E12000007,London,13,Aged 65 to 69 years,5,Other ethnic group,5,"Other: apprenticeships, vocational or work-related qualifications, other qualifications achieved in England or Wales, qualifications achieved outside England or Wales (equivalent not stated or unknown)",2,Male,735
E12000007,London,14,Aged 70 to 74 years,-8,Does not apply,-8,Does not apply,1,Female,0
E12000007,London,14,Aged 70 to 74 years,-8,Does not apply,-8,Does not apply,2,Male,0
E12000007,London,14,Aged 70 to 74 years,-8,Does not apply,0,No qualifications,1,Female,0
E12000007,London,14,Aged 70 to 74 years,-8,Does not apply,0,No qualifications,2,Male,0
E12000007,London,14,Aged 70 to 74 years,-8,Does not apply,1,"Level 1 and entry level qualifications: 1 to 4 GCSEs grade A* to C, Any GCSEs at other grades, O levels or CSEs (any grades), 1 AS level, NVQ level 1, Foundation GNVQ, Basic or Essential Skills",1,Female,0
E12000007,London,14,Aged 70 to 74 years,-8,Does not apply,1,"Level 1 and entry level qualifications: 1 to 4 GCSEs grade A* to C, Any GCSEs at other grades, O levels or CSEs (any grades), 1 AS level, NVQ level 1, Foundation GNVQ, Basic or Essential Skills",2,Male,0
E12000007,London,14,Aged 70 to 74 years,-8,Does not apply,2,"Level 2 qualifications: 5 or more GCSEs (A* to C or 9 to 4), O levels (passes), CSEs (grade 1), School Certification, 1 A level, 2 to 3 AS levels, VCEs, Intermediate or Higher Diploma, Welsh Baccalaureate Intermediate Diploma, NVQ level 2, Intermediate GNVQ, City and Guilds Craft, BTEC First or General Diploma, RSA Diploma",1,Female,0
E12000007,London,14,Aged 70 to 74 years,-8,Does not apply,2,"Level 2 qualifications: 5 or more GCSEs (A* to C or 9 to 4), O levels (passes), CSEs (grade 1), School Certification, 1 A level, 2 to 3 AS levels, VCEs, Intermediate or Higher Diploma, Welsh Baccalaureate Intermediate Diploma, NVQ level 2, Intermediate GNVQ, City and Guilds Craft, BTEC First or General Diploma, RSA Diploma",2,Male,0
E12000007,London,14,Aged 70 to 74 years,-8,Does not apply,3,"Level 3 qualifications: 2 or more A levels or VCEs, 4 or more AS levels, Higher School Certificate, Progression or Advanced Diploma, Welsh Baccalaureate Advance Diploma, NVQ level 3; Advanced GNVQ, City and Guilds Advanced Craft, ONC, OND, BTEC National, RSA Advanced Diploma",1,Female,0
E12000007,London,14,Aged 70 to 74 years,-8,Does not apply,3,"Level 3 qualifications: 2 or more A levels or VCEs, 4 or more AS levels, Higher School Certificate, Progression or Advanced Diploma, Welsh Baccalaureate Advance Diploma, NVQ level 3; Advanced GNVQ, City and Guilds Advanced Craft, ONC, OND, BTEC National, RSA Advanced Diploma",2,Male,0
E12000007,London,14,Aged 70 to 74 years,-8,Does not apply,4,"Level 4 qualifications or above: degree (BA, BSc), higher degree (MA, PhD, PGCE), NVQ level 4 to 5, HNC, HND, RSA Higher Diploma, BTEC Higher level, professional qualifications (for example, teaching, nursing, accountancy)",1,Female,0
E12000007,London,14,Aged 70 to 74 years,-8,Does not apply,4,"Level 4 qualifications or above: degree (BA, BSc), higher degree (MA, PhD, PGCE), NVQ level 4 to 5, HNC, HND, RSA Higher Diploma, BTEC Higher level, professional qualifications (for example, teaching, nursing, accountancy)",2,Male,0
E12000007,London,14,Aged 70 to 74 years,-8,Does not apply,5,"Other: apprenticeships, vocational or work-related qualifications, other qualifications achieved in England or Wales, qualifications achieved outside England or Wales (equivalent not stated or unknown)",1,Female,0
E12000007,London,14,Aged 70 to 74 years,-8,Does not apply,5,"Other: apprenticeships, vocational or work-related qualifications, other qualifications achieved in England or Wales, qualifications achieved outside England or Wales (equivalent not stated or unknown)",2,Male,0
E12000007,London,14,Aged 70 to 74 years,1,"Asian, Asian British or Asian Welsh",-8,Does not apply,1,Female,0
E12000007,London,14,Aged 70 to 74 years,1,"Asian, Asian British or Asian Welsh",-8,Does not apply,2,Male,0
E12000007,London,14,Aged 70 to 74 years,1,"Asian, Asian British or Asian Welsh",0,No qualifications,1,Female,10403
E12000007,London,14,Aged 70 to 74 years,1,"Asian, Asian British or Asian Welsh",0,No qualifications,2,Male,5416
E12000007,London,14,Aged 70 to 74 years,1,"Asian, Asian British or Asian Welsh",1,"Level 1 and entry level qualifications: 1 to 4 GCSEs grade A* to C, Any GCSEs at other grades, O levels or CSEs (any grades), 1 AS level, NVQ level 1, Foundation GNVQ, Basic or Essential Skills",1,Female,2666
E12000007,London,14,Aged 70 to 74 years,1,"Asian, Asian British or Asian Welsh",1,"Level 1 and entry level qualifications: 1 to 4 GCSEs grade A* to C, Any GCSEs at other grades, O levels or CSEs (any grades), 1 AS level, NVQ level 1, Foundation GNVQ, Basic or Essential Skills",2,Male,1616
E12000007,London,14,Aged 70 to 74 years,1,"Asian, Asian British or Asian Welsh",2,"Level 2 qualifications: 5 or more GCSEs (A* to C or 9 to 4), O levels (passes), CSEs (grade 1), School Certification, 1 A level, 2 to 3 AS levels, VCEs, Intermediate or Higher Diploma, Welsh Baccalaureate Intermediate Diploma, NVQ level 2, Intermediate GNVQ, City and Guilds Craft, BTEC First or General Diploma, RSA Diploma",1,Female,1734
E12000007,London,14,Aged 70 to 74 years,1,"Asian, Asian British or Asian Welsh",2,"Level 2 qualifications: 5 or more GCSEs (A* to C or 9 to 4), O levels (passes), CSEs (grade 1), School Certification, 1 A level, 2 to 3 AS levels, VCEs, Intermediate or Higher Diploma, Welsh Baccalaureate Intermediate Diploma, NVQ level 2, Intermediate GNVQ, City and Guilds Craft, BTEC First or General Diploma, RSA Diploma",2,Male,1111
E12000007,London,14,Aged 70 to 74 years,1,"Asian, Asian British or Asian Welsh",3,"Level 3 qualifications: 2 or more A levels or VCEs, 4 or more AS levels, Higher School Certificate, Progression or Advanced Diploma, Welsh Baccalaureate Advance Diploma, NVQ level 3; Advanced GNVQ, City and Guilds Advanced Craft, ONC, OND, BTEC National, RSA Advanced Diploma",1,Female,1304
E12000007,London,14,Aged 70 to 74 years,1,"Asian, Asian British or Asian Welsh",3,"Level 3 qualifications: 2 or more A levels or VCEs, 4 or more AS levels, Higher School Certificate, Progression or Advanced Diploma, Welsh Baccalaureate Advance Diploma, NVQ level 3; Advanced GNVQ, City and Guilds Advanced Craft, ONC, OND, BTEC National, RSA Advanced Diploma",2,Male,1280
E12000007,London,14,Aged 70 to 74 years,1,"Asian, Asian British or Asian Welsh",4,"Level 4 qualifications or above: degree (BA, BSc), higher degree (MA, PhD, PGCE), NVQ level 4 to 5, HNC, HND, RSA Higher Diploma, BTEC Higher level, professional qualifications (for example, teaching, nursing, accountancy)",1,Female,6524
E12000007,London,14,Aged 70 to 74 years,1,"Asian, Asian British or Asian Welsh",4,"Level 4 qualifications or above: degree (BA, BSc), higher degree (MA, PhD, PGCE), NVQ level 4 to 5, HNC, HND, RSA Higher Diploma, BTEC Higher level, professional qualifications (for example, teaching, nursing, accountancy)",2,Male,7112
E12000007,London,14,Aged 70 to 74 years,1,"Asian, Asian British or Asian Welsh",5,"Other: apprenticeships, vocational or work-related qualifications, other qualifications achieved in England or Wales, qualifications achieved outside England or Wales (equivalent not stated or unknown)",1,Female,1809
E12000007,London,14,Aged 70 to 74 years,1,"Asian, Asian British or Asian Welsh",5,"Other: apprenticeships, vocational or work-related qualifications, other qualifications achieved in England or Wales, qualifications achieved outside England or Wales (equivalent not stated or unknown)",2,Male,1623
E12000007,London,14,Aged 70 to 74 years,2,"Black, Black British, Black Welsh, Caribbean or African",-8,Does not apply,1,Female,0
E12000007,London,14,Aged 70 to 74 years,2,"Black, Black British, Black Welsh, Caribbean or African",-8,Does not apply,2,Male,0
E12000007,London,14,Aged 70 to 74 years,2,"Black, Black British, Black Welsh, Caribbean or African",0,No qualifications,1,Female,3201
E12000007,London,14,Aged 70 to 74 years,2,"Black, Black British, Black Welsh, Caribbean or African",0,No qualifications,2,Male,2016
E12000007,London,14,Aged 70 to 74 years,2,"Black, Black British, Black Welsh, Caribbean or African",1,"Level 1 and entry level qualifications: 1 to 4 GCSEs grade A* to C, Any GCSEs at other grades, O levels or CSEs (any grades), 1 AS level, NVQ level 1, Foundation GNVQ, Basic or Essential Skills",1,Female,1255
E12000007,London,14,Aged 70 to 74 years,2,"Black, Black British, Black Welsh, Caribbean or African",1,"Level 1 and entry level qualifications: 1 to 4 GCSEs grade A* to C, Any GCSEs at other grades, O levels or CSEs (any grades), 1 AS level, NVQ level 1, Foundation GNVQ, Basic or Essential Skills",2,Male,577
E12000007,London,14,Aged 70 to 74 years,2,"Black, Black British, Black Welsh, Caribbean or African",2,"Level 2 qualifications: 5 or more GCSEs (A* to C or 9 to 4), O levels (passes), CSEs (grade 1), School Certification, 1 A level, 2 to 3 AS levels, VCEs, Intermediate or Higher Diploma, Welsh Baccalaureate Intermediate Diploma, NVQ level 2, Intermediate GNVQ, City and Guilds Craft, BTEC First or General Diploma, RSA Diploma",1,Female,899
E12000007,London,14,Aged 70 to 74 years,2,"Black, Black British, Black Welsh, Caribbean or African",2,"Level 2 qualifications: 5 or more GCSEs (A* to C or 9 to 4), O levels (passes), CSEs (grade 1), School Certification, 1 A level, 2 to 3 AS levels, VCEs, Intermediate or Higher Diploma, Welsh Baccalaureate Intermediate Diploma, NVQ level 2, Intermediate GNVQ, City and Guilds Craft, BTEC First or General Diploma, RSA Diploma",2,Male,375
E12000007,London,14,Aged 70 to 74 years,2,"Black, Black British, Black Welsh, Caribbean or African",3,"Level 3 qualifications: 2 or more A levels or VCEs, 4 or more AS levels, Higher School Certificate, Progression or Advanced Diploma, Welsh Baccalaureate Advance Diploma, NVQ level 3; Advanced GNVQ, City and Guilds Advanced Craft, ONC, OND, BTEC National, RSA Advanced Diploma",1,Female,940
E12000007,London,14,Aged 70 to 74 years,2,"Black, Black British, Black Welsh, Caribbean or African",3,"Level 3 qualifications: 2 or more A levels or VCEs, 4 or more AS levels, Higher School Certificate, Progression or Advanced Diploma, Welsh Baccalaureate Advance Diploma, NVQ level 3; Advanced GNVQ, City and Guilds Advanced Craft, ONC, OND, BTEC National, RSA Advanced Diploma",2,Male,556
E12000007,London,14,Aged 70 to 74 years,2,"Black, Black British, Black Welsh, Caribbean or African",4,"Level 4 qualifications or above: degree (BA, BSc), higher degree (MA, PhD, PGCE), NVQ level 4 to 5, HNC, HND, RSA Higher Diploma, BTEC Higher level, professional qualifications (for example, teaching, nursing, accountancy)",1,Female,3804
E12000007,London,14,Aged 70 to 74 years,2,"Black, Black British, Black Welsh, Caribbean or African",4,"Level 4 qualifications or above: degree (BA, BSc), higher degree (MA, PhD, PGCE), NVQ level 4 to 5, HNC, HND, RSA Higher Diploma, BTEC Higher level, professional qualifications (for example, teaching, nursing, accountancy)",2,Male,2770
E12000007,London,14,Aged 70 to 74 years,2,"Black, Black British, Black Welsh, Caribbean or African",5,"Other: apprenticeships, vocational or work-related qualifications, other qualifications achieved in England or Wales, qualifications achieved outside England or Wales (equivalent not stated or unknown)",1,Female,1059
E12000007,London,14,Aged 70 to 74 years,2,"Black, Black British, Black Welsh, Caribbean or African",5,"Other: apprenticeships, vocational or work-related qualifications, other qualifications achieved in England or Wales, qualifications achieved outside England or Wales (equivalent not stated or unknown)",2,Male,946
E12000007,London,14,Aged 70 to 74 years,3,Mixed or Multiple ethnic groups,-8,Does not apply,1,Female,0
E12000007,London,14,Aged 70 to 74 years,3,Mixed or Multiple ethnic groups,-8,Does not apply,2,Male,0
E12000007,London,14,Aged 70 to 74 years,3,Mixed or Multiple ethnic groups,0,No qualifications,1,Female,496
E12000007,London,14,Aged 70 to 74 years,3,Mixed or Multiple ethnic groups,0,No qualifications,2,Male,325
E12000007,London,14,Aged 70 to 74 years,3,Mixed or Multiple ethnic groups,1,"Level 1 and entry level qualifications: 1 to 4 GCSEs grade A* to C, Any GCSEs at other grades, O levels or CSEs (any grades), 1 AS level, NVQ level 1, Foundation GNVQ, Basic or Essential Skills",1,Female,228
E12000007,London,14,Aged 70 to 74 years,3,Mixed or Multiple ethnic groups,1,"Level 1 and entry level qualifications: 1 to 4 GCSEs grade A* to C, Any GCSEs at other grades, O levels or CSEs (any grades), 1 AS level, NVQ level 1, Foundation GNVQ, Basic or Essential Skills",2,Male,108
E12000007,London,14,Aged 70 to 74 years,3,Mixed or Multiple ethnic groups,2,"Level 2 qualifications: 5 or more GCSEs (A* to C or 9 to 4), O levels (passes), CSEs (grade 1), School Certification, 1 A level, 2 to 3 AS levels, VCEs, Intermediate or Higher Diploma, Welsh Baccalaureate Intermediate Diploma, NVQ level 2, Intermediate GNVQ, City and Guilds Craft, BTEC First or General Diploma, RSA Diploma",1,Female,195
E12000007,London,14,Aged 70 to 74 years,3,Mixed or Multiple ethnic groups,2,"Level 2 qualifications: 5 or more GCSEs (A* to C or 9 to 4), O levels (passes), CSEs (grade 1), School Certification, 1 A level, 2 to 3 AS levels, VCEs, Intermediate or Higher Diploma, Welsh Baccalaureate Intermediate Diploma, NVQ level 2, Intermediate GNVQ, City and Guilds Craft, BTEC First or General Diploma, RSA Diploma",2,Male,86
E12000007,London,14,Aged 70 to 74 years,3,Mixed or Multiple ethnic groups,3,"Level 3 qualifications: 2 or more A levels or VCEs, 4 or more AS levels, Higher School Certificate, Progression or Advanced Diploma, Welsh Baccalaureate Advance Diploma, NVQ level 3; Advanced GNVQ, City and Guilds Advanced Craft, ONC, OND, BTEC National, RSA Advanced Diploma",1,Female,149
E12000007,London,14,Aged 70 to 74 years,3,Mixed or Multiple ethnic groups,3,"Level 3 qualifications: 2 or more A levels or VCEs, 4 or more AS levels, Higher School Certificate, Progression or Advanced Diploma, Welsh Baccalaureate Advance Diploma, NVQ level 3; Advanced GNVQ, City and Guilds Advanced Craft, ONC, OND, BTEC National, RSA Advanced Diploma",2,Male,124
E12000007,London,14,Aged 70 to 74 years,3,Mixed or Multiple ethnic groups,4,"Level 4 qualifications or above: degree (BA, BSc), higher degree (MA, PhD, PGCE), NVQ level 4 to 5, HNC, HND, RSA Higher Diploma, BTEC Higher level, professional qualifications (for example, teaching, nursing, accountancy)",1,Female,687
E12000007,London,14,Aged 70 to 74 years,3,Mixed or Multiple ethnic groups,4,"Level 4 qualifications or above: degree (BA, BSc), higher degree (MA, PhD, PGCE), NVQ level 4 to 5, HNC, HND, RSA Higher Diploma, BTEC Higher level, professional qualifications (for example, teaching, nursing, accountancy)",2,Male,490
E12000007,London,14,Aged 70 to 74 years,3,Mixed or Multiple ethnic groups,5,"Other: apprenticeships, vocational or work-related qualifications, other qualifications achieved in England or Wales, qualifications achieved outside England or Wales (equivalent not stated or unknown)",1,Female,159
E12000007,London,14,Aged 70 to 74 years,3,Mixed or Multiple ethnic groups,5,"Other: apprenticeships, vocational or work-related qualifications, other qualifications achieved in England or Wales, qualifications achieved outside England or Wales (equivalent not stated or unknown)",2,Male,173
E12000007,London,14,Aged 70 to 74 years,4,White,-8,Does not apply,1,Female,0
E12000007,London,14,Aged 70 to 74 years,4,White,-8,Does not apply,2,Male,0
E12000007,London,14,Aged 70 to 74 years,4,White,0,No qualifications,1,Female,34534
E12000007,London,14,Aged 70 to 74 years,4,White,0,No qualifications,2,Male,26240
E12000007,London,14,Aged 70 to 74 years,4,White,1,"Level 1 and entry level qualifications: 1 to 4 GCSEs grade A* to C, Any GCSEs at other grades, O levels or CSEs (any grades), 1 AS level, NVQ level 1, Foundation GNVQ, Basic or Essential Skills",1,Female,11147
E12000007,London,14,Aged 70 to 74 years,4,White,1,"Level 1 and entry level qualifications: 1 to 4 GCSEs grade A* to C, Any GCSEs at other grades, O levels or CSEs (any grades), 1 AS level, NVQ level 1, Foundation GNVQ, Basic or Essential Skills",2,Male,6390
E12000007,London,14,Aged 70 to 74 years,4,White,2,"Level 2 qualifications: 5 or more GCSEs (A* to C or 9 to 4), O levels (passes), CSEs (grade 1), School Certification, 1 A level, 2 to 3 AS levels, VCEs, Intermediate or Higher Diploma, Welsh Baccalaureate Intermediate Diploma, NVQ level 2, Intermediate GNVQ, City and Guilds Craft, BTEC First or General Diploma, RSA Diploma",1,Female,9611
E12000007,London,14,Aged 70 to 74 years,4,White,2,"Level 2 qualifications: 5 or more GCSEs (A* to C or 9 to 4), O levels (passes), CSEs (grade 1), School Certification, 1 A level, 2 to 3 AS levels, VCEs, Intermediate or Higher Diploma, Welsh Baccalaureate Intermediate Diploma, NVQ level 2, Intermediate GNVQ, City and Guilds Craft, BTEC First or General Diploma, RSA Diploma",2,Male,5549
E12000007,London,14,Aged 70 to 74 years,4,White,3,"Level 3 qualifications: 2 or more A levels or VCEs, 4 or more AS levels, Higher School Certificate, Progression or Advanced Diploma, Welsh Baccalaureate Advance Diploma, NVQ level 3; Advanced GNVQ, City and Guilds Advanced Craft, ONC, OND, BTEC National, RSA Advanced Diploma",1,Female,7377
E12000007,London,14,Aged 70 to 74 years,4,White,3,"Level 3 qualifications: 2 or more A levels or VCEs, 4 or more AS levels, Higher School Certificate, Progression or Advanced Diploma, Welsh Baccalaureate Advance Diploma, NVQ level 3; Advanced GNVQ, City and Guilds Advanced Craft, ONC, OND, BTEC National, RSA Advanced Diploma",2,Male,8552
E12000007,London,14,Aged 70 to 74 years,4,White,4,"Level 4 qualifications or above: degree (BA, BSc), higher degree (MA, PhD, PGCE), NVQ level 4 to 5, HNC, HND, RSA Higher Diploma, BTEC Higher level, professional qualifications (for example, teaching, nursing, accountancy)",1,Female,28717
E12000007,London,14,Aged 70 to 74 years,4,White,4,"Level 4 qualifications or above: degree (BA, BSc), higher degree (MA, PhD, PGCE), NVQ level 4 to 5, HNC, HND, RSA Higher Diploma, BTEC Higher level, professional qualifications (for example, teaching, nursing, accountancy)",2,Male,31070
E12000007,London,14,Aged 70 to 74 years,4,White,5,"Other: apprenticeships, vocational or work-related qualifications, other qualifications achieved in England or Wales, qualifications achieved outside England or Wales (equivalent not stated or unknown)",1,Female,7942
E12000007,London,14,Aged 70 to 74 years,4,White,5,"Other: apprenticeships, vocational or work-related qualifications, other qualifications achieved in England or Wales, qualifications achieved outside England or Wales (equivalent not stated or unknown)",2,Male,12396
E12000007,London,14,Aged 70 to 74 years,5,Other ethnic group,-8,Does not apply,1,Female,0
E12000007,London,14,Aged 70 to 74 years,5,Other ethnic group,-8,Does not apply,2,Male,0
E12000007,London,14,Aged 70 to 74 years,5,Other ethnic group,0,No qualifications,1,Female,2879
E12000007,London,14,Aged 70 to 74 years,5,Other ethnic group,0,No qualifications,2,Male,2121
E12000007,London,14,Aged 70 to 74 years,5,Other ethnic group,1,"Level 1 and entry level qualifications: 1 to 4 GCSEs grade A* to C, Any GCSEs at other grades, O levels or CSEs (any grades), 1 AS level, NVQ level 1, Foundation GNVQ, Basic or Essential Skills",1,Female,556
E12000007,London,14,Aged 70 to 74 years,5,Other ethnic group,1,"Level 1 and entry level qualifications: 1 to 4 GCSEs grade A* to C, Any GCSEs at other grades, O levels or CSEs (any grades), 1 AS level, NVQ level 1, Foundation GNVQ, Basic or Essential Skills",2,Male,399
E12000007,London,14,Aged 70 to 74 years,5,Other ethnic group,2,"Level 2 qualifications: 5 or more GCSEs (A* to C or 9 to 4), O levels (passes), CSEs (grade 1), School Certification, 1 A level, 2 to 3 AS levels, VCEs, Intermediate or Higher Diploma, Welsh Baccalaureate Intermediate Diploma, NVQ level 2, Intermediate GNVQ, City and Guilds Craft, BTEC First or General Diploma, RSA Diploma",1,Female,351
E12000007,London,14,Aged 70 to 74 years,5,Other ethnic group,2,"Level 2 qualifications: 5 or more GCSEs (A* to C or 9 to 4), O levels (passes), CSEs (grade 1), School Certification, 1 A level, 2 to 3 AS levels, VCEs, Intermediate or Higher Diploma, Welsh Baccalaureate Intermediate Diploma, NVQ level 2, Intermediate GNVQ, City and Guilds Craft, BTEC First or General Diploma, RSA Diploma",2,Male,222
E12000007,London,14,Aged 70 to 74 years,5,Other ethnic group,3,"Level 3 qualifications: 2 or more A levels or VCEs, 4 or more AS levels, Higher School Certificate, Progression or Advanced Diploma, Welsh Baccalaureate Advance Diploma, NVQ level 3; Advanced GNVQ, City and Guilds Advanced Craft, ONC, OND, BTEC National, RSA Advanced Diploma",1,Female,365
E12000007,London,14,Aged 70 to 74 years,5,Other ethnic group,3,"Level 3 qualifications: 2 or more A levels or VCEs, 4 or more AS levels, Higher School Certificate, Progression or Advanced Diploma, Welsh Baccalaureate Advance Diploma, NVQ level 3; Advanced GNVQ, City and Guilds Advanced Craft, ONC, OND, BTEC National, RSA Advanced Diploma",2,Male,347
E12000007,London,14,Aged 70 to 74 years,5,Other ethnic group,4,"Level 4 qualifications or above: degree (BA, BSc), higher degree (MA, PhD, PGCE), NVQ level 4 to 5, HNC, HND, RSA Higher Diploma, BTEC Higher level, professional qualifications (for example, teaching, nursing, accountancy)",1,Female,1913
E12000007,London,14,Aged 70 to 74 years,5,Other ethnic group,4,"Level 4 qualifications or above: degree (BA, BSc), higher degree (MA, PhD, PGCE), NVQ level 4 to 5, HNC, HND, RSA Higher Diploma, BTEC Higher level, professional qualifications (for example, teaching, nursing, accountancy)",2,Male,2388
E12000007,London,14,Aged 70 to 74 years,5,Other ethnic group,5,"Other: apprenticeships, vocational or work-related qualifications, other qualifications achieved in England or Wales, qualifications achieved outside England or Wales (equivalent not stated or unknown)",1,Female,528
E12000007,London,14,Aged 70 to 74 years,5,Other ethnic group,5,"Other: apprenticeships, vocational or work-related qualifications, other qualifications achieved in England or Wales, qualifications achieved outside England or Wales (equivalent not stated or unknown)",2,Male,515
E12000007,London,15,Aged 75 to 79 years,-8,Does not apply,-8,Does not apply,1,Female,0
E12000007,London,15,Aged 75 to 79 years,-8,Does not apply,-8,Does not apply,2,Male,0
E12000007,London,15,Aged 75 to 79 years,-8,Does not apply,0,No qualifications,1,Female,0
E12000007,London,15,Aged 75 to 79 years,-8,Does not apply,0,No qualifications,2,Male,0
E12000007,London,15,Aged 75 to 79 years,-8,Does not apply,1,"Level 1 and entry level qualifications: 1 to 4 GCSEs grade A* to C, Any GCSEs at other grades, O levels or CSEs (any grades), 1 AS level, NVQ level 1, Foundation GNVQ, Basic or Essential Skills",1,Female,0
E12000007,London,15,Aged 75 to 79 years,-8,Does not apply,1,"Level 1 and entry level qualifications: 1 to 4 GCSEs grade A* to C, Any GCSEs at other grades, O levels or CSEs (any grades), 1 AS level, NVQ level 1, Foundation GNVQ, Basic or Essential Skills",2,Male,0
E12000007,London,15,Aged 75 to 79 years,-8,Does not apply,2,"Level 2 qualifications: 5 or more GCSEs (A* to C or 9 to 4), O levels (passes), CSEs (grade 1), School Certification, 1 A level, 2 to 3 AS levels, VCEs, Intermediate or Higher Diploma, Welsh Baccalaureate Intermediate Diploma, NVQ level 2, Intermediate GNVQ, City and Guilds Craft, BTEC First or General Diploma, RSA Diploma",1,Female,0
E12000007,London,15,Aged 75 to 79 years,-8,Does not apply,2,"Level 2 qualifications: 5 or more GCSEs (A* to C or 9 to 4), O levels (passes), CSEs (grade 1), School Certification, 1 A level, 2 to 3 AS levels, VCEs, Intermediate or Higher Diploma, Welsh Baccalaureate Intermediate Diploma, NVQ level 2, Intermediate GNVQ, City and Guilds Craft, BTEC First or General Diploma, RSA Diploma",2,Male,0
E12000007,London,15,Aged 75 to 79 years,-8,Does not apply,3,"Level 3 qualifications: 2 or more A levels or VCEs, 4 or more AS levels, Higher School Certificate, Progression or Advanced Diploma, Welsh Baccalaureate Advance Diploma, NVQ level 3; Advanced GNVQ, City and Guilds Advanced Craft, ONC, OND, BTEC National, RSA Advanced Diploma",1,Female,0
E12000007,London,15,Aged 75 to 79 years,-8,Does not apply,3,"Level 3 qualifications: 2 or more A levels or VCEs, 4 or more AS levels, Higher School Certificate, Progression or Advanced Diploma, Welsh Baccalaureate Advance Diploma, NVQ level 3; Advanced GNVQ, City and Guilds Advanced Craft, ONC, OND, BTEC National, RSA Advanced Diploma",2,Male,0
E12000007,London,15,Aged 75 to 79 years,-8,Does not apply,4,"Level 4 qualifications or above: degree (BA, BSc), higher degree (MA, PhD, PGCE), NVQ level 4 to 5, HNC, HND, RSA Higher Diploma, BTEC Higher level, professional qualifications (for example, teaching, nursing, accountancy)",1,Female,0
E12000007,London,15,Aged 75 to 79 years,-8,Does not apply,4,"Level 4 qualifications or above: degree (BA, BSc), higher degree (MA, PhD, PGCE), NVQ level 4 to 5, HNC, HND, RSA Higher Diploma, BTEC Higher level, professional qualifications (for example, teaching, nursing, accountancy)",2,Male,0
E12000007,London,15,Aged 75 to 79 years,-8,Does not apply,5,"Other: apprenticeships, vocational or work-related qualifications, other qualifications achieved in England or Wales, qualifications achieved outside England or Wales (equivalent not stated or unknown)",1,Female,0
E12000007,London,15,Aged 75 to 79 years,-8,Does not apply,5,"Other: apprenticeships, vocational or work-related qualifications, other qualifications achieved in England or Wales, qualifications achieved outside England or Wales (equivalent not stated or unknown)",2,Male,0
E12000007,London,15,Aged 75 to 79 years,1,"Asian, Asian British or Asian Welsh",-8,Does not apply,1,Female,0
E12000007,London,15,Aged 75 to 79 years,1,"Asian, Asian British or Asian Welsh",-8,Does not apply,2,Male,0
E12000007,London,15,Aged 75 to 79 years,1,"Asian, Asian British or Asian Welsh",0,No qualifications,1,Female,7652
E12000007,London,15,Aged 75 to 79 years,1,"Asian, Asian British or Asian Welsh",0,No qualifications,2,Male,3994
E12000007,London,15,Aged 75 to 79 years,1,"Asian, Asian British or Asian Welsh",1,"Level 1 and entry level qualifications: 1 to 4 GCSEs grade A* to C, Any GCSEs at other grades, O levels or CSEs (any grades), 1 AS level, NVQ level 1, Foundation GNVQ, Basic or Essential Skills",1,Female,1433
E12000007,London,15,Aged 75 to 79 years,1,"Asian, Asian British or Asian Welsh",1,"Level 1 and entry level qualifications: 1 to 4 GCSEs grade A* to C, Any GCSEs at other grades, O levels or CSEs (any grades), 1 AS level, NVQ level 1, Foundation GNVQ, Basic or Essential Skills",2,Male,1035
E12000007,London,15,Aged 75 to 79 years,1,"Asian, Asian British or Asian Welsh",2,"Level 2 qualifications: 5 or more GCSEs (A* to C or 9 to 4), O levels (passes), CSEs (grade 1), School Certification, 1 A level, 2 to 3 AS levels, VCEs, Intermediate or Higher Diploma, Welsh Baccalaureate Intermediate Diploma, NVQ level 2, Intermediate GNVQ, City and Guilds Craft, BTEC First or General Diploma, RSA Diploma",1,Female,968
E12000007,London,15,Aged 75 to 79 years,1,"Asian, Asian British or Asian Welsh",2,"Level 2 qualifications: 5 or more GCSEs (A* to C or 9 to 4), O levels (passes), CSEs (grade 1), School Certification, 1 A level, 2 to 3 AS levels, VCEs, Intermediate or Higher Diploma, Welsh Baccalaureate Intermediate Diploma, NVQ level 2, Intermediate GNVQ, City and Guilds Craft, BTEC First or General Diploma, RSA Diploma",2,Male,648
E12000007,London,15,Aged 75 to 79 years,1,"Asian, Asian British or Asian Welsh",3,"Level 3 qualifications: 2 or more A levels or VCEs, 4 or more AS levels, Higher School Certificate, Progression or Advanced Diploma, Welsh Baccalaureate Advance Diploma, NVQ level 3; Advanced GNVQ, City and Guilds Advanced Craft, ONC, OND, BTEC National, RSA Advanced Diploma",1,Female,687
E12000007,London,15,Aged 75 to 79 years,1,"Asian, Asian British or Asian Welsh",3,"Level 3 qualifications: 2 or more A levels or VCEs, 4 or more AS levels, Higher School Certificate, Progression or Advanced Diploma, Welsh Baccalaureate Advance Diploma, NVQ level 3; Advanced GNVQ, City and Guilds Advanced Craft, ONC, OND, BTEC National, RSA Advanced Diploma",2,Male,737
E12000007,London,15,Aged 75 to 79 years,1,"Asian, Asian British or Asian Welsh",4,"Level 4 qualifications or above: degree (BA, BSc), higher degree (MA, PhD, PGCE), NVQ level 4 to 5, HNC, HND, RSA Higher Diploma, BTEC Higher level, professional qualifications (for example, teaching, nursing, accountancy)",1,Female,3658
E12000007,London,15,Aged 75 to 79 years,1,"Asian, Asian British or Asian Welsh",4,"Level 4 qualifications or above: degree (BA, BSc), higher degree (MA, PhD, PGCE), NVQ level 4 to 5, HNC, HND, RSA Higher Diploma, BTEC Higher level, professional qualifications (for example, teaching, nursing, accountancy)",2,Male,4294
E12000007,London,15,Aged 75 to 79 years,1,"Asian, Asian British or Asian Welsh",5,"Other: apprenticeships, vocational or work-related qualifications, other qualifications achieved in England or Wales, qualifications achieved outside England or Wales (equivalent not stated or unknown)",1,Female,1190
E12000007,London,15,Aged 75 to 79 years,1,"Asian, Asian British or Asian Welsh",5,"Other: apprenticeships, vocational or work-related qualifications, other qualifications achieved in England or Wales, qualifications achieved outside England or Wales (equivalent not stated or unknown)",2,Male,1161
E12000007,London,15,Aged 75 to 79 years,2,"Black, Black British, Black Welsh, Caribbean or African",-8,Does not apply,1,Female,0
E12000007,London,15,Aged 75 to 79 years,2,"Black, Black British, Black Welsh, Caribbean or African",-8,Does not apply,2,Male,0
E12000007,London,15,Aged 75 to 79 years,2,"Black, Black British, Black Welsh, Caribbean or African",0,No qualifications,1,Female,4048
E12000007,London,15,Aged 75 to 79 years,2,"Black, Black British, Black Welsh, Caribbean or African",0,No qualifications,2,Male,2062
E12000007,London,15,Aged 75 to 79 years,2,"Black, Black British, Black Welsh, Caribbean or African",1,"Level 1 and entry level qualifications: 1 to 4 GCSEs grade A* to C, Any GCSEs at other grades, O levels or CSEs (any grades), 1 AS level, NVQ level 1, Foundation GNVQ, Basic or Essential Skills",1,Female,1093
E12000007,London,15,Aged 75 to 79 years,2,"Black, Black British, Black Welsh, Caribbean or African",1,"Level 1 and entry level qualifications: 1 to 4 GCSEs grade A* to C, Any GCSEs at other grades, O levels or CSEs (any grades), 1 AS level, NVQ level 1, Foundation GNVQ, Basic or Essential Skills",2,Male,395
E12000007,London,15,Aged 75 to 79 years,2,"Black, Black British, Black Welsh, Caribbean or African",2,"Level 2 qualifications: 5 or more GCSEs (A* to C or 9 to 4), O levels (passes), CSEs (grade 1), School Certification, 1 A level, 2 to 3 AS levels, VCEs, Intermediate or Higher Diploma, Welsh Baccalaureate Intermediate Diploma, NVQ level 2, Intermediate GNVQ, City and Guilds Craft, BTEC First or General Diploma, RSA Diploma",1,Female,605
E12000007,London,15,Aged 75 to 79 years,2,"Black, Black British, Black Welsh, Caribbean or African",2,"Level 2 qualifications: 5 or more GCSEs (A* to C or 9 to 4), O levels (passes), CSEs (grade 1), School Certification, 1 A level, 2 to 3 AS levels, VCEs, Intermediate or Higher Diploma, Welsh Baccalaureate Intermediate Diploma, NVQ level 2, Intermediate GNVQ, City and Guilds Craft, BTEC First or General Diploma, RSA Diploma",2,Male,264
E12000007,London,15,Aged 75 to 79 years,2,"Black, Black British, Black Welsh, Caribbean or African",3,"Level 3 qualifications: 2 or more A levels or VCEs, 4 or more AS levels, Higher School Certificate, Progression or Advanced Diploma, Welsh Baccalaureate Advance Diploma, NVQ level 3; Advanced GNVQ, City and Guilds Advanced Craft, ONC, OND, BTEC National, RSA Advanced Diploma",1,Female,633
E12000007,London,15,Aged 75 to 79 years,2,"Black, Black British, Black Welsh, Caribbean or African",3,"Level 3 qualifications: 2 or more A levels or VCEs, 4 or more AS levels, Higher School Certificate, Progression or Advanced Diploma, Welsh Baccalaureate Advance Diploma, NVQ level 3; Advanced GNVQ, City and Guilds Advanced Craft, ONC, OND, BTEC National, RSA Advanced Diploma",2,Male,384
E12000007,London,15,Aged 75 to 79 years,2,"Black, Black British, Black Welsh, Caribbean or African",4,"Level 4 qualifications or above: degree (BA, BSc), higher degree (MA, PhD, PGCE), NVQ level 4 to 5, HNC, HND, RSA Higher Diploma, BTEC Higher level, professional qualifications (for example, teaching, nursing, accountancy)",1,Female,2654
E12000007,London,15,Aged 75 to 79 years,2,"Black, Black British, Black Welsh, Caribbean or African",4,"Level 4 qualifications or above: degree (BA, BSc), higher degree (MA, PhD, PGCE), NVQ level 4 to 5, HNC, HND, RSA Higher Diploma, BTEC Higher level, professional qualifications (for example, teaching, nursing, accountancy)",2,Male,1571
E12000007,London,15,Aged 75 to 79 years,2,"Black, Black British, Black Welsh, Caribbean or African",5,"Other: apprenticeships, vocational or work-related qualifications, other qualifications achieved in England or Wales, qualifications achieved outside England or Wales (equivalent not stated or unknown)",1,Female,1130
E12000007,London,15,Aged 75 to 79 years,2,"Black, Black British, Black Welsh, Caribbean or African",5,"Other: apprenticeships, vocational or work-related qualifications, other qualifications achieved in England or Wales, qualifications achieved outside England or Wales (equivalent not stated or unknown)",2,Male,843
E12000007,London,15,Aged 75 to 79 years,3,Mixed or Multiple ethnic groups,-8,Does not apply,1,Female,0
E12000007,London,15,Aged 75 to 79 years,3,Mixed or Multiple ethnic groups,-8,Does not apply,2,Male,0
E12000007,London,15,Aged 75 to 79 years,3,Mixed or Multiple ethnic groups,0,No qualifications,1,Female,405
E12000007,London,15,Aged 75 to 79 years,3,Mixed or Multiple ethnic groups,0,No qualifications,2,Male,273
E12000007,London,15,Aged 75 to 79 years,3,Mixed or Multiple ethnic groups,1,"Level 1 and entry level qualifications: 1 to 4 GCSEs grade A* to C, Any GCSEs at other grades, O levels or CSEs (any grades), 1 AS level, NVQ level 1, Foundation GNVQ, Basic or Essential Skills",1,Female,152
E12000007,London,15,Aged 75 to 79 years,3,Mixed or Multiple ethnic groups,1,"Level 1 and entry level qualifications: 1 to 4 GCSEs grade A* to C, Any GCSEs at other grades, O levels or CSEs (any grades), 1 AS level, NVQ level 1, Foundation GNVQ, Basic or Essential Skills",2,Male,73
E12000007,London,15,Aged 75 to 79 years,3,Mixed or Multiple ethnic groups,2,"Level 2 qualifications: 5 or more GCSEs (A* to C or 9 to 4), O levels (passes), CSEs (grade 1), School Certification, 1 A level, 2 to 3 AS levels, VCEs, Intermediate or Higher Diploma, Welsh Baccalaureate Intermediate Diploma, NVQ level 2, Intermediate GNVQ, City and Guilds Craft, BTEC First or General Diploma, RSA Diploma",1,Female,101
E12000007,London,15,Aged 75 to 79 years,3,Mixed or Multiple ethnic groups,2,"Level 2 qualifications: 5 or more GCSEs (A* to C or 9 to 4), O levels (passes), CSEs (grade 1), School Certification, 1 A level, 2 to 3 AS levels, VCEs, Intermediate or Higher Diploma, Welsh Baccalaureate Intermediate Diploma, NVQ level 2, Intermediate GNVQ, City and Guilds Craft, BTEC First or General Diploma, RSA Diploma",2,Male,37
E12000007,London,15,Aged 75 to 79 years,3,Mixed or Multiple ethnic groups,3,"Level 3 qualifications: 2 or more A levels or VCEs, 4 or more AS levels, Higher School Certificate, Progression or Advanced Diploma, Welsh Baccalaureate Advance Diploma, NVQ level 3; Advanced GNVQ, City and Guilds Advanced Craft, ONC, OND, BTEC National, RSA Advanced Diploma",1,Female,91
E12000007,London,15,Aged 75 to 79 years,3,Mixed or Multiple ethnic groups,3,"Level 3 qualifications: 2 or more A levels or VCEs, 4 or more AS levels, Higher School Certificate, Progression or Advanced Diploma, Welsh Baccalaureate Advance Diploma, NVQ level 3; Advanced GNVQ, City and Guilds Advanced Craft, ONC, OND, BTEC National, RSA Advanced Diploma",2,Male,97
E12000007,London,15,Aged 75 to 79 years,3,Mixed or Multiple ethnic groups,4,"Level 4 qualifications or above: degree (BA, BSc), higher degree (MA, PhD, PGCE), NVQ level 4 to 5, HNC, HND, RSA Higher Diploma, BTEC Higher level, professional qualifications (for example, teaching, nursing, accountancy)",1,Female,403
E12000007,London,15,Aged 75 to 79 years,3,Mixed or Multiple ethnic groups,4,"Level 4 qualifications or above: degree (BA, BSc), higher degree (MA, PhD, PGCE), NVQ level 4 to 5, HNC, HND, RSA Higher Diploma, BTEC Higher level, professional qualifications (for example, teaching, nursing, accountancy)",2,Male,314
E12000007,London,15,Aged 75 to 79 years,3,Mixed or Multiple ethnic groups,5,"Other: apprenticeships, vocational or work-related qualifications, other qualifications achieved in England or Wales, qualifications achieved outside England or Wales (equivalent not stated or unknown)",1,Female,135
E12000007,London,15,Aged 75 to 79 years,3,Mixed or Multiple ethnic groups,5,"Other: apprenticeships, vocational or work-related qualifications, other qualifications achieved in England or Wales, qualifications achieved outside England or Wales (equivalent not stated or unknown)",2,Male,157
E12000007,London,15,Aged 75 to 79 years,4,White,-8,Does not apply,1,Female,0
E12000007,London,15,Aged 75 to 79 years,4,White,-8,Does not apply,2,Male,0
E12000007,London,15,Aged 75 to 79 years,4,White,0,No qualifications,1,Female,30371
E12000007,London,15,Aged 75 to 79 years,4,White,0,No qualifications,2,Male,20554
E12000007,London,15,Aged 75 to 79 years,4,White,1,"Level 1 and entry level qualifications: 1 to 4 GCSEs grade A* to C, Any GCSEs at other grades, O levels or CSEs (any grades), 1 AS level, NVQ level 1, Foundation GNVQ, Basic or Essential Skills",1,Female,7653
E12000007,London,15,Aged 75 to 79 years,4,White,1,"Level 1 and entry level qualifications: 1 to 4 GCSEs grade A* to C, Any GCSEs at other grades, O levels or CSEs (any grades), 1 AS level, NVQ level 1, Foundation GNVQ, Basic or Essential Skills",2,Male,3936
E12000007,London,15,Aged 75 to 79 years,4,White,2,"Level 2 qualifications: 5 or more GCSEs (A* to C or 9 to 4), O levels (passes), CSEs (grade 1), School Certification, 1 A level, 2 to 3 AS levels, VCEs, Intermediate or Higher Diploma, Welsh Baccalaureate Intermediate Diploma, NVQ level 2, Intermediate GNVQ, City and Guilds Craft, BTEC First or General Diploma, RSA Diploma",1,Female,6513
E12000007,London,15,Aged 75 to 79 years,4,White,2,"Level 2 qualifications: 5 or more GCSEs (A* to C or 9 to 4), O levels (passes), CSEs (grade 1), School Certification, 1 A level, 2 to 3 AS levels, VCEs, Intermediate or Higher Diploma, Welsh Baccalaureate Intermediate Diploma, NVQ level 2, Intermediate GNVQ, City and Guilds Craft, BTEC First or General Diploma, RSA Diploma",2,Male,3285
E12000007,London,15,Aged 75 to 79 years,4,White,3,"Level 3 qualifications: 2 or more A levels or VCEs, 4 or more AS levels, Higher School Certificate, Progression or Advanced Diploma, Welsh Baccalaureate Advance Diploma, NVQ level 3; Advanced GNVQ, City and Guilds Advanced Craft, ONC, OND, BTEC National, RSA Advanced Diploma",1,Female,4253
E12000007,London,15,Aged 75 to 79 years,4,White,3,"Level 3 qualifications: 2 or more A levels or VCEs, 4 or more AS levels, Higher School Certificate, Progression or Advanced Diploma, Welsh Baccalaureate Advance Diploma, NVQ level 3; Advanced GNVQ, City and Guilds Advanced Craft, ONC, OND, BTEC National, RSA Advanced Diploma",2,Male,4720
E12000007,London,15,Aged 75 to 79 years,4,White,4,"Level 4 qualifications or above: degree (BA, BSc), higher degree (MA, PhD, PGCE), NVQ level 4 to 5, HNC, HND, RSA Higher Diploma, BTEC Higher level, professional qualifications (for example, teaching, nursing, accountancy)",1,Female,17123
E12000007,London,15,Aged 75 to 79 years,4,White,4,"Level 4 qualifications or above: degree (BA, BSc), higher degree (MA, PhD, PGCE), NVQ level 4 to 5, HNC, HND, RSA Higher Diploma, BTEC Higher level, professional qualifications (for example, teaching, nursing, accountancy)",2,Male,18720
E12000007,London,15,Aged 75 to 79 years,4,White,5,"Other: apprenticeships, vocational or work-related qualifications, other qualifications achieved in England or Wales, qualifications achieved outside England or Wales (equivalent not stated or unknown)",1,Female,6845
E12000007,London,15,Aged 75 to 79 years,4,White,5,"Other: apprenticeships, vocational or work-related qualifications, other qualifications achieved in England or Wales, qualifications achieved outside England or Wales (equivalent not stated or unknown)",2,Male,9271
E12000007,London,15,Aged 75 to 79 years,5,Other ethnic group,-8,Does not apply,1,Female,0
E12000007,London,15,Aged 75 to 79 years,5,Other ethnic group,-8,Does not apply,2,Male,0
E12000007,London,15,Aged 75 to 79 years,5,Other ethnic group,0,No qualifications,1,Female,2189
E12000007,London,15,Aged 75 to 79 years,5,Other ethnic group,0,No qualifications,2,Male,1360
E12000007,London,15,Aged 75 to 79 years,5,Other ethnic group,1,"Level 1 and entry level qualifications: 1 to 4 GCSEs grade A* to C, Any GCSEs at other grades, O levels or CSEs (any grades), 1 AS level, NVQ level 1, Foundation GNVQ, Basic or Essential Skills",1,Female,339
E12000007,London,15,Aged 75 to 79 years,5,Other ethnic group,1,"Level 1 and entry level qualifications: 1 to 4 GCSEs grade A* to C, Any GCSEs at other grades, O levels or CSEs (any grades), 1 AS level, NVQ level 1, Foundation GNVQ, Basic or Essential Skills",2,Male,240
E12000007,London,15,Aged 75 to 79 years,5,Other ethnic group,2,"Level 2 qualifications: 5 or more GCSEs (A* to C or 9 to 4), O levels (passes), CSEs (grade 1), School Certification, 1 A level, 2 to 3 AS levels, VCEs, Intermediate or Higher Diploma, Welsh Baccalaureate Intermediate Diploma, NVQ level 2, Intermediate GNVQ, City and Guilds Craft, BTEC First or General Diploma, RSA Diploma",1,Female,199
E12000007,London,15,Aged 75 to 79 years,5,Other ethnic group,2,"Level 2 qualifications: 5 or more GCSEs (A* to C or 9 to 4), O levels (passes), CSEs (grade 1), School Certification, 1 A level, 2 to 3 AS levels, VCEs, Intermediate or Higher Diploma, Welsh Baccalaureate Intermediate Diploma, NVQ level 2, Intermediate GNVQ, City and Guilds Craft, BTEC First or General Diploma, RSA Diploma",2,Male,126
E12000007,London,15,Aged 75 to 79 years,5,Other ethnic group,3,"Level 3 qualifications: 2 or more A levels or VCEs, 4 or more AS levels, Higher School Certificate, Progression or Advanced Diploma, Welsh Baccalaureate Advance Diploma, NVQ level 3; Advanced GNVQ, City and Guilds Advanced Craft, ONC, OND, BTEC National, RSA Advanced Diploma",1,Female,189
E12000007,London,15,Aged 75 to 79 years,5,Other ethnic group,3,"Level 3 qualifications: 2 or more A levels or VCEs, 4 or more AS levels, Higher School Certificate, Progression or Advanced Diploma, Welsh Baccalaureate Advance Diploma, NVQ level 3; Advanced GNVQ, City and Guilds Advanced Craft, ONC, OND, BTEC National, RSA Advanced Diploma",2,Male,191
E12000007,London,15,Aged 75 to 79 years,5,Other ethnic group,4,"Level 4 qualifications or above: degree (BA, BSc), higher degree (MA, PhD, PGCE), NVQ level 4 to 5, HNC, HND, RSA Higher Diploma, BTEC Higher level, professional qualifications (for example, teaching, nursing, accountancy)",1,Female,928
E12000007,London,15,Aged 75 to 79 years,5,Other ethnic group,4,"Level 4 qualifications or above: degree (BA, BSc), higher degree (MA, PhD, PGCE), NVQ level 4 to 5, HNC, HND, RSA Higher Diploma, BTEC Higher level, professional qualifications (for example, teaching, nursing, accountancy)",2,Male,1289
E12000007,London,15,Aged 75 to 79 years,5,Other ethnic group,5,"Other: apprenticeships, vocational or work-related qualifications, other qualifications achieved in England or Wales, qualifications achieved outside England or Wales (equivalent not stated or unknown)",1,Female,311
E12000007,London,15,Aged 75 to 79 years,5,Other ethnic group,5,"Other: apprenticeships, vocational or work-related qualifications, other qualifications achieved in England or Wales, qualifications achieved outside England or Wales (equivalent not stated or unknown)",2,Male,376
E12000007,London,16,Aged 80 to 84 years,-8,Does not apply,-8,Does not apply,1,Female,0
E12000007,London,16,Aged 80 to 84 years,-8,Does not apply,-8,Does not apply,2,Male,0
E12000007,London,16,Aged 80 to 84 years,-8,Does not apply,0,No qualifications,1,Female,0
E12000007,London,16,Aged 80 to 84 years,-8,Does not apply,0,No qualifications,2,Male,0
E12000007,London,16,Aged 80 to 84 years,-8,Does not apply,1,"Level 1 and entry level qualifications: 1 to 4 GCSEs grade A* to C, Any GCSEs at other grades, O levels or CSEs (any grades), 1 AS level, NVQ level 1, Foundation GNVQ, Basic or Essential Skills",1,Female,0
E12000007,London,16,Aged 80 to 84 years,-8,Does not apply,1,"Level 1 and entry level qualifications: 1 to 4 GCSEs grade A* to C, Any GCSEs at other grades, O levels or CSEs (any grades), 1 AS level, NVQ level 1, Foundation GNVQ, Basic or Essential Skills",2,Male,0
E12000007,London,16,Aged 80 to 84 years,-8,Does not apply,2,"Level 2 qualifications: 5 or more GCSEs (A* to C or 9 to 4), O levels (passes), CSEs (grade 1), School Certification, 1 A level, 2 to 3 AS levels, VCEs, Intermediate or Higher Diploma, Welsh Baccalaureate Intermediate Diploma, NVQ level 2, Intermediate GNVQ, City and Guilds Craft, BTEC First or General Diploma, RSA Diploma",1,Female,0
E12000007,London,16,Aged 80 to 84 years,-8,Does not apply,2,"Level 2 qualifications: 5 or more GCSEs (A* to C or 9 to 4), O levels (passes), CSEs (grade 1), School Certification, 1 A level, 2 to 3 AS levels, VCEs, Intermediate or Higher Diploma, Welsh Baccalaureate Intermediate Diploma, NVQ level 2, Intermediate GNVQ, City and Guilds Craft, BTEC First or General Diploma, RSA Diploma",2,Male,0
E12000007,London,16,Aged 80 to 84 years,-8,Does not apply,3,"Level 3 qualifications: 2 or more A levels or VCEs, 4 or more AS levels, Higher School Certificate, Progression or Advanced Diploma, Welsh Baccalaureate Advance Diploma, NVQ level 3; Advanced GNVQ, City and Guilds Advanced Craft, ONC, OND, BTEC National, RSA Advanced Diploma",1,Female,0
E12000007,London,16,Aged 80 to 84 years,-8,Does not apply,3,"Level 3 qualifications: 2 or more A levels or VCEs, 4 or more AS levels, Higher School Certificate, Progression or Advanced Diploma, Welsh Baccalaureate Advance Diploma, NVQ level 3; Advanced GNVQ, City and Guilds Advanced Craft, ONC, OND, BTEC National, RSA Advanced Diploma",2,Male,0
E12000007,London,16,Aged 80 to 84 years,-8,Does not apply,4,"Level 4 qualifications or above: degree (BA, BSc), higher degree (MA, PhD, PGCE), NVQ level 4 to 5, HNC, HND, RSA Higher Diploma, BTEC Higher level, professional qualifications (for example, teaching, nursing, accountancy)",1,Female,0
E12000007,London,16,Aged 80 to 84 years,-8,Does not apply,4,"Level 4 qualifications or above: degree (BA, BSc), higher degree (MA, PhD, PGCE), NVQ level 4 to 5, HNC, HND, RSA Higher Diploma, BTEC Higher level, professional qualifications (for example, teaching, nursing, accountancy)",2,Male,0
E12000007,London,16,Aged 80 to 84 years,-8,Does not apply,5,"Other: apprenticeships, vocational or work-related qualifications, other qualifications achieved in England or Wales, qualifications achieved outside England or Wales (equivalent not stated or unknown)",1,Female,0
E12000007,London,16,Aged 80 to 84 years,-8,Does not apply,5,"Other: apprenticeships, vocational or work-related qualifications, other qualifications achieved in England or Wales, qualifications achieved outside England or Wales (equivalent not stated or unknown)",2,Male,0
E12000007,London,16,Aged 80 to 84 years,1,"Asian, Asian British or Asian Welsh",-8,Does not apply,1,Female,0
E12000007,London,16,Aged 80 to 84 years,1,"Asian, Asian British or Asian Welsh",-8,Does not apply,2,Male,0
E12000007,London,16,Aged 80 to 84 years,1,"Asian, Asian British or Asian Welsh",0,No qualifications,1,Female,6612
E12000007,London,16,Aged 80 to 84 years,1,"Asian, Asian British or Asian Welsh",0,No qualifications,2,Male,3728
E12000007,London,16,Aged 80 to 84 years,1,"Asian, Asian British or Asian Welsh",1,"Level 1 and entry level qualifications: 1 to 4 GCSEs grade A* to C, Any GCSEs at other grades, O levels or CSEs (any grades), 1 AS level, NVQ level 1, Foundation GNVQ, Basic or Essential Skills",1,Female,924
E12000007,London,16,Aged 80 to 84 years,1,"Asian, Asian British or Asian Welsh",1,"Level 1 and entry level qualifications: 1 to 4 GCSEs grade A* to C, Any GCSEs at other grades, O levels or CSEs (any grades), 1 AS level, NVQ level 1, Foundation GNVQ, Basic or Essential Skills",2,Male,773
E12000007,London,16,Aged 80 to 84 years,1,"Asian, Asian British or Asian Welsh",2,"Level 2 qualifications: 5 or more GCSEs (A* to C or 9 to 4), O levels (passes), CSEs (grade 1), School Certification, 1 A level, 2 to 3 AS levels, VCEs, Intermediate or Higher Diploma, Welsh Baccalaureate Intermediate Diploma, NVQ level 2, Intermediate GNVQ, City and Guilds Craft, BTEC First or General Diploma, RSA Diploma",1,Female,506
E12000007,London,16,Aged 80 to 84 years,1,"Asian, Asian British or Asian Welsh",2,"Level 2 qualifications: 5 or more GCSEs (A* to C or 9 to 4), O levels (passes), CSEs (grade 1), School Certification, 1 A level, 2 to 3 AS levels, VCEs, Intermediate or Higher Diploma, Welsh Baccalaureate Intermediate Diploma, NVQ level 2, Intermediate GNVQ, City and Guilds Craft, BTEC First or General Diploma, RSA Diploma",2,Male,466
E12000007,London,16,Aged 80 to 84 years,1,"Asian, Asian British or Asian Welsh",3,"Level 3 qualifications: 2 or more A levels or VCEs, 4 or more AS levels, Higher School Certificate, Progression or Advanced Diploma, Welsh Baccalaureate Advance Diploma, NVQ level 3; Advanced GNVQ, City and Guilds Advanced Craft, ONC, OND, BTEC National, RSA Advanced Diploma",1,Female,350
E12000007,London,16,Aged 80 to 84 years,1,"Asian, Asian British or Asian Welsh",3,"Level 3 qualifications: 2 or more A levels or VCEs, 4 or more AS levels, Higher School Certificate, Progression or Advanced Diploma, Welsh Baccalaureate Advance Diploma, NVQ level 3; Advanced GNVQ, City and Guilds Advanced Craft, ONC, OND, BTEC National, RSA Advanced Diploma",2,Male,520
E12000007,London,16,Aged 80 to 84 years,1,"Asian, Asian British or Asian Welsh",4,"Level 4 qualifications or above: degree (BA, BSc), higher degree (MA, PhD, PGCE), NVQ level 4 to 5, HNC, HND, RSA Higher Diploma, BTEC Higher level, professional qualifications (for example, teaching, nursing, accountancy)",1,Female,1986
E12000007,London,16,Aged 80 to 84 years,1,"Asian, Asian British or Asian Welsh",4,"Level 4 qualifications or above: degree (BA, BSc), higher degree (MA, PhD, PGCE), NVQ level 4 to 5, HNC, HND, RSA Higher Diploma, BTEC Higher level, professional qualifications (for example, teaching, nursing, accountancy)",2,Male,3513
E12000007,London,16,Aged 80 to 84 years,1,"Asian, Asian British or Asian Welsh",5,"Other: apprenticeships, vocational or work-related qualifications, other qualifications achieved in England or Wales, qualifications achieved outside England or Wales (equivalent not stated or unknown)",1,Female,779
E12000007,London,16,Aged 80 to 84 years,1,"Asian, Asian British or Asian Welsh",5,"Other: apprenticeships, vocational or work-related qualifications, other qualifications achieved in England or Wales, qualifications achieved outside England or Wales (equivalent not stated or unknown)",2,Male,994
E12000007,London,16,Aged 80 to 84 years,2,"Black, Black British, Black Welsh, Caribbean or African",-8,Does not apply,1,Female,0
E12000007,London,16,Aged 80 to 84 years,2,"Black, Black British, Black Welsh, Caribbean or African",-8,Does not apply,2,Male,0
E12000007,London,16,Aged 80 to 84 years,2,"Black, Black British, Black Welsh, Caribbean or African",0,No qualifications,1,Female,4425
E12000007,London,16,Aged 80 to 84 years,2,"Black, Black British, Black Welsh, Caribbean or African",0,No qualifications,2,Male,2559
E12000007,London,16,Aged 80 to 84 years,2,"Black, Black British, Black Welsh, Caribbean or African",1,"Level 1 and entry level qualifications: 1 to 4 GCSEs grade A* to C, Any GCSEs at other grades, O levels or CSEs (any grades), 1 AS level, NVQ level 1, Foundation GNVQ, Basic or Essential Skills",1,Female,884
E12000007,London,16,Aged 80 to 84 years,2,"Black, Black British, Black Welsh, Caribbean or African",1,"Level 1 and entry level qualifications: 1 to 4 GCSEs grade A* to C, Any GCSEs at other grades, O levels or CSEs (any grades), 1 AS level, NVQ level 1, Foundation GNVQ, Basic or Essential Skills",2,Male,412
E12000007,London,16,Aged 80 to 84 years,2,"Black, Black British, Black Welsh, Caribbean or African",2,"Level 2 qualifications: 5 or more GCSEs (A* to C or 9 to 4), O levels (passes), CSEs (grade 1), School Certification, 1 A level, 2 to 3 AS levels, VCEs, Intermediate or Higher Diploma, Welsh Baccalaureate Intermediate Diploma, NVQ level 2, Intermediate GNVQ, City and Guilds Craft, BTEC First or General Diploma, RSA Diploma",1,Female,404
E12000007,London,16,Aged 80 to 84 years,2,"Black, Black British, Black Welsh, Caribbean or African",2,"Level 2 qualifications: 5 or more GCSEs (A* to C or 9 to 4), O levels (passes), CSEs (grade 1), School Certification, 1 A level, 2 to 3 AS levels, VCEs, Intermediate or Higher Diploma, Welsh Baccalaureate Intermediate Diploma, NVQ level 2, Intermediate GNVQ, City and Guilds Craft, BTEC First or General Diploma, RSA Diploma",2,Male,214
E12000007,London,16,Aged 80 to 84 years,2,"Black, Black British, Black Welsh, Caribbean or African",3,"Level 3 qualifications: 2 or more A levels or VCEs, 4 or more AS levels, Higher School Certificate, Progression or Advanced Diploma, Welsh Baccalaureate Advance Diploma, NVQ level 3; Advanced GNVQ, City and Guilds Advanced Craft, ONC, OND, BTEC National, RSA Advanced Diploma",1,Female,360
E12000007,London,16,Aged 80 to 84 years,2,"Black, Black British, Black Welsh, Caribbean or African",3,"Level 3 qualifications: 2 or more A levels or VCEs, 4 or more AS levels, Higher School Certificate, Progression or Advanced Diploma, Welsh Baccalaureate Advance Diploma, NVQ level 3; Advanced GNVQ, City and Guilds Advanced Craft, ONC, OND, BTEC National, RSA Advanced Diploma",2,Male,385
E12000007,London,16,Aged 80 to 84 years,2,"Black, Black British, Black Welsh, Caribbean or African",4,"Level 4 qualifications or above: degree (BA, BSc), higher degree (MA, PhD, PGCE), NVQ level 4 to 5, HNC, HND, RSA Higher Diploma, BTEC Higher level, professional qualifications (for example, teaching, nursing, accountancy)",1,Female,1747
E12000007,London,16,Aged 80 to 84 years,2,"Black, Black British, Black Welsh, Caribbean or African",4,"Level 4 qualifications or above: degree (BA, BSc), higher degree (MA, PhD, PGCE), NVQ level 4 to 5, HNC, HND, RSA Higher Diploma, BTEC Higher level, professional qualifications (for example, teaching, nursing, accountancy)",2,Male,1318
E12000007,London,16,Aged 80 to 84 years,2,"Black, Black British, Black Welsh, Caribbean or African",5,"Other: apprenticeships, vocational or work-related qualifications, other qualifications achieved in England or Wales, qualifications achieved outside England or Wales (equivalent not stated or unknown)",1,Female,1015
E12000007,London,16,Aged 80 to 84 years,2,"Black, Black British, Black Welsh, Caribbean or African",5,"Other: apprenticeships, vocational or work-related qualifications, other qualifications achieved in England or Wales, qualifications achieved outside England or Wales (equivalent not stated or unknown)",2,Male,1007
E12000007,London,16,Aged 80 to 84 years,3,Mixed or Multiple ethnic groups,-8,Does not apply,1,Female,0
E12000007,London,16,Aged 80 to 84 years,3,Mixed or Multiple ethnic groups,-8,Does not apply,2,Male,0
E12000007,London,16,Aged 80 to 84 years,3,Mixed or Multiple ethnic groups,0,No qualifications,1,Female,305
E12000007,London,16,Aged 80 to 84 years,3,Mixed or Multiple ethnic groups,0,No qualifications,2,Male,230
E12000007,London,16,Aged 80 to 84 years,3,Mixed or Multiple ethnic groups,1,"Level 1 and entry level qualifications: 1 to 4 GCSEs grade A* to C, Any GCSEs at other grades, O levels or CSEs (any grades), 1 AS level, NVQ level 1, Foundation GNVQ, Basic or Essential Skills",1,Female,99
E12000007,London,16,Aged 80 to 84 years,3,Mixed or Multiple ethnic groups,1,"Level 1 and entry level qualifications: 1 to 4 GCSEs grade A* to C, Any GCSEs at other grades, O levels or CSEs (any grades), 1 AS level, NVQ level 1, Foundation GNVQ, Basic or Essential Skills",2,Male,57
E12000007,London,16,Aged 80 to 84 years,3,Mixed or Multiple ethnic groups,2,"Level 2 qualifications: 5 or more GCSEs (A* to C or 9 to 4), O levels (passes), CSEs (grade 1), School Certification, 1 A level, 2 to 3 AS levels, VCEs, Intermediate or Higher Diploma, Welsh Baccalaureate Intermediate Diploma, NVQ level 2, Intermediate GNVQ, City and Guilds Craft, BTEC First or General Diploma, RSA Diploma",1,Female,84
E12000007,London,16,Aged 80 to 84 years,3,Mixed or Multiple ethnic groups,2,"Level 2 qualifications: 5 or more GCSEs (A* to C or 9 to 4), O levels (passes), CSEs (grade 1), School Certification, 1 A level, 2 to 3 AS levels, VCEs, Intermediate or Higher Diploma, Welsh Baccalaureate Intermediate Diploma, NVQ level 2, Intermediate GNVQ, City and Guilds Craft, BTEC First or General Diploma, RSA Diploma",2,Male,34
E12000007,London,16,Aged 80 to 84 years,3,Mixed or Multiple ethnic groups,3,"Level 3 qualifications: 2 or more A levels or VCEs, 4 or more AS levels, Higher School Certificate, Progression or Advanced Diploma, Welsh Baccalaureate Advance Diploma, NVQ level 3; Advanced GNVQ, City and Guilds Advanced Craft, ONC, OND, BTEC National, RSA Advanced Diploma",1,Female,55
E12000007,London,16,Aged 80 to 84 years,3,Mixed or Multiple ethnic groups,3,"Level 3 qualifications: 2 or more A levels or VCEs, 4 or more AS levels, Higher School Certificate, Progression or Advanced Diploma, Welsh Baccalaureate Advance Diploma, NVQ level 3; Advanced GNVQ, City and Guilds Advanced Craft, ONC, OND, BTEC National, RSA Advanced Diploma",2,Male,48
E12000007,London,16,Aged 80 to 84 years,3,Mixed or Multiple ethnic groups,4,"Level 4 qualifications or above: degree (BA, BSc), higher degree (MA, PhD, PGCE), NVQ level 4 to 5, HNC, HND, RSA Higher Diploma, BTEC Higher level, professional qualifications (for example, teaching, nursing, accountancy)",1,Female,231
E12000007,London,16,Aged 80 to 84 years,3,Mixed or Multiple ethnic groups,4,"Level 4 qualifications or above: degree (BA, BSc), higher degree (MA, PhD, PGCE), NVQ level 4 to 5, HNC, HND, RSA Higher Diploma, BTEC Higher level, professional qualifications (for example, teaching, nursing, accountancy)",2,Male,239
E12000007,London,16,Aged 80 to 84 years,3,Mixed or Multiple ethnic groups,5,"Other: apprenticeships, vocational or work-related qualifications, other qualifications achieved in England or Wales, qualifications achieved outside England or Wales (equivalent not stated or unknown)",1,Female,109
E12000007,London,16,Aged 80 to 84 years,3,Mixed or Multiple ethnic groups,5,"Other: apprenticeships, vocational or work-related qualifications, other qualifications achieved in England or Wales, qualifications achieved outside England or Wales (equivalent not stated or unknown)",2,Male,136
E12000007,London,16,Aged 80 to 84 years,4,White,-8,Does not apply,1,Female,0
E12000007,London,16,Aged 80 to 84 years,4,White,-8,Does not apply,2,Male,0
E12000007,London,16,Aged 80 to 84 years,4,White,0,No qualifications,1,Female,27698
E12000007,London,16,Aged 80 to 84 years,4,White,0,No qualifications,2,Male,15028
E12000007,London,16,Aged 80 to 84 years,4,White,1,"Level 1 and entry level qualifications: 1 to 4 GCSEs grade A* to C, Any GCSEs at other grades, O levels or CSEs (any grades), 1 AS level, NVQ level 1, Foundation GNVQ, Basic or Essential Skills",1,Female,5172
E12000007,London,16,Aged 80 to 84 years,4,White,1,"Level 1 and entry level qualifications: 1 to 4 GCSEs grade A* to C, Any GCSEs at other grades, O levels or CSEs (any grades), 1 AS level, NVQ level 1, Foundation GNVQ, Basic or Essential Skills",2,Male,2276
E12000007,London,16,Aged 80 to 84 years,4,White,2,"Level 2 qualifications: 5 or more GCSEs (A* to C or 9 to 4), O levels (passes), CSEs (grade 1), School Certification, 1 A level, 2 to 3 AS levels, VCEs, Intermediate or Higher Diploma, Welsh Baccalaureate Intermediate Diploma, NVQ level 2, Intermediate GNVQ, City and Guilds Craft, BTEC First or General Diploma, RSA Diploma",1,Female,4283
E12000007,London,16,Aged 80 to 84 years,4,White,2,"Level 2 qualifications: 5 or more GCSEs (A* to C or 9 to 4), O levels (passes), CSEs (grade 1), School Certification, 1 A level, 2 to 3 AS levels, VCEs, Intermediate or Higher Diploma, Welsh Baccalaureate Intermediate Diploma, NVQ level 2, Intermediate GNVQ, City and Guilds Craft, BTEC First or General Diploma, RSA Diploma",2,Male,1920
E12000007,London,16,Aged 80 to 84 years,4,White,3,"Level 3 qualifications: 2 or more A levels or VCEs, 4 or more AS levels, Higher School Certificate, Progression or Advanced Diploma, Welsh Baccalaureate Advance Diploma, NVQ level 3; Advanced GNVQ, City and Guilds Advanced Craft, ONC, OND, BTEC National, RSA Advanced Diploma",1,Female,2559
E12000007,London,16,Aged 80 to 84 years,4,White,3,"Level 3 qualifications: 2 or more A levels or VCEs, 4 or more AS levels, Higher School Certificate, Progression or Advanced Diploma, Welsh Baccalaureate Advance Diploma, NVQ level 3; Advanced GNVQ, City and Guilds Advanced Craft, ONC, OND, BTEC National, RSA Advanced Diploma",2,Male,2736
E12000007,London,16,Aged 80 to 84 years,4,White,4,"Level 4 qualifications or above: degree (BA, BSc), higher degree (MA, PhD, PGCE), NVQ level 4 to 5, HNC, HND, RSA Higher Diploma, BTEC Higher level, professional qualifications (for example, teaching, nursing, accountancy)",1,Female,9926
E12000007,London,16,Aged 80 to 84 years,4,White,4,"Level 4 qualifications or above: degree (BA, BSc), higher degree (MA, PhD, PGCE), NVQ level 4 to 5, HNC, HND, RSA Higher Diploma, BTEC Higher level, professional qualifications (for example, teaching, nursing, accountancy)",2,Male,10552
E12000007,London,16,Aged 80 to 84 years,4,White,5,"Other: apprenticeships, vocational or work-related qualifications, other qualifications achieved in England or Wales, qualifications achieved outside England or Wales (equivalent not stated or unknown)",1,Female,5017
E12000007,London,16,Aged 80 to 84 years,4,White,5,"Other: apprenticeships, vocational or work-related qualifications, other qualifications achieved in England or Wales, qualifications achieved outside England or Wales (equivalent not stated or unknown)",2,Male,6918
E12000007,London,16,Aged 80 to 84 years,5,Other ethnic group,-8,Does not apply,1,Female,0
E12000007,London,16,Aged 80 to 84 years,5,Other ethnic group,-8,Does not apply,2,Male,0
E12000007,London,16,Aged 80 to 84 years,5,Other ethnic group,0,No qualifications,1,Female,1805
E12000007,London,16,Aged 80 to 84 years,5,Other ethnic group,0,No qualifications,2,Male,980
E12000007,London,16,Aged 80 to 84 years,5,Other ethnic group,1,"Level 1 and entry level qualifications: 1 to 4 GCSEs grade A* to C, Any GCSEs at other grades, O levels or CSEs (any grades), 1 AS level, NVQ level 1, Foundation GNVQ, Basic or Essential Skills",1,Female,209
E12000007,London,16,Aged 80 to 84 years,5,Other ethnic group,1,"Level 1 and entry level qualifications: 1 to 4 GCSEs grade A* to C, Any GCSEs at other grades, O levels or CSEs (any grades), 1 AS level, NVQ level 1, Foundation GNVQ, Basic or Essential Skills",2,Male,157
E12000007,London,16,Aged 80 to 84 years,5,Other ethnic group,2,"Level 2 qualifications: 5 or more GCSEs (A* to C or 9 to 4), O levels (passes), CSEs (grade 1), School Certification, 1 A level, 2 to 3 AS levels, VCEs, Intermediate or Higher Diploma, Welsh Baccalaureate Intermediate Diploma, NVQ level 2, Intermediate GNVQ, City and Guilds Craft, BTEC First or General Diploma, RSA Diploma",1,Female,92
E12000007,London,16,Aged 80 to 84 years,5,Other ethnic group,2,"Level 2 qualifications: 5 or more GCSEs (A* to C or 9 to 4), O levels (passes), CSEs (grade 1), School Certification, 1 A level, 2 to 3 AS levels, VCEs, Intermediate or Higher Diploma, Welsh Baccalaureate Intermediate Diploma, NVQ level 2, Intermediate GNVQ, City and Guilds Craft, BTEC First or General Diploma, RSA Diploma",2,Male,77
E12000007,London,16,Aged 80 to 84 years,5,Other ethnic group,3,"Level 3 qualifications: 2 or more A levels or VCEs, 4 or more AS levels, Higher School Certificate, Progression or Advanced Diploma, Welsh Baccalaureate Advance Diploma, NVQ level 3; Advanced GNVQ, City and Guilds Advanced Craft, ONC, OND, BTEC National, RSA Advanced Diploma",1,Female,104
E12000007,London,16,Aged 80 to 84 years,5,Other ethnic group,3,"Level 3 qualifications: 2 or more A levels or VCEs, 4 or more AS levels, Higher School Certificate, Progression or Advanced Diploma, Welsh Baccalaureate Advance Diploma, NVQ level 3; Advanced GNVQ, City and Guilds Advanced Craft, ONC, OND, BTEC National, RSA Advanced Diploma",2,Male,132
E12000007,London,16,Aged 80 to 84 years,5,Other ethnic group,4,"Level 4 qualifications or above: degree (BA, BSc), higher degree (MA, PhD, PGCE), NVQ level 4 to 5, HNC, HND, RSA Higher Diploma, BTEC Higher level, professional qualifications (for example, teaching, nursing, accountancy)",1,Female,452
E12000007,London,16,Aged 80 to 84 years,5,Other ethnic group,4,"Level 4 qualifications or above: degree (BA, BSc), higher degree (MA, PhD, PGCE), NVQ level 4 to 5, HNC, HND, RSA Higher Diploma, BTEC Higher level, professional qualifications (for example, teaching, nursing, accountancy)",2,Male,724
E12000007,London,16,Aged 80 to 84 years,5,Other ethnic group,5,"Other: apprenticeships, vocational or work-related qualifications, other qualifications achieved in England or Wales, qualifications achieved outside England or Wales (equivalent not stated or unknown)",1,Female,228
E12000007,London,16,Aged 80 to 84 years,5,Other ethnic group,5,"Other: apprenticeships, vocational or work-related qualifications, other qualifications achieved in England or Wales, qualifications achieved outside England or Wales (equivalent not stated or unknown)",2,Male,253
E12000007,London,17,Aged 85 years and over,-8,Does not apply,-8,Does not apply,1,Female,0
E12000007,London,17,Aged 85 years and over,-8,Does not apply,-8,Does not apply,2,Male,0
E12000007,London,17,Aged 85 years and over,-8,Does not apply,0,No qualifications,1,Female,0
E12000007,London,17,Aged 85 years and over,-8,Does not apply,0,No qualifications,2,Male,0
E12000007,London,17,Aged 85 years and over,-8,Does not apply,1,"Level 1 and entry level qualifications: 1 to 4 GCSEs grade A* to C, Any GCSEs at other grades, O levels or CSEs (any grades), 1 AS level, NVQ level 1, Foundation GNVQ, Basic or Essential Skills",1,Female,0
E12000007,London,17,Aged 85 years and over,-8,Does not apply,1,"Level 1 and entry level qualifications: 1 to 4 GCSEs grade A* to C, Any GCSEs at other grades, O levels or CSEs (any grades), 1 AS level, NVQ level 1, Foundation GNVQ, Basic or Essential Skills",2,Male,0
E12000007,London,17,Aged 85 years and over,-8,Does not apply,2,"Level 2 qualifications: 5 or more GCSEs (A* to C or 9 to 4), O levels (passes), CSEs (grade 1), School Certification, 1 A level, 2 to 3 AS levels, VCEs, Intermediate or Higher Diploma, Welsh Baccalaureate Intermediate Diploma, NVQ level 2, Intermediate GNVQ, City and Guilds Craft, BTEC First or General Diploma, RSA Diploma",1,Female,0
E12000007,London,17,Aged 85 years and over,-8,Does not apply,2,"Level 2 qualifications: 5 or more GCSEs (A* to C or 9 to 4), O levels (passes), CSEs (grade 1), School Certification, 1 A level, 2 to 3 AS levels, VCEs, Intermediate or Higher Diploma, Welsh Baccalaureate Intermediate Diploma, NVQ level 2, Intermediate GNVQ, City and Guilds Craft, BTEC First or General Diploma, RSA Diploma",2,Male,0
E12000007,London,17,Aged 85 years and over,-8,Does not apply,3,"Level 3 qualifications: 2 or more A levels or VCEs, 4 or more AS levels, Higher School Certificate, Progression or Advanced Diploma, Welsh Baccalaureate Advance Diploma, NVQ level 3; Advanced GNVQ, City and Guilds Advanced Craft, ONC, OND, BTEC National, RSA Advanced Diploma",1,Female,0
E12000007,London,17,Aged 85 years and over,-8,Does not apply,3,"Level 3 qualifications: 2 or more A levels or VCEs, 4 or more AS levels, Higher School Certificate, Progression or Advanced Diploma, Welsh Baccalaureate Advance Diploma, NVQ level 3; Advanced GNVQ, City and Guilds Advanced Craft, ONC, OND, BTEC National, RSA Advanced Diploma",2,Male,0
E12000007,London,17,Aged 85 years and over,-8,Does not apply,4,"Level 4 qualifications or above: degree (BA, BSc), higher degree (MA, PhD, PGCE), NVQ level 4 to 5, HNC, HND, RSA Higher Diploma, BTEC Higher level, professional qualifications (for example, teaching, nursing, accountancy)",1,Female,0
E12000007,London,17,Aged 85 years and over,-8,Does not apply,4,"Level 4 qualifications or above: degree (BA, BSc), higher degree (MA, PhD, PGCE), NVQ level 4 to 5, HNC, HND, RSA Higher Diploma, BTEC Higher level, professional qualifications (for example, teaching, nursing, accountancy)",2,Male,0
E12000007,London,17,Aged 85 years and over,-8,Does not apply,5,"Other: apprenticeships, vocational or work-related qualifications, other qualifications achieved in England or Wales, qualifications achieved outside England or Wales (equivalent not stated or unknown)",1,Female,0
E12000007,London,17,Aged 85 years and over,-8,Does not apply,5,"Other: apprenticeships, vocational or work-related qualifications, other qualifications achieved in England or Wales, qualifications achieved outside England or Wales (equivalent not stated or unknown)",2,Male,0
E12000007,London,17,Aged 85 years and over,1,"Asian, Asian British or Asian Welsh",-8,Does not apply,1,Female,0
E12000007,London,17,Aged 85 years and over,1,"Asian, Asian British or Asian Welsh",-8,Does not apply,2,Male,0
E12000007,London,17,Aged 85 years and over,1,"Asian, Asian British or Asian Welsh",0,No qualifications,1,Female,5609
E12000007,London,17,Aged 85 years and over,1,"Asian, Asian British or Asian Welsh",0,No qualifications,2,Male,2921
E12000007,London,17,Aged 85 years and over,1,"Asian, Asian British or Asian Welsh",1,"Level 1 and entry level qualifications: 1 to 4 GCSEs grade A* to C, Any GCSEs at other grades, O levels or CSEs (any grades), 1 AS level, NVQ level 1, Foundation GNVQ, Basic or Essential Skills",1,Female,485
E12000007,London,17,Aged 85 years and over,1,"Asian, Asian British or Asian Welsh",1,"Level 1 and entry level qualifications: 1 to 4 GCSEs grade A* to C, Any GCSEs at other grades, O levels or CSEs (any grades), 1 AS level, NVQ level 1, Foundation GNVQ, Basic or Essential Skills",2,Male,493
E12000007,London,17,Aged 85 years and over,1,"Asian, Asian British or Asian Welsh",2,"Level 2 qualifications: 5 or more GCSEs (A* to C or 9 to 4), O levels (passes), CSEs (grade 1), School Certification, 1 A level, 2 to 3 AS levels, VCEs, Intermediate or Higher Diploma, Welsh Baccalaureate Intermediate Diploma, NVQ level 2, Intermediate GNVQ, City and Guilds Craft, BTEC First or General Diploma, RSA Diploma",1,Female,275
E12000007,London,17,Aged 85 years and over,1,"Asian, Asian British or Asian Welsh",2,"Level 2 qualifications: 5 or more GCSEs (A* to C or 9 to 4), O levels (passes), CSEs (grade 1), School Certification, 1 A level, 2 to 3 AS levels, VCEs, Intermediate or Higher Diploma, Welsh Baccalaureate Intermediate Diploma, NVQ level 2, Intermediate GNVQ, City and Guilds Craft, BTEC First or General Diploma, RSA Diploma",2,Male,285
E12000007,London,17,Aged 85 years and over,1,"Asian, Asian British or Asian Welsh",3,"Level 3 qualifications: 2 or more A levels or VCEs, 4 or more AS levels, Higher School Certificate, Progression or Advanced Diploma, Welsh Baccalaureate Advance Diploma, NVQ level 3; Advanced GNVQ, City and Guilds Advanced Craft, ONC, OND, BTEC National, RSA Advanced Diploma",1,Female,192
E12000007,London,17,Aged 85 years and over,1,"Asian, Asian British or Asian Welsh",3,"Level 3 qualifications: 2 or more A levels or VCEs, 4 or more AS levels, Higher School Certificate, Progression or Advanced Diploma, Welsh Baccalaureate Advance Diploma, NVQ level 3; Advanced GNVQ, City and Guilds Advanced Craft, ONC, OND, BTEC National, RSA Advanced Diploma",2,Male,349
E12000007,London,17,Aged 85 years and over,1,"Asian, Asian British or Asian Welsh",4,"Level 4 qualifications or above: degree (BA, BSc), higher degree (MA, PhD, PGCE), NVQ level 4 to 5, HNC, HND, RSA Higher Diploma, BTEC Higher level, professional qualifications (for example, teaching, nursing, accountancy)",1,Female,963
E12000007,London,17,Aged 85 years and over,1,"Asian, Asian British or Asian Welsh",4,"Level 4 qualifications or above: degree (BA, BSc), higher degree (MA, PhD, PGCE), NVQ level 4 to 5, HNC, HND, RSA Higher Diploma, BTEC Higher level, professional qualifications (for example, teaching, nursing, accountancy)",2,Male,2050
E12000007,London,17,Aged 85 years and over,1,"Asian, Asian British or Asian Welsh",5,"Other: apprenticeships, vocational or work-related qualifications, other qualifications achieved in England or Wales, qualifications achieved outside England or Wales (equivalent not stated or unknown)",1,Female,436
E12000007,London,17,Aged 85 years and over,1,"Asian, Asian British or Asian Welsh",5,"Other: apprenticeships, vocational or work-related qualifications, other qualifications achieved in England or Wales, qualifications achieved outside England or Wales (equivalent not stated or unknown)",2,Male,717
E12000007,London,17,Aged 85 years and over,2,"Black, Black British, Black Welsh, Caribbean or African",-8,Does not apply,1,Female,0
E12000007,London,17,Aged 85 years and over,2,"Black, Black British, Black Welsh, Caribbean or African",-8,Does not apply,2,Male,0
E12000007,London,17,Aged 85 years and over,2,"Black, Black British, Black Welsh, Caribbean or African",0,No qualifications,1,Female,4170
E12000007,London,17,Aged 85 years and over,2,"Black, Black British, Black Welsh, Caribbean or African",0,No qualifications,2,Male,2297
E12000007,London,17,Aged 85 years and over,2,"Black, Black British, Black Welsh, Caribbean or African",1,"Level 1 and entry level qualifications: 1 to 4 GCSEs grade A* to C, Any GCSEs at other grades, O levels or CSEs (any grades), 1 AS level, NVQ level 1, Foundation GNVQ, Basic or Essential Skills",1,Female,698
E12000007,London,17,Aged 85 years and over,2,"Black, Black British, Black Welsh, Caribbean or African",1,"Level 1 and entry level qualifications: 1 to 4 GCSEs grade A* to C, Any GCSEs at other grades, O levels or CSEs (any grades), 1 AS level, NVQ level 1, Foundation GNVQ, Basic or Essential Skills",2,Male,296
E12000007,London,17,Aged 85 years and over,2,"Black, Black British, Black Welsh, Caribbean or African",2,"Level 2 qualifications: 5 or more GCSEs (A* to C or 9 to 4), O levels (passes), CSEs (grade 1), School Certification, 1 A level, 2 to 3 AS levels, VCEs, Intermediate or Higher Diploma, Welsh Baccalaureate Intermediate Diploma, NVQ level 2, Intermediate GNVQ, City and Guilds Craft, BTEC First or General Diploma, RSA Diploma",1,Female,223
E12000007,London,17,Aged 85 years and over,2,"Black, Black British, Black Welsh, Caribbean or African",2,"Level 2 qualifications: 5 or more GCSEs (A* to C or 9 to 4), O levels (passes), CSEs (grade 1), School Certification, 1 A level, 2 to 3 AS levels, VCEs, Intermediate or Higher Diploma, Welsh Baccalaureate Intermediate Diploma, NVQ level 2, Intermediate GNVQ, City and Guilds Craft, BTEC First or General Diploma, RSA Diploma",2,Male,120
E12000007,London,17,Aged 85 years and over,2,"Black, Black British, Black Welsh, Caribbean or African",3,"Level 3 qualifications: 2 or more A levels or VCEs, 4 or more AS levels, Higher School Certificate, Progression or Advanced Diploma, Welsh Baccalaureate Advance Diploma, NVQ level 3; Advanced GNVQ, City and Guilds Advanced Craft, ONC, OND, BTEC National, RSA Advanced Diploma",1,Female,246
E12000007,London,17,Aged 85 years and over,2,"Black, Black British, Black Welsh, Caribbean or African",3,"Level 3 qualifications: 2 or more A levels or VCEs, 4 or more AS levels, Higher School Certificate, Progression or Advanced Diploma, Welsh Baccalaureate Advance Diploma, NVQ level 3; Advanced GNVQ, City and Guilds Advanced Craft, ONC, OND, BTEC National, RSA Advanced Diploma",2,Male,207
E12000007,London,17,Aged 85 years and over,2,"Black, Black British, Black Welsh, Caribbean or African",4,"Level 4 qualifications or above: degree (BA, BSc), higher degree (MA, PhD, PGCE), NVQ level 4 to 5, HNC, HND, RSA Higher Diploma, BTEC Higher level, professional qualifications (for example, teaching, nursing, accountancy)",1,Female,1061
E12000007,London,17,Aged 85 years and over,2,"Black, Black British, Black Welsh, Caribbean or African",4,"Level 4 qualifications or above: degree (BA, BSc), higher degree (MA, PhD, PGCE), NVQ level 4 to 5, HNC, HND, RSA Higher Diploma, BTEC Higher level, professional qualifications (for example, teaching, nursing, accountancy)",2,Male,721
E12000007,London,17,Aged 85 years and over,2,"Black, Black British, Black Welsh, Caribbean or African",5,"Other: apprenticeships, vocational or work-related qualifications, other qualifications achieved in England or Wales, qualifications achieved outside England or Wales (equivalent not stated or unknown)",1,Female,823
E12000007,London,17,Aged 85 years and over,2,"Black, Black British, Black Welsh, Caribbean or African",5,"Other: apprenticeships, vocational or work-related qualifications, other qualifications achieved in England or Wales, qualifications achieved outside England or Wales (equivalent not stated or unknown)",2,Male,770
E12000007,London,17,Aged 85 years and over,3,Mixed or Multiple ethnic groups,-8,Does not apply,1,Female,0
E12000007,London,17,Aged 85 years and over,3,Mixed or Multiple ethnic groups,-8,Does not apply,2,Male,0
E12000007,London,17,Aged 85 years and over,3,Mixed or Multiple ethnic groups,0,No qualifications,1,Female,418
E12000007,London,17,Aged 85 years and over,3,Mixed or Multiple ethnic groups,0,No qualifications,2,Male,177
E12000007,London,17,Aged 85 years and over,3,Mixed or Multiple ethnic groups,1,"Level 1 and entry level qualifications: 1 to 4 GCSEs grade A* to C, Any GCSEs at other grades, O levels or CSEs (any grades), 1 AS level, NVQ level 1, Foundation GNVQ, Basic or Essential Skills",1,Female,94
E12000007,London,17,Aged 85 years and over,3,Mixed or Multiple ethnic groups,1,"Level 1 and entry level qualifications: 1 to 4 GCSEs grade A* to C, Any GCSEs at other grades, O levels or CSEs (any grades), 1 AS level, NVQ level 1, Foundation GNVQ, Basic or Essential Skills",2,Male,38
E12000007,London,17,Aged 85 years and over,3,Mixed or Multiple ethnic groups,2,"Level 2 qualifications: 5 or more GCSEs (A* to C or 9 to 4), O levels (passes), CSEs (grade 1), School Certification, 1 A level, 2 to 3 AS levels, VCEs, Intermediate or Higher Diploma, Welsh Baccalaureate Intermediate Diploma, NVQ level 2, Intermediate GNVQ, City and Guilds Craft, BTEC First or General Diploma, RSA Diploma",1,Female,73
E12000007,London,17,Aged 85 years and over,3,Mixed or Multiple ethnic groups,2,"Level 2 qualifications: 5 or more GCSEs (A* to C or 9 to 4), O levels (passes), CSEs (grade 1), School Certification, 1 A level, 2 to 3 AS levels, VCEs, Intermediate or Higher Diploma, Welsh Baccalaureate Intermediate Diploma, NVQ level 2, Intermediate GNVQ, City and Guilds Craft, BTEC First or General Diploma, RSA Diploma",2,Male,24
E12000007,London,17,Aged 85 years and over,3,Mixed or Multiple ethnic groups,3,"Level 3 qualifications: 2 or more A levels or VCEs, 4 or more AS levels, Higher School Certificate, Progression or Advanced Diploma, Welsh Baccalaureate Advance Diploma, NVQ level 3; Advanced GNVQ, City and Guilds Advanced Craft, ONC, OND, BTEC National, RSA Advanced Diploma",1,Female,49
E12000007,London,17,Aged 85 years and over,3,Mixed or Multiple ethnic groups,3,"Level 3 qualifications: 2 or more A levels or VCEs, 4 or more AS levels, Higher School Certificate, Progression or Advanced Diploma, Welsh Baccalaureate Advance Diploma, NVQ level 3; Advanced GNVQ, City and Guilds Advanced Craft, ONC, OND, BTEC National, RSA Advanced Diploma",2,Male,42
E12000007,London,17,Aged 85 years and over,3,Mixed or Multiple ethnic groups,4,"Level 4 qualifications or above: degree (BA, BSc), higher degree (MA, PhD, PGCE), NVQ level 4 to 5, HNC, HND, RSA Higher Diploma, BTEC Higher level, professional qualifications (for example, teaching, nursing, accountancy)",1,Female,221
E12000007,London,17,Aged 85 years and over,3,Mixed or Multiple ethnic groups,4,"Level 4 qualifications or above: degree (BA, BSc), higher degree (MA, PhD, PGCE), NVQ level 4 to 5, HNC, HND, RSA Higher Diploma, BTEC Higher level, professional qualifications (for example, teaching, nursing, accountancy)",2,Male,143
E12000007,London,17,Aged 85 years and over,3,Mixed or Multiple ethnic groups,5,"Other: apprenticeships, vocational or work-related qualifications, other qualifications achieved in England or Wales, qualifications achieved outside England or Wales (equivalent not stated or unknown)",1,Female,107
E12000007,London,17,Aged 85 years and over,3,Mixed or Multiple ethnic groups,5,"Other: apprenticeships, vocational or work-related qualifications, other qualifications achieved in England or Wales, qualifications achieved outside England or Wales (equivalent not stated or unknown)",2,Male,98
E12000007,London,17,Aged 85 years and over,4,White,-8,Does not apply,1,Female,0
E12000007,London,17,Aged 85 years and over,4,White,-8,Does not apply,2,Male,0
E12000007,London,17,Aged 85 years and over,4,White,0,No qualifications,1,Female,34786
E12000007,London,17,Aged 85 years and over,4,White,0,No qualifications,2,Male,14521
E12000007,London,17,Aged 85 years and over,4,White,1,"Level 1 and entry level qualifications: 1 to 4 GCSEs grade A* to C, Any GCSEs at other grades, O levels or CSEs (any grades), 1 AS level, NVQ level 1, Foundation GNVQ, Basic or Essential Skills",1,Female,3893
E12000007,London,17,Aged 85 years and over,4,White,1,"Level 1 and entry level qualifications: 1 to 4 GCSEs grade A* to C, Any GCSEs at other grades, O levels or CSEs (any grades), 1 AS level, NVQ level 1, Foundation GNVQ, Basic or Essential Skills",2,Male,1524
E12000007,London,17,Aged 85 years and over,4,White,2,"Level 2 qualifications: 5 or more GCSEs (A* to C or 9 to 4), O levels (passes), CSEs (grade 1), School Certification, 1 A level, 2 to 3 AS levels, VCEs, Intermediate or Higher Diploma, Welsh Baccalaureate Intermediate Diploma, NVQ level 2, Intermediate GNVQ, City and Guilds Craft, BTEC First or General Diploma, RSA Diploma",1,Female,3883
E12000007,London,17,Aged 85 years and over,4,White,2,"Level 2 qualifications: 5 or more GCSEs (A* to C or 9 to 4), O levels (passes), CSEs (grade 1), School Certification, 1 A level, 2 to 3 AS levels, VCEs, Intermediate or Higher Diploma, Welsh Baccalaureate Intermediate Diploma, NVQ level 2, Intermediate GNVQ, City and Guilds Craft, BTEC First or General Diploma, RSA Diploma",2,Male,1587
E12000007,London,17,Aged 85 years and over,4,White,3,"Level 3 qualifications: 2 or more A levels or VCEs, 4 or more AS levels, Higher School Certificate, Progression or Advanced Diploma, Welsh Baccalaureate Advance Diploma, NVQ level 3; Advanced GNVQ, City and Guilds Advanced Craft, ONC, OND, BTEC National, RSA Advanced Diploma",1,Female,2348
E12000007,London,17,Aged 85 years and over,4,White,3,"Level 3 qualifications: 2 or more A levels or VCEs, 4 or more AS levels, Higher School Certificate, Progression or Advanced Diploma, Welsh Baccalaureate Advance Diploma, NVQ level 3; Advanced GNVQ, City and Guilds Advanced Craft, ONC, OND, BTEC National, RSA Advanced Diploma",2,Male,2104
E12000007,London,17,Aged 85 years and over,4,White,4,"Level 4 qualifications or above: degree (BA, BSc), higher degree (MA, PhD, PGCE), NVQ level 4 to 5, HNC, HND, RSA Higher Diploma, BTEC Higher level, professional qualifications (for example, teaching, nursing, accountancy)",1,Female,8469
E12000007,London,17,Aged 85 years and over,4,White,4,"Level 4 qualifications or above: degree (BA, BSc), higher degree (MA, PhD, PGCE), NVQ level 4 to 5, HNC, HND, RSA Higher Diploma, BTEC Higher level, professional qualifications (for example, teaching, nursing, accountancy)",2,Male,8410
E12000007,London,17,Aged 85 years and over,4,White,5,"Other: apprenticeships, vocational or work-related qualifications, other qualifications achieved in England or Wales, qualifications achieved outside England or Wales (equivalent not stated or unknown)",1,Female,6515
E12000007,London,17,Aged 85 years and over,4,White,5,"Other: apprenticeships, vocational or work-related qualifications, other qualifications achieved in England or Wales, qualifications achieved outside England or Wales (equivalent not stated or unknown)",2,Male,6666
E12000007,London,17,Aged 85 years and over,5,Other ethnic group,-8,Does not apply,1,Female,0
E12000007,London,17,Aged 85 years and over,5,Other ethnic group,-8,Does not apply,2,Male,0
E12000007,London,17,Aged 85 years and over,5,Other ethnic group,0,No qualifications,1,Female,1605
E12000007,London,17,Aged 85 years and over,5,Other ethnic group,0,No qualifications,2,Male,765
E12000007,London,17,Aged 85 years and over,5,Other ethnic group,1,"Level 1 and entry level qualifications: 1 to 4 GCSEs grade A* to C, Any GCSEs at other grades, O levels or CSEs (any grades), 1 AS level, NVQ level 1, Foundation GNVQ, Basic or Essential Skills",1,Female,149
E12000007,London,17,Aged 85 years and over,5,Other ethnic group,1,"Level 1 and entry level qualifications: 1 to 4 GCSEs grade A* to C, Any GCSEs at other grades, O levels or CSEs (any grades), 1 AS level, NVQ level 1, Foundation GNVQ, Basic or Essential Skills",2,Male,78
E12000007,London,17,Aged 85 years and over,5,Other ethnic group,2,"Level 2 qualifications: 5 or more GCSEs (A* to C or 9 to 4), O levels (passes), CSEs (grade 1), School Certification, 1 A level, 2 to 3 AS levels, VCEs, Intermediate or Higher Diploma, Welsh Baccalaureate Intermediate Diploma, NVQ level 2, Intermediate GNVQ, City and Guilds Craft, BTEC First or General Diploma, RSA Diploma",1,Female,80
E12000007,London,17,Aged 85 years and over,5,Other ethnic group,2,"Level 2 qualifications: 5 or more GCSEs (A* to C or 9 to 4), O levels (passes), CSEs (grade 1), School Certification, 1 A level, 2 to 3 AS levels, VCEs, Intermediate or Higher Diploma, Welsh Baccalaureate Intermediate Diploma, NVQ level 2, Intermediate GNVQ, City and Guilds Craft, BTEC First or General Diploma, RSA Diploma",2,Male,47
E12000007,London,17,Aged 85 years and over,5,Other ethnic group,3,"Level 3 qualifications: 2 or more A levels or VCEs, 4 or more AS levels, Higher School Certificate, Progression or Advanced Diploma, Welsh Baccalaureate Advance Diploma, NVQ level 3; Advanced GNVQ, City and Guilds Advanced Craft, ONC, OND, BTEC National, RSA Advanced Diploma",1,Female,79
E12000007,London,17,Aged 85 years and over,5,Other ethnic group,3,"Level 3 qualifications: 2 or more A levels or VCEs, 4 or more AS levels, Higher School Certificate, Progression or Advanced Diploma, Welsh Baccalaureate Advance Diploma, NVQ level 3; Advanced GNVQ, City and Guilds Advanced Craft, ONC, OND, BTEC National, RSA Advanced Diploma",2,Male,83
E12000007,London,17,Aged 85 years and over,5,Other ethnic group,4,"Level 4 qualifications or above: degree (BA, BSc), higher degree (MA, PhD, PGCE), NVQ level 4 to 5, HNC, HND, RSA Higher Diploma, BTEC Higher level, professional qualifications (for example, teaching, nursing, accountancy)",1,Female,277
E12000007,London,17,Aged 85 years and over,5,Other ethnic group,4,"Level 4 qualifications or above: degree (BA, BSc), higher degree (MA, PhD, PGCE), NVQ level 4 to 5, HNC, HND, RSA Higher Diploma, BTEC Higher level, professional qualifications (for example, teaching, nursing, accountancy)",2,Male,437
E12000007,London,17,Aged 85 years and over,5,Other ethnic group,5,"Other: apprenticeships, vocational or work-related qualifications, other qualifications achieved in England or Wales, qualifications achieved outside England or Wales (equivalent not stated or unknown)",1,Female,175
E12000007,London,17,Aged 85 years and over,5,Other ethnic group,5,"Other: apprenticeships, vocational or work-related qualifications, other qualifications achieved in England or Wales, qualifications achieved outside England or Wales (equivalent not stated or unknown)",2,Male,186
